Actual Deterioration	Estimated Deterioration	Counts
0.1896551724137931	0.0	58
0.192	0.1	125
0.24719101123595505	0.2	178
0.3469387755102041	0.3	147
0.3488372093023256	0.4	86
0.5116279069767442	0.5	43
0.6086956521739131	0.6	23
0.7333333333333333	0.7	15
0.8	0.8	5
0.19230769230769232	0.0	52
0.1953125	0.1	128
0.3	0.2	180
0.2535211267605634	0.3	142
0.35789473684210527	0.4	95
0.5476190476190477	0.5	42
0.6521739130434783	0.6	23
0.8	0.7	15
0.6666666666666666	0.8	3
0.16363636363636364	0.0	55
0.20175438596491227	0.1	114
0.21348314606741572	0.2	178
0.3609467455621302	0.3	169
0.37349397590361444	0.4	83
0.5348837209302325	0.5	43
0.47058823529411764	0.6	17
0.8	0.7	10
1.0	0.8	7
0.75	0.9	4
0.1956521739130435	0.0	46
0.1791044776119403	0.1	134
0.23204419889502761	0.2	181
0.3419354838709677	0.3	155
0.4457831325301205	0.4	83
0.4418604651162791	0.5	43
0.7058823529411765	0.6	17
0.6428571428571429	0.7	14
0.8571428571428571	0.8	7
0.2608695652173913	0.0	46
0.14383561643835616	0.1	146
0.24848484848484848	0.2	165
0.34394904458598724	0.3	157
0.4235294117647059	0.4	85
0.4473684210526316	0.5	38
0.55	0.6	20
0.8	0.7	15
1.0	0.8	6
0.5	0.9	2
0.16	0.0	75
0.2198581560283688	0.1	141
0.27218934911242604	0.2	169
0.3028169014084507	0.3	142
0.38461538461538464	0.4	78
0.5483870967741935	0.5	31
0.6521739130434783	0.6	23
0.7857142857142857	0.7	14
0.8333333333333334	0.8	6
1.0	0.9	1
0.1702127659574468	0.0	47
0.1885245901639344	0.1	122
0.25903614457831325	0.2	166
0.32075471698113206	0.3	159
0.32989690721649484	0.4	97
0.5217391304347826	0.5	46
0.65	0.6	20
0.7647058823529411	0.7	17
0.6666666666666666	0.8	6
0.225	0.0	40
0.15079365079365079	0.1	126
0.28125	0.2	160
0.3131868131868132	0.3	182
0.35714285714285715	0.4	84
0.4888888888888889	0.5	45
0.5714285714285714	0.6	21
0.7894736842105263	0.7	19
0.6666666666666666	0.8	3
0.1875	0.0	48
0.1773049645390071	0.1	141
0.25316455696202533	0.2	158
0.3248407643312102	0.3	157
0.4065934065934066	0.4	91
0.46511627906976744	0.5	43
0.6153846153846154	0.6	26
0.7777777777777778	0.7	9
0.8571428571428571	0.8	7
0.2	0.0	45
0.18584070796460178	0.1	113
0.23353293413173654	0.2	167
0.31901840490797545	0.3	163
0.36	0.4	100
0.4897959183673469	0.5	49
0.5454545454545454	0.6	22
0.8333333333333334	0.7	12
0.875	0.8	8
1.0	0.9	1
0.1956521739130435	0.0	46
0.19658119658119658	0.1	117
0.2808988764044944	0.2	178
0.3006134969325153	0.3	163
0.3191489361702128	0.4	94
0.5428571428571428	0.5	35
0.5384615384615384	0.6	26
0.7272727272727273	0.7	11
0.9	0.8	10
0.1590909090909091	0.0	44
0.20149253731343283	0.1	134
0.28160919540229884	0.2	174
0.2866666666666667	0.3	150
0.37373737373737376	0.4	99
0.4878048780487805	0.5	41
0.5714285714285714	0.6	14
0.7692307692307693	0.7	13
0.9	0.8	10
1.0	0.9	1
0.19117647058823528	0.0	68
0.14173228346456693	0.1	127
0.30319148936170215	0.2	188
0.32142857142857145	0.3	140
0.34523809523809523	0.4	84
0.5277777777777778	0.5	36
0.7142857142857143	0.6	21
1.0	0.7	11
0.75	0.8	4
1.0	0.9	1
0.21568627450980393	0.0	51
0.16546762589928057	0.1	139
0.2958579881656805	0.2	169
0.2932330827067669	0.3	133
0.3333333333333333	0.4	96
0.5434782608695652	0.5	46
0.6086956521739131	0.6	23
0.6153846153846154	0.7	13
1.0	0.8	8
0.5	0.9	2
0.18181818181818182	0.0	55
0.17557251908396945	0.1	131
0.25903614457831325	0.2	166
0.33121019108280253	0.3	157
0.37	0.4	100
0.5641025641025641	0.5	39
0.6	0.6	15
0.9166666666666666	0.7	12
0.8	0.8	5
0.16363636363636364	0.0	55
0.175	0.1	120
0.24293785310734464	0.2	177
0.33088235294117646	0.3	136
0.3364485981308411	0.4	107
0.65	0.5	40
0.6363636363636364	0.6	22
0.7368421052631579	0.7	19
0.75	0.8	4
0.16666666666666666	0.0	54
0.18620689655172415	0.1	145
0.28901734104046245	0.2	173
0.3208955223880597	0.3	134
0.31958762886597936	0.4	97
0.5675675675675675	0.5	37
0.7222222222222222	0.6	18
0.75	0.7	16
0.8333333333333334	0.8	6
0.17307692307692307	0.0	52
0.21678321678321677	0.1	143
0.2887700534759358	0.2	187
0.2848101265822785	0.3	158
0.34328358208955223	0.4	67
0.5428571428571428	0.5	35
0.7647058823529411	0.6	17
0.8125	0.7	16
0.75	0.8	4
1.0	0.9	1
0.16666666666666666	0.0	60
0.21323529411764705	0.1	136
0.28160919540229884	0.2	174
0.31756756756756754	0.3	148
0.3116883116883117	0.4	77
0.5116279069767442	0.5	43
0.5789473684210527	0.6	19
0.7272727272727273	0.7	11
0.9	0.8	10
1.0	0.9	2
0.14285714285714285	0.0	56
0.21014492753623187	0.1	138
0.27325581395348836	0.2	172
0.3057324840764331	0.3	157
0.43902439024390244	0.4	82
0.4473684210526316	0.5	38
0.5909090909090909	0.6	22
0.9090909090909091	0.7	11
0.75	0.8	4
0.18604651162790697	0.0	43
0.14285714285714285	0.1	112
0.2849462365591398	0.2	186
0.33116883116883117	0.3	154
0.3076923076923077	0.4	91
0.46	0.5	50
0.65	0.6	20
0.7777777777777778	0.7	18
1.0	0.8	3
0.6666666666666666	0.9	3
0.16	0.0	50
0.2047244094488189	0.1	127
0.25555555555555554	0.2	180
0.3475609756097561	0.3	164
0.2891566265060241	0.4	83
0.6216216216216216	0.5	37
0.5714285714285714	0.6	21
0.8571428571428571	0.7	14
0.6666666666666666	0.8	3
1.0	0.9	1
0.13725490196078433	0.0	51
0.1888111888111888	0.1	143
0.27586206896551724	0.2	174
0.3254437869822485	0.3	169
0.40298507462686567	0.4	67
0.5116279069767442	0.5	43
0.6666666666666666	0.6	18
0.9166666666666666	0.7	12
0.6666666666666666	0.8	3
0.18867924528301888	0.0	53
0.15503875968992248	0.1	129
0.27011494252873564	0.2	174
0.33774834437086093	0.3	151
0.36363636363636365	0.4	99
0.5853658536585366	0.5	41
0.6111111111111112	0.6	18
0.8333333333333334	0.7	12
0.6666666666666666	0.8	3
0.1694915254237288	0.0	59
0.13846153846153847	0.1	130
0.26993865030674846	0.2	163
0.3374233128834356	0.3	163
0.4157303370786517	0.4	89
0.5555555555555556	0.5	36
0.5454545454545454	0.6	22
0.8666666666666667	0.7	15
0.6666666666666666	0.8	3
0.14583333333333334	0.0	48
0.19424460431654678	0.1	139
0.3020833333333333	0.2	192
0.3333333333333333	0.3	144
0.3253012048192771	0.4	83
0.47619047619047616	0.5	42
0.6666666666666666	0.6	15
0.7777777777777778	0.7	9
1.0	0.8	6
0.5	1.0	2
0.2	0.0	45
0.1693548387096774	0.1	124
0.24864864864864866	0.2	185
0.3227848101265823	0.3	158
0.375	0.4	88
0.5853658536585366	0.5	41
0.6666666666666666	0.6	15
0.7	0.7	20
0.75	0.8	4
0.18181818181818182	0.0	55
0.17037037037037037	0.1	135
0.2717391304347826	0.2	184
0.3511450381679389	0.3	131
0.3111111111111111	0.4	90
0.5853658536585366	0.5	41
0.5714285714285714	0.6	21
0.75	0.7	16
0.8571428571428571	0.8	7
0.11320754716981132	0.0	53
0.1935483870967742	0.1	124
0.2681564245810056	0.2	179
0.30612244897959184	0.3	147
0.3763440860215054	0.4	93
0.5813953488372093	0.5	43
0.6190476190476191	0.6	21
0.6363636363636364	0.7	11
0.875	0.8	8
1.0	0.9	1
0.17777777777777778	0.0	45
0.2066115702479339	0.1	121
0.26063829787234044	0.2	188
0.2945205479452055	0.3	146
0.34375	0.4	96
0.5348837209302325	0.5	43
0.5909090909090909	0.6	22
0.9333333333333333	0.7	15
1.0	0.8	2
0.5	0.9	2
0.16363636363636364	0.0	55
0.203125	0.1	128
0.27586206896551724	0.2	174
0.2913907284768212	0.3	151
0.3723404255319149	0.4	94
0.5476190476190477	0.5	42
0.6111111111111112	0.6	18
0.8571428571428571	0.7	14
0.75	0.8	4
0.14583333333333334	0.0	48
0.1897810218978102	0.1	137
0.2756756756756757	0.2	185
0.3202614379084967	0.3	153
0.4	0.4	80
0.5135135135135135	0.5	37
0.5263157894736842	0.6	19
0.7857142857142857	0.7	14
0.8571428571428571	0.8	7
0.19230769230769232	0.0	52
0.17647058823529413	0.1	119
0.2784090909090909	0.2	176
0.3037974683544304	0.3	158
0.336734693877551	0.4	98
0.5909090909090909	0.5	44
0.7142857142857143	0.6	14
0.6923076923076923	0.7	13
0.8333333333333334	0.8	6
0.15384615384615385	0.0	52
0.18487394957983194	0.1	119
0.2594594594594595	0.2	185
0.3287671232876712	0.3	146
0.3146067415730337	0.4	89
0.6046511627906976	0.5	43
0.6333333333333333	0.6	30
0.7272727272727273	0.7	11
0.8	0.8	5
0.17307692307692307	0.0	52
0.1956521739130435	0.1	138
0.25477707006369427	0.2	157
0.3333333333333333	0.3	153
0.37362637362637363	0.4	91
0.40476190476190477	0.5	42
0.6285714285714286	0.6	35
0.9	0.7	10
1.0	0.8	2
0.21818181818181817	0.0	55
0.1694915254237288	0.1	118
0.2751322751322751	0.2	189
0.310126582278481	0.3	158
0.36	0.4	75
0.5106382978723404	0.5	47
0.6	0.6	20
0.9	0.7	10
0.6666666666666666	0.8	6
1.0	0.9	2
0.2	0.0	55
0.2196969696969697	0.1	132
0.2513089005235602	0.2	191
0.2887323943661972	0.3	142
0.40789473684210525	0.4	76
0.5813953488372093	0.5	43
0.47368421052631576	0.6	19
0.7777777777777778	0.7	18
0.75	0.8	4
0.16279069767441862	0.0	43
0.1875	0.1	128
0.25	0.2	180
0.3312883435582822	0.3	163
0.4186046511627907	0.4	86
0.425531914893617	0.5	47
0.6875	0.6	16
0.8333333333333334	0.7	12
0.8	0.8	5
0.18181818181818182	0.0	55
0.17073170731707318	0.1	123
0.27325581395348836	0.2	172
0.3313253012048193	0.3	166
0.3626373626373626	0.4	91
0.5405405405405406	0.5	37
0.5	0.6	18
0.875	0.7	8
0.8888888888888888	0.8	9
1.0	0.9	1
0.23636363636363636	0.0	55
0.16428571428571428	0.1	140
0.281437125748503	0.2	167
0.32926829268292684	0.3	164
0.32142857142857145	0.4	84
0.6216216216216216	0.5	37
0.6153846153846154	0.6	13
0.7	0.7	10
1.0	0.8	8
0.5	0.9	2
0.19047619047619047	0.0	42
0.168	0.1	125
0.23756906077348067	0.2	181
0.3333333333333333	0.3	156
0.36666666666666664	0.4	90
0.5306122448979592	0.5	49
0.6842105263157895	0.6	19
0.8	0.7	15
1.0	0.8	3
0.15384615384615385	0.0	52
0.16541353383458646	0.1	133
0.2553191489361702	0.2	188
0.3741496598639456	0.3	147
0.36	0.4	75
0.5	0.5	46
0.5714285714285714	0.6	21
1.0	0.7	8
0.75	0.8	8
1.0	0.9	1
1.0	1.0	1
0.15217391304347827	0.0	46
0.1984732824427481	0.1	131
0.24456521739130435	0.2	184
0.3333333333333333	0.3	153
0.43529411764705883	0.4	85
0.4444444444444444	0.5	45
0.5882352941176471	0.6	17
0.7857142857142857	0.7	14
0.8	0.8	5
0.1956521739130435	0.0	46
0.16923076923076924	0.1	130
0.27607361963190186	0.2	163
0.32515337423312884	0.3	163
0.35051546391752575	0.4	97
0.5	0.5	38
0.5652173913043478	0.6	23
0.8	0.7	15
1.0	0.8	3
0.5	0.9	2
0.18333333333333332	0.0	60
0.1693548387096774	0.1	124
0.29120879120879123	0.2	182
0.2838709677419355	0.3	155
0.43902439024390244	0.4	82
0.5333333333333333	0.5	30
0.5185185185185185	0.6	27
0.7857142857142857	0.7	14
0.8333333333333334	0.8	6
0.2222222222222222	0.0	54
0.1984126984126984	0.1	126
0.25287356321839083	0.2	174
0.3108108108108108	0.3	148
0.34782608695652173	0.4	92
0.5	0.5	44
0.631578947368421	0.6	19
0.7777777777777778	0.7	18
0.8	0.8	5
0.17543859649122806	0.0	57
0.18253968253968253	0.1	126
0.26857142857142857	0.2	175
0.3181818181818182	0.3	154
0.35106382978723405	0.4	94
0.5833333333333334	0.5	36
0.65	0.6	20
0.8	0.7	10
0.875	0.8	8
0.20930232558139536	0.0	43
0.15942028985507245	0.1	138
0.24731182795698925	0.2	186
0.35570469798657717	0.3	149
0.35294117647058826	0.4	85
0.5897435897435898	0.5	39
0.6	0.6	20
0.7857142857142857	0.7	14
0.8333333333333334	0.8	6
0.19230769230769232	0.0	52
0.168	0.1	125
0.2774566473988439	0.2	173
0.33544303797468356	0.3	158
0.3263157894736842	0.4	95
0.5869565217391305	0.5	46
0.5555555555555556	0.6	18
0.8571428571428571	0.7	7
0.8333333333333334	0.8	6
0.1956521739130435	0.0	46
0.21705426356589147	0.1	129
0.23728813559322035	0.2	177
0.30718954248366015	0.3	153
0.3695652173913043	0.4	92
0.5510204081632653	0.5	49
0.631578947368421	0.6	19
0.8181818181818182	0.7	11
0.75	0.8	4
0.2	0.0	50
0.16923076923076924	0.1	130
0.24022346368715083	0.2	179
0.3959731543624161	0.3	149
0.30337078651685395	0.4	89
0.5208333333333334	0.5	48
0.6111111111111112	0.6	18
0.8333333333333334	0.7	12
0.8	0.8	5
0.1694915254237288	0.0	59
0.171875	0.1	128
0.25595238095238093	0.2	168
0.32450331125827814	0.3	151
0.43023255813953487	0.4	86
0.5434782608695652	0.5	46
0.5555555555555556	0.6	27
0.6363636363636364	0.7	11
0.75	0.8	4
0.20408163265306123	0.0	49
0.2066115702479339	0.1	121
0.25	0.2	172
0.2947976878612717	0.3	173
0.39473684210526316	0.4	76
0.48	0.5	50
0.631578947368421	0.6	19
0.8235294117647058	0.7	17
0.6666666666666666	0.8	3
0.1724137931034483	0.0	58
0.21428571428571427	0.1	126
0.25257731958762886	0.2	194
0.3472222222222222	0.3	144
0.39080459770114945	0.4	87
0.4594594594594595	0.5	37
0.6	0.6	15
0.7857142857142857	0.7	14
0.8	0.8	5
0.20454545454545456	0.0	44
0.18548387096774194	0.1	124
0.2529411764705882	0.2	170
0.32558139534883723	0.3	172
0.3333333333333333	0.4	84
0.5581395348837209	0.5	43
0.5416666666666666	0.6	24
0.8	0.7	15
0.75	0.8	4
0.25	0.0	48
0.171875	0.1	128
0.2648648648648649	0.2	185
0.3129251700680272	0.3	147
0.3373493975903614	0.4	83
0.52	0.5	50
0.6	0.6	20
0.8571428571428571	0.7	14
0.8	0.8	5
0.16666666666666666	0.0	48
0.17073170731707318	0.1	123
0.2698412698412698	0.2	189
0.3082191780821918	0.3	146
0.42424242424242425	0.4	99
0.4883720930232558	0.5	43
0.6666666666666666	0.6	18
0.7272727272727273	0.7	11
1.0	0.8	3
0.21428571428571427	0.0	56
0.2158273381294964	0.1	139
0.22941176470588234	0.2	170
0.32450331125827814	0.3	151
0.3707865168539326	0.4	89
0.5	0.5	32
0.7142857142857143	0.6	21
0.75	0.7	16
0.8333333333333334	0.8	6
0.2708333333333333	0.0	48
0.20588235294117646	0.1	136
0.25	0.2	188
0.2789115646258503	0.3	147
0.4578313253012048	0.4	83
0.4444444444444444	0.5	36
0.5652173913043478	0.6	23
0.7692307692307693	0.7	13
0.8333333333333334	0.8	6
0.20512820512820512	0.0	39
0.16129032258064516	0.1	124
0.2388888888888889	0.2	180
0.35	0.3	160
0.3626373626373626	0.4	91
0.4883720930232558	0.5	43
0.6363636363636364	0.6	22
0.7142857142857143	0.7	14
1.0	0.8	5
0.5	0.9	2
0.1568627450980392	0.0	51
0.17985611510791366	0.1	139
0.2839506172839506	0.2	162
0.2987012987012987	0.3	154
0.41304347826086957	0.4	92
0.46153846153846156	0.5	39
0.7083333333333334	0.6	24
0.6666666666666666	0.7	15
0.75	0.8	4
0.16363636363636364	0.0	55
0.216	0.1	125
0.24210526315789474	0.2	190
0.3246753246753247	0.3	154
0.375	0.4	80
0.5945945945945946	0.5	37
0.6206896551724138	0.6	29
1.0	0.7	3
0.8571428571428571	0.8	7
0.16666666666666666	0.0	60
0.19008264462809918	0.1	121
0.23595505617977527	0.2	178
0.35294117647058826	0.3	153
0.3924050632911392	0.4	79
0.4	0.5	50
0.7647058823529411	0.6	17
0.7272727272727273	0.7	11
0.8888888888888888	0.8	9
1.0	0.9	2
0.2222222222222222	0.0	54
0.17164179104477612	0.1	134
0.27672955974842767	0.2	159
0.3006535947712418	0.3	153
0.37	0.4	100
0.55	0.5	40
0.6111111111111112	0.6	18
0.6428571428571429	0.7	14
0.875	0.8	8
0.21739130434782608	0.0	46
0.16129032258064516	0.1	124
0.2727272727272727	0.2	176
0.34210526315789475	0.3	152
0.3125	0.4	96
0.5348837209302325	0.5	43
0.5217391304347826	0.6	23
0.7857142857142857	0.7	14
0.8333333333333334	0.8	6
0.1509433962264151	0.0	53
0.1694915254237288	0.1	118
0.22807017543859648	0.2	171
0.38125	0.3	160
0.3655913978494624	0.4	93
0.4	0.5	45
0.7037037037037037	0.6	27
0.9166666666666666	0.7	12
1.0	0.8	1
0.19148936170212766	0.0	47
0.19298245614035087	0.1	114
0.25862068965517243	0.2	174
0.3269230769230769	0.3	156
0.30097087378640774	0.4	103
0.5227272727272727	0.5	44
0.6764705882352942	0.6	34
0.8	0.7	5
1.0	0.8	3
0.2222222222222222	0.0	45
0.15625	0.1	128
0.2717391304347826	0.2	184
0.32679738562091504	0.3	153
0.325	0.4	80
0.5102040816326531	0.5	49
0.65	0.6	20
0.8125	0.7	16
0.8	0.8	5
0.22033898305084745	0.0	59
0.1958041958041958	0.1	143
0.25609756097560976	0.2	164
0.34615384615384615	0.3	156
0.3626373626373626	0.4	91
0.5625	0.5	32
0.5	0.6	16
0.7692307692307693	0.7	13
0.8	0.8	5
1.0	0.9	1
0.21428571428571427	0.0	42
0.19047619047619047	0.1	126
0.24875621890547264	0.2	201
0.34394904458598724	0.3	157
0.34146341463414637	0.4	82
0.5789473684210527	0.5	38
0.7142857142857143	0.6	14
0.6666666666666666	0.7	15
0.8	0.8	5
0.1702127659574468	0.0	47
0.18382352941176472	0.1	136
0.24	0.2	175
0.348993288590604	0.3	149
0.367816091954023	0.4	87
0.55	0.5	40
0.5	0.6	22
0.7647058823529411	0.7	17
0.8333333333333334	0.8	6
1.0	0.9	1
0.1956521739130435	0.0	46
0.16129032258064516	0.1	124
0.28	0.2	175
0.32857142857142857	0.3	140
0.33962264150943394	0.4	106
0.4716981132075472	0.5	53
0.7083333333333334	0.6	24
0.7777777777777778	0.7	9
0.6666666666666666	0.8	3
0.16	0.0	50
0.20833333333333334	0.1	120
0.23163841807909605	0.2	177
0.33986928104575165	0.3	153
0.3707865168539326	0.4	89
0.46153846153846156	0.5	52
0.631578947368421	0.6	19
0.7692307692307693	0.7	13
0.8571428571428571	0.8	7
0.22727272727272727	0.0	44
0.16037735849056603	0.1	106
0.23699421965317918	0.2	173
0.3058823529411765	0.3	170
0.39215686274509803	0.4	102
0.5813953488372093	0.5	43
0.48	0.6	25
0.8181818181818182	0.7	11
0.8333333333333334	0.8	6
0.18604651162790697	0.0	43
0.184	0.1	125
0.2441860465116279	0.2	172
0.32666666666666666	0.3	150
0.35294117647058826	0.4	102
0.5106382978723404	0.5	47
0.65	0.6	20
0.7777777777777778	0.7	18
0.6666666666666666	0.8	3
0.21568627450980393	0.0	51
0.14912280701754385	0.1	114
0.26	0.2	200
0.3103448275862069	0.3	145
0.39759036144578314	0.4	83
0.5227272727272727	0.5	44
0.625	0.6	24
0.7692307692307693	0.7	13
1.0	0.8	4
0.5	0.9	2
0.1836734693877551	0.0	49
0.18045112781954886	0.1	133
0.2556818181818182	0.2	176
0.35185185185185186	0.3	162
0.3253012048192771	0.4	83
0.5675675675675675	0.5	37
0.5714285714285714	0.6	21
0.8571428571428571	0.7	7
0.8	0.8	10
1.0	0.9	1
1.0	1.0	1
0.21568627450980393	0.0	51
0.17692307692307693	0.1	130
0.2542372881355932	0.2	177
0.35403726708074534	0.3	161
0.325	0.4	80
0.5	0.5	44
0.7142857142857143	0.6	21
0.7272727272727273	0.7	11
0.8	0.8	5
0.18518518518518517	0.0	54
0.18	0.1	150
0.27906976744186046	0.2	172
0.35570469798657717	0.3	149
0.3448275862068966	0.4	87
0.5161290322580645	0.5	31
0.7058823529411765	0.6	17
0.7142857142857143	0.7	14
0.8333333333333334	0.8	6
0.1836734693877551	0.0	49
0.21052631578947367	0.1	133
0.23295454545454544	0.2	176
0.3270440251572327	0.3	159
0.449438202247191	0.4	89
0.38095238095238093	0.5	42
0.7058823529411765	0.6	17
0.8888888888888888	0.7	9
0.8333333333333334	0.8	6
0.19148936170212766	0.0	47
0.15702479338842976	0.1	121
0.2554347826086957	0.2	184
0.3081761006289308	0.3	159
0.4	0.4	85
0.5909090909090909	0.5	44
0.5454545454545454	0.6	22
0.7777777777777778	0.7	9
1.0	0.8	7
0.5	0.9	2
0.16326530612244897	0.0	49
0.21481481481481482	0.1	135
0.23121387283236994	0.2	173
0.32894736842105265	0.3	152
0.3894736842105263	0.4	95
0.5384615384615384	0.5	39
0.631578947368421	0.6	19
0.7692307692307693	0.7	13
0.8	0.8	5
0.16666666666666666	0.0	48
0.14925373134328357	0.1	134
0.27624309392265195	0.2	181
0.3355263157894737	0.3	152
0.3333333333333333	0.4	84
0.55	0.5	40
0.782608695652174	0.6	23
0.7692307692307693	0.7	13
0.8	0.8	5
0.18867924528301888	0.0	53
0.18115942028985507	0.1	138
0.25862068965517243	0.2	174
0.3472222222222222	0.3	144
0.3372093023255814	0.4	86
0.5	0.5	42
0.64	0.6	25
0.7777777777777778	0.7	9
1.0	0.8	6
0.6666666666666666	0.9	3
0.1875	0.0	64
0.1917808219178082	0.1	146
0.2640449438202247	0.2	178
0.3380281690140845	0.3	142
0.36486486486486486	0.4	74
0.631578947368421	0.5	38
0.52	0.6	25
1.0	0.7	7
0.8333333333333334	0.8	6
0.17647058823529413	0.0	51
0.1885245901639344	0.1	122
0.24571428571428572	0.2	175
0.35526315789473684	0.3	152
0.3119266055045872	0.4	109
0.631578947368421	0.5	38
0.6923076923076923	0.6	26
0.8571428571428571	0.7	7
0.1702127659574468	0.0	47
0.1984126984126984	0.1	126
0.27835051546391754	0.2	194
0.3076923076923077	0.3	143
0.34831460674157305	0.4	89
0.5	0.5	40
0.6538461538461539	0.6	26
0.8181818181818182	0.7	11
0.75	0.8	4
0.1951219512195122	0.0	41
0.1592920353982301	0.1	113
0.2611111111111111	0.2	180
0.28205128205128205	0.3	156
0.41414141414141414	0.4	99
0.475	0.5	40
0.56	0.6	25
0.7058823529411765	0.7	17
0.8888888888888888	0.8	9
0.21428571428571427	0.0	42
0.16379310344827586	0.1	116
0.25654450261780104	0.2	191
0.3157894736842105	0.3	152
0.3522727272727273	0.4	88
0.5490196078431373	0.5	51
0.5789473684210527	0.6	19
0.7647058823529411	0.7	17
0.75	0.8	4
0.20454545454545456	0.0	44
0.19083969465648856	0.1	131
0.2558139534883721	0.2	172
0.32335329341317365	0.3	167
0.325	0.4	80
0.5714285714285714	0.5	42
0.5416666666666666	0.6	24
0.7333333333333333	0.7	15
1.0	0.8	4
1.0	0.9	1
0.16981132075471697	0.0	53
0.15702479338842976	0.1	121
0.26900584795321636	0.2	171
0.3619631901840491	0.3	163
0.3146067415730337	0.4	89
0.5555555555555556	0.5	45
0.5416666666666666	0.6	24
0.875	0.7	8
0.8333333333333334	0.8	6
0.2	0.0	50
0.17647058823529413	0.1	136
0.2545454545454545	0.2	165
0.32	0.3	150
0.3684210526315789	0.4	95
0.5588235294117647	0.5	34
0.5	0.6	28
0.8666666666666667	0.7	15
0.8571428571428571	0.8	7
0.1896551724137931	0.0	58
0.19166666666666668	0.1	120
0.24598930481283424	0.2	187
0.35714285714285715	0.3	154
0.3058823529411765	0.4	85
0.5897435897435898	0.5	39
0.6363636363636364	0.6	22
0.8571428571428571	0.7	14
1.0	0.8	1
0.21568627450980393	0.0	51
0.13533834586466165	0.1	133
0.26704545454545453	0.2	176
0.3522012578616352	0.3	159
0.38271604938271603	0.4	81
0.475	0.5	40
0.6666666666666666	0.6	21
0.625	0.7	8
1.0	0.8	8
0.6666666666666666	0.9	3
0.22580645161290322	0.0	62
0.1937984496124031	0.1	129
0.25870646766169153	0.2	201
0.3357664233576642	0.3	137
0.36486486486486486	0.4	74
0.5238095238095238	0.5	42
0.5333333333333333	0.6	15
0.8461538461538461	0.7	13
0.8571428571428571	0.8	7
0.20754716981132076	0.0	53
0.1532258064516129	0.1	124
0.2594594594594595	0.2	185
0.30434782608695654	0.3	161
0.41025641025641024	0.4	78
0.5777777777777777	0.5	45
0.6875	0.6	16
0.8461538461538461	0.7	13
0.8	0.8	5
0.22	0.0	50
0.15254237288135594	0.1	118
0.2647058823529412	0.2	170
0.2865853658536585	0.3	164
0.43820224719101125	0.4	89
0.4375	0.5	48
0.7	0.6	20
0.6666666666666666	0.7	12
1.0	0.8	7
0.5	0.9	2
0.15555555555555556	0.0	45
0.17829457364341086	0.1	129
0.25	0.2	180
0.3375796178343949	0.3	157
0.3645833333333333	0.4	96
0.5428571428571428	0.5	35
0.7142857142857143	0.6	21
0.8333333333333334	0.7	12
0.8	0.8	5
0.16666666666666666	0.0	48
0.16129032258064516	0.1	124
0.2648648648648649	0.2	185
0.3108108108108108	0.3	148
0.39080459770114945	0.4	87
0.5	0.5	48
0.6956521739130435	0.6	23
0.8181818181818182	0.7	11
0.8333333333333334	0.8	6
0.17647058823529413	0.0	51
0.1773049645390071	0.1	141
0.2839506172839506	0.2	162
0.3197278911564626	0.3	147
0.29591836734693877	0.4	98
0.6363636363636364	0.5	44
0.6666666666666666	0.6	18
0.7857142857142857	0.7	14
0.8	0.8	5
0.23636363636363636	0.0	55
0.2	0.1	135
0.2608695652173913	0.2	184
0.3184713375796178	0.3	157
0.38823529411764707	0.4	85
0.5172413793103449	0.5	29
0.5263157894736842	0.6	19
1.0	0.7	12
0.75	0.8	4
0.18181818181818182	0.0	44
0.17424242424242425	0.1	132
0.2235294117647059	0.2	170
0.35294117647058826	0.3	153
0.3804347826086957	0.4	92
0.5	0.5	46
0.5454545454545454	0.6	22
0.875	0.7	16
0.8	0.8	5
0.2	0.0	50
0.1532258064516129	0.1	124
0.30113636363636365	0.2	176
0.27631578947368424	0.3	152
0.3883495145631068	0.4	103
0.5454545454545454	0.5	33
0.6086956521739131	0.6	23
0.75	0.7	12
0.8571428571428571	0.8	7
0.16981132075471697	0.0	53
0.1896551724137931	0.1	116
0.24293785310734464	0.2	177
0.3310810810810811	0.3	148
0.38461538461538464	0.4	91
0.46808510638297873	0.5	47
0.5357142857142857	0.6	28
0.6666666666666666	0.7	6
0.9166666666666666	0.8	12
0.5	0.9	2
0.20512820512820512	0.0	39
0.1652892561983471	0.1	121
0.2857142857142857	0.2	182
0.27325581395348836	0.3	172
0.4069767441860465	0.4	86
0.5609756097560976	0.5	41
0.5454545454545454	0.6	22
0.8333333333333334	0.7	12
0.8	0.8	5
0.19148936170212766	0.0	47
0.16176470588235295	0.1	136
0.27011494252873564	0.2	174
0.31788079470198677	0.3	151
0.40425531914893614	0.4	94
0.475	0.5	40
0.6666666666666666	0.6	18
0.75	0.7	16
1.0	0.8	3
1.0	0.9	1
0.12903225806451613	0.0	62
0.21641791044776118	0.1	134
0.24719101123595505	0.2	178
0.34285714285714286	0.3	140
0.3793103448275862	0.4	87
0.5	0.5	40
0.6521739130434783	0.6	23
0.9090909090909091	0.7	11
0.8	0.8	5
0.21818181818181817	0.0	55
0.15492957746478872	0.1	142
0.25	0.2	172
0.3431952662721893	0.3	169
0.49333333333333335	0.4	75
0.45454545454545453	0.5	33
0.5263157894736842	0.6	19
1.0	0.7	8
0.8571428571428571	0.8	7
0.21666666666666667	0.0	60
0.17391304347826086	0.1	138
0.2832369942196532	0.2	173
0.3142857142857143	0.3	140
0.3804347826086957	0.4	92
0.43902439024390244	0.5	41
0.6842105263157895	0.6	19
0.9230769230769231	0.7	13
0.75	0.8	4
0.2037037037037037	0.0	54
0.18461538461538463	0.1	130
0.26666666666666666	0.2	180
0.30201342281879195	0.3	149
0.38461538461538464	0.4	91
0.5526315789473685	0.5	38
0.6875	0.6	16
0.5833333333333334	0.7	12
0.8888888888888888	0.8	9
1.0	0.9	1
0.18181818181818182	0.0	44
0.1864406779661017	0.1	118
0.2556818181818182	0.2	176
0.30952380952380953	0.3	168
0.3595505617977528	0.4	89
0.5945945945945946	0.5	37
0.5	0.6	26
0.7142857142857143	0.7	14
0.8571428571428571	0.8	7
1.0	0.9	1
0.15555555555555556	0.0	45
0.21739130434782608	0.1	138
0.23870967741935484	0.2	155
0.3270440251572327	0.3	159
0.33695652173913043	0.4	92
0.5	0.5	44
0.5652173913043478	0.6	23
0.7333333333333333	0.7	15
0.8888888888888888	0.8	9
0.22	0.0	50
0.16083916083916083	0.1	143
0.2832369942196532	0.2	173
0.31446540880503143	0.3	159
0.4230769230769231	0.4	78
0.45	0.5	40
0.6666666666666666	0.6	18
0.7692307692307693	0.7	13
0.8333333333333334	0.8	6
0.1875	0.0	48
0.19718309859154928	0.1	142
0.27472527472527475	0.2	182
0.29577464788732394	0.3	142
0.391304347826087	0.4	92
0.5121951219512195	0.5	41
0.6666666666666666	0.6	12
0.75	0.7	12
0.875	0.8	8
1.0	0.9	1
0.19298245614035087	0.0	57
0.18487394957983194	0.1	119
0.25142857142857145	0.2	175
0.34459459459459457	0.3	148
0.3333333333333333	0.4	96
0.574468085106383	0.5	47
0.47058823529411764	0.6	17
0.7333333333333333	0.7	15
0.8333333333333334	0.8	6
0.20833333333333334	0.0	48
0.19166666666666668	0.1	120
0.2905027932960894	0.2	179
0.2847682119205298	0.3	151
0.3431372549019608	0.4	102
0.48717948717948717	0.5	39
0.55	0.6	20
0.8461538461538461	0.7	13
0.8571428571428571	0.8	7
1.0	0.9	1
0.19148936170212766	0.0	47
0.18248175182481752	0.1	137
0.2620320855614973	0.2	187
0.31724137931034485	0.3	145
0.39759036144578314	0.4	83
0.5	0.5	46
0.6363636363636364	0.6	11
0.7333333333333333	0.7	15
0.875	0.8	8
1.0	0.9	1
0.23076923076923078	0.0	52
0.19047619047619047	0.1	147
0.28888888888888886	0.2	180
0.32	0.3	150
0.29850746268656714	0.4	67
0.5581395348837209	0.5	43
0.45	0.6	20
0.8666666666666667	0.7	15
0.8	0.8	5
1.0	0.9	1
0.23404255319148937	0.0	47
0.16071428571428573	0.1	112
0.2471264367816092	0.2	174
0.3419354838709677	0.3	155
0.29411764705882354	0.4	102
0.5652173913043478	0.5	46
0.5652173913043478	0.6	23
0.8	0.7	15
0.8333333333333334	0.8	6
0.18867924528301888	0.0	53
0.1885245901639344	0.1	122
0.2736842105263158	0.2	190
0.3181818181818182	0.3	154
0.345679012345679	0.4	81
0.4878048780487805	0.5	41
0.6521739130434783	0.6	23
0.8888888888888888	0.7	9
0.8571428571428571	0.8	7
0.22727272727272727	0.0	44
0.17037037037037037	0.1	135
0.28888888888888886	0.2	180
0.28846153846153844	0.3	156
0.35365853658536583	0.4	82
0.5	0.5	38
0.6538461538461539	0.6	26
0.8461538461538461	0.7	13
0.8333333333333334	0.8	6
0.17391304347826086	0.0	46
0.1956521739130435	0.1	138
0.28823529411764703	0.2	170
0.2838709677419355	0.3	155
0.37362637362637363	0.4	91
0.5853658536585366	0.5	41
0.45	0.6	20
0.875	0.7	16
0.6666666666666666	0.8	3
0.16326530612244897	0.0	49
0.19672131147540983	0.1	122
0.25668449197860965	0.2	187
0.3380281690140845	0.3	142
0.34782608695652173	0.4	92
0.5294117647058824	0.5	51
0.5217391304347826	0.6	23
0.8888888888888888	0.7	9
0.8	0.8	5
0.1724137931034483	0.0	58
0.2	0.1	115
0.2215909090909091	0.2	176
0.3248407643312102	0.3	157
0.42168674698795183	0.4	83
0.48936170212765956	0.5	47
0.5416666666666666	0.6	24
0.8666666666666667	0.7	15
0.75	0.8	4
1.0	0.9	1
0.2391304347826087	0.0	46
0.16393442622950818	0.1	122
0.2471264367816092	0.2	174
0.3466666666666667	0.3	150
0.32989690721649484	0.4	97
0.5454545454545454	0.5	44
0.43478260869565216	0.6	23
0.8125	0.7	16
0.8333333333333334	0.8	6
0.5	0.9	2
0.2549019607843137	0.0	51
0.14634146341463414	0.1	123
0.22699386503067484	0.2	163
0.33727810650887574	0.3	169
0.4105263157894737	0.4	95
0.5277777777777778	0.5	36
0.5	0.6	22
0.7692307692307693	0.7	13
0.875	0.8	8
0.15384615384615385	0.0	52
0.1736111111111111	0.1	144
0.2894736842105263	0.2	152
0.3132530120481928	0.3	166
0.36585365853658536	0.4	82
0.5102040816326531	0.5	49
0.75	0.6	16
0.75	0.7	12
0.8571428571428571	0.8	7
0.24528301886792453	0.0	53
0.208	0.1	125
0.24736842105263157	0.2	190
0.3150684931506849	0.3	146
0.34065934065934067	0.4	91
0.5757575757575758	0.5	33
0.68	0.6	25
0.7142857142857143	0.7	14
0.6666666666666666	0.8	3
0.16	0.0	50
0.1865671641791045	0.1	134
0.25133689839572193	0.2	187
0.36538461538461536	0.3	156
0.3448275862068966	0.4	87
0.6551724137931034	0.5	29
0.4444444444444444	0.6	18
0.9090909090909091	0.7	11
0.8	0.8	5
1.0	0.9	3
0.18867924528301888	0.0	53
0.2032520325203252	0.1	123
0.23295454545454544	0.2	176
0.3202614379084967	0.3	153
0.42391304347826086	0.4	92
0.4583333333333333	0.5	48
0.6	0.6	20
0.9	0.7	10
0.75	0.8	4
1.0	0.9	1
0.1702127659574468	0.0	47
0.18548387096774194	0.1	124
0.25443786982248523	0.2	169
0.3333333333333333	0.3	162
0.3645833333333333	0.4	96
0.4864864864864865	0.5	37
0.5333333333333333	0.6	30
1.0	0.7	10
0.8	0.8	5
0.14035087719298245	0.0	57
0.21374045801526717	0.1	131
0.26704545454545453	0.2	176
0.3051948051948052	0.3	154
0.42528735632183906	0.4	87
0.4722222222222222	0.5	36
0.5555555555555556	0.6	18
0.7272727272727273	0.7	11
1.0	0.8	7
1.0	0.9	1
0.5	1.0	2
0.16071428571428573	0.0	56
0.16541353383458646	0.1	133
0.2893081761006289	0.2	159
0.31645569620253167	0.3	158
0.3695652173913043	0.4	92
0.5476190476190477	0.5	42
0.5909090909090909	0.6	22
0.7272727272727273	0.7	11
1.0	0.8	5
0.5	0.9	2
0.18181818181818182	0.0	55
0.17518248175182483	0.1	137
0.2742857142857143	0.2	175
0.2898550724637681	0.3	138
0.43956043956043955	0.4	91
0.5	0.5	36
0.5384615384615384	0.6	26
0.6666666666666666	0.7	12
1.0	0.8	8
0.5	0.9	2
0.20754716981132076	0.0	53
0.1732283464566929	0.1	127
0.2710843373493976	0.2	166
0.2967741935483871	0.3	155
0.3541666666666667	0.4	96
0.6046511627906976	0.5	43
0.55	0.6	20
0.8125	0.7	16
0.75	0.8	4
0.14705882352941177	0.0	68
0.20967741935483872	0.1	124
0.22941176470588234	0.2	170
0.35135135135135137	0.3	148
0.358695652173913	0.4	92
0.6097560975609756	0.5	41
0.5789473684210527	0.6	19
0.8461538461538461	0.7	13
0.8	0.8	5
0.13725490196078433	0.0	51
0.18493150684931506	0.1	146
0.24260355029585798	0.2	169
0.3630952380952381	0.3	168
0.39705882352941174	0.4	68
0.5277777777777778	0.5	36
0.6153846153846154	0.6	26
0.8181818181818182	0.7	11
0.8	0.8	5
0.20408163265306123	0.0	49
0.18	0.1	150
0.2694610778443114	0.2	167
0.3197278911564626	0.3	147
0.375	0.4	80
0.5217391304347826	0.5	46
0.5238095238095238	0.6	21
0.8333333333333334	0.7	12
0.8571428571428571	0.8	7
1.0	0.9	1
0.1896551724137931	0.0	58
0.16521739130434782	0.1	115
0.2756756756756757	0.2	185
0.3443708609271523	0.3	151
0.30851063829787234	0.4	94
0.5121951219512195	0.5	41
0.75	0.6	20
0.7692307692307693	0.7	13
1.0	0.8	3
0.14814814814814814	0.0	54
0.1937984496124031	0.1	129
0.26666666666666666	0.2	165
0.34545454545454546	0.3	165
0.34831460674157305	0.4	89
0.4864864864864865	0.5	37
0.6153846153846154	0.6	26
0.7857142857142857	0.7	14
1.0	0.8	1
0.14285714285714285	0.0	56
0.19402985074626866	0.1	134
0.25862068965517243	0.2	174
0.34782608695652173	0.3	138
0.3684210526315789	0.4	95
0.5	0.5	40
0.6206896551724138	0.6	29
0.7692307692307693	0.7	13
1.0	0.8	1
0.19230769230769232	0.0	52
0.21323529411764705	0.1	136
0.25609756097560976	0.2	164
0.30666666666666664	0.3	150
0.38235294117647056	0.4	102
0.525	0.5	40
0.5263157894736842	0.6	19
0.8461538461538461	0.7	13
0.75	0.8	4
0.16326530612244897	0.0	49
0.20610687022900764	0.1	131
0.25287356321839083	0.2	174
0.34394904458598724	0.3	157
0.32967032967032966	0.4	91
0.5348837209302325	0.5	43
0.6	0.6	20
0.9090909090909091	0.7	11
0.75	0.8	4
0.22	0.0	50
0.19696969696969696	0.1	132
0.23809523809523808	0.2	189
0.33766233766233766	0.3	154
0.36363636363636365	0.4	77
0.5555555555555556	0.5	45
0.5625	0.6	16
0.9285714285714286	0.7	14
0.6666666666666666	0.8	3
0.16363636363636364	0.0	55
0.16806722689075632	0.1	119
0.25882352941176473	0.2	170
0.31210191082802546	0.3	157
0.3711340206185567	0.4	97
0.5952380952380952	0.5	42
0.6296296296296297	0.6	27
0.875	0.7	8
0.8	0.8	5
0.1836734693877551	0.0	49
0.18045112781954886	0.1	133
0.27411167512690354	0.2	197
0.31690140845070425	0.3	142
0.4523809523809524	0.4	84
0.2647058823529412	0.5	34
0.7727272727272727	0.6	22
0.7692307692307693	0.7	13
0.8333333333333334	0.8	6
0.16	0.0	50
0.19083969465648856	0.1	131
0.26136363636363635	0.2	176
0.34868421052631576	0.3	152
0.3076923076923077	0.4	91
0.6	0.5	35
0.5217391304347826	0.6	23
0.8235294117647058	0.7	17
0.8	0.8	5
0.22727272727272727	0.0	44
0.19852941176470587	0.1	136
0.26063829787234044	0.2	188
0.2692307692307692	0.3	130
0.36363636363636365	0.4	99
0.6052631578947368	0.5	38
0.5454545454545454	0.6	22
0.8235294117647058	0.7	17
0.8333333333333334	0.8	6
0.1956521739130435	0.0	46
0.16666666666666666	0.1	138
0.26857142857142857	0.2	175
0.325	0.3	160
0.39759036144578314	0.4	83
0.48717948717948717	0.5	39
0.6666666666666666	0.6	21
0.7692307692307693	0.7	13
0.8	0.8	5
0.19607843137254902	0.0	51
0.18253968253968253	0.1	126
0.2569832402234637	0.2	179
0.3333333333333333	0.3	147
0.36082474226804123	0.4	97
0.5	0.5	34
0.6470588235294118	0.6	34
0.75	0.7	8
0.75	0.8	4
0.24	0.0	50
0.13953488372093023	0.1	129
0.26344086021505375	0.2	186
0.3269230769230769	0.3	156
0.3625	0.4	80
0.6410256410256411	0.5	39
0.5263157894736842	0.6	19
0.8235294117647058	0.7	17
0.75	0.8	4
0.19230769230769232	0.0	52
0.15753424657534246	0.1	146
0.26627218934911245	0.2	169
0.3584905660377358	0.3	159
0.38028169014084506	0.4	71
0.4878048780487805	0.5	41
0.6086956521739131	0.6	23
0.6666666666666666	0.7	9
1.0	0.8	8
0.5	0.9	2
0.1935483870967742	0.0	62
0.13761467889908258	0.1	109
0.24870466321243523	0.2	193
0.37579617834394907	0.3	157
0.3380281690140845	0.4	71
0.5555555555555556	0.5	45
0.47619047619047616	0.6	21
0.8333333333333334	0.7	18
0.75	0.8	4
0.1836734693877551	0.0	49
0.16793893129770993	0.1	131
0.281437125748503	0.2	167
0.3090909090909091	0.3	165
0.3870967741935484	0.4	93
0.47368421052631576	0.5	38
0.6428571428571429	0.6	14
0.8333333333333334	0.7	18
0.8	0.8	5
0.16326530612244897	0.0	49
0.1810344827586207	0.1	116
0.2617801047120419	0.2	191
0.32653061224489793	0.3	147
0.35106382978723405	0.4	94
0.5319148936170213	0.5	47
0.6	0.6	20
0.9230769230769231	0.7	13
0.6666666666666666	0.8	3
0.14035087719298245	0.0	57
0.19230769230769232	0.1	130
0.25	0.2	180
0.3333333333333333	0.3	153
0.4266666666666667	0.4	75
0.48	0.5	50
0.6428571428571429	0.6	14
0.8	0.7	15
0.8	0.8	5
1.0	0.9	1
0.17857142857142858	0.0	56
0.17054263565891473	0.1	129
0.26857142857142857	0.2	175
0.31125827814569534	0.3	151
0.3793103448275862	0.4	87
0.5675675675675675	0.5	37
0.6	0.6	30
0.8571428571428571	0.7	7
1.0	0.8	6
0.5	0.9	2
0.2	0.0	55
0.23703703703703705	0.1	135
0.24157303370786518	0.2	178
0.2773722627737226	0.3	137
0.38095238095238093	0.4	105
0.6756756756756757	0.5	37
0.5	0.6	20
1.0	0.7	10
0.6666666666666666	0.8	3
0.17777777777777778	0.0	45
0.18253968253968253	0.1	126
0.25862068965517243	0.2	174
0.2980132450331126	0.3	151
0.38202247191011235	0.4	89
0.4423076923076923	0.5	52
0.7391304347826086	0.6	23
0.8	0.7	15
0.8	0.8	5
0.21568627450980393	0.0	51
0.176	0.1	125
0.21428571428571427	0.2	182
0.3624161073825503	0.3	149
0.43333333333333335	0.4	90
0.3888888888888889	0.5	36
0.6071428571428571	0.6	28
0.8	0.7	15
0.6666666666666666	0.8	3
1.0	0.9	1
0.15555555555555556	0.0	45
0.1875	0.1	128
0.2774566473988439	0.2	173
0.2974683544303797	0.3	158
0.3829787234042553	0.4	94
0.46511627906976744	0.5	43
0.7	0.6	20
0.7272727272727273	0.7	11
0.8571428571428571	0.8	7
1.0	0.9	1
0.1267605633802817	0.0	71
0.22137404580152673	0.1	131
0.2716049382716049	0.2	162
0.3161764705882353	0.3	136
0.3684210526315789	0.4	95
0.5609756097560976	0.5	41
0.5652173913043478	0.6	23
0.7058823529411765	0.7	17
0.75	0.8	4
0.16279069767441862	0.0	43
0.1773049645390071	0.1	141
0.3021978021978022	0.2	182
0.32450331125827814	0.3	151
0.3181818181818182	0.4	88
0.5128205128205128	0.5	39
0.6666666666666666	0.6	15
0.8235294117647058	0.7	17
0.75	0.8	4
0.1956521739130435	0.0	46
0.17796610169491525	0.1	118
0.23809523809523808	0.2	168
0.30864197530864196	0.3	162
0.40186915887850466	0.4	107
0.5	0.5	36
0.5652173913043478	0.6	23
0.8181818181818182	0.7	11
1.0	0.8	7
0.5	0.9	2
0.19642857142857142	0.0	56
0.1794871794871795	0.1	117
0.22727272727272727	0.2	176
0.345679012345679	0.3	162
0.38202247191011235	0.4	89
0.5476190476190477	0.5	42
0.5	0.6	18
0.8461538461538461	0.7	13
0.8	0.8	5
1.0	0.9	2
0.20754716981132076	0.0	53
0.15753424657534246	0.1	146
0.27011494252873564	0.2	174
0.3424657534246575	0.3	146
0.3548387096774194	0.4	93
0.6470588235294118	0.5	34
0.7058823529411765	0.6	17
0.7333333333333333	0.7	15
1.0	0.8	2
0.2	0.0	45
0.1893939393939394	0.1	132
0.23270440251572327	0.2	159
0.33125	0.3	160
0.31868131868131866	0.4	91
0.5625	0.5	48
0.6	0.6	25
0.8235294117647058	0.7	17
0.6666666666666666	0.8	3
0.15517241379310345	0.0	58
0.16666666666666666	0.1	132
0.23626373626373626	0.2	182
0.3933333333333333	0.3	150
0.375	0.4	72
0.5106382978723404	0.5	47
0.6551724137931034	0.6	29
0.8	0.7	5
0.8	0.8	5
0.21621621621621623	0.0	37
0.15748031496062992	0.1	127
0.2677595628415301	0.2	183
0.3219178082191781	0.3	146
0.3300970873786408	0.4	103
0.5263157894736842	0.5	38
0.6538461538461539	0.6	26
0.6666666666666666	0.7	9
1.0	0.8	7
0.75	0.9	4
0.1875	0.0	48
0.2066115702479339	0.1	121
0.26344086021505375	0.2	186
0.3096774193548387	0.3	155
0.3448275862068966	0.4	87
0.47619047619047616	0.5	42
0.631578947368421	0.6	19
0.8235294117647058	0.7	17
0.8	0.8	5
0.21818181818181817	0.0	55
0.192	0.1	125
0.24444444444444444	0.2	180
0.3263888888888889	0.3	144
0.36082474226804123	0.4	97
0.5833333333333334	0.5	36
0.4090909090909091	0.6	22
0.9375	0.7	16
0.8	0.8	5
0.16326530612244897	0.0	49
0.20863309352517986	0.1	139
0.287292817679558	0.2	181
0.2911392405063291	0.3	158
0.34328358208955223	0.4	67
0.5641025641025641	0.5	39
0.5384615384615384	0.6	26
0.8	0.7	15
0.8333333333333334	0.8	6
0.13725490196078433	0.0	51
0.22916666666666666	0.1	144
0.2864321608040201	0.2	199
0.27906976744186046	0.3	129
0.3695652173913043	0.4	92
0.5806451612903226	0.5	31
0.6666666666666666	0.6	15
0.8666666666666667	0.7	15
0.75	0.8	4
0.19148936170212766	0.0	47
0.2	0.1	155
0.2909090909090909	0.2	165
0.3092105263157895	0.3	152
0.3076923076923077	0.4	91
0.59375	0.5	32
0.65	0.6	20
0.9230769230769231	0.7	13
0.8	0.8	5
0.20408163265306123	0.0	49
0.15037593984962405	0.1	133
0.2787878787878788	0.2	165
0.3248407643312102	0.3	157
0.33707865168539325	0.4	89
0.5333333333333333	0.5	45
0.5714285714285714	0.6	21
0.7777777777777778	0.7	9
1.0	0.8	9
0.6666666666666666	0.9	3
0.14	0.0	50
0.1956521739130435	0.1	138
0.29411764705882354	0.2	170
0.28662420382165604	0.3	157
0.425	0.4	80
0.46	0.5	50
0.6666666666666666	0.6	15
0.7333333333333333	0.7	15
0.8	0.8	5
0.20454545454545456	0.0	44
0.16030534351145037	0.1	131
0.26436781609195403	0.2	174
0.34375	0.3	160
0.30851063829787234	0.4	94
0.6410256410256411	0.5	39
0.5714285714285714	0.6	21
0.8571428571428571	0.7	7
0.8571428571428571	0.8	7
0.6666666666666666	0.9	3
0.18518518518518517	0.0	54
0.15702479338842976	0.1	121
0.2543352601156069	0.2	173
0.33766233766233766	0.3	154
0.3473684210526316	0.4	95
0.5476190476190477	0.5	42
0.7222222222222222	0.6	18
0.7222222222222222	0.7	18
0.8	0.8	5
0.24	0.0	50
0.17142857142857143	0.1	140
0.26256983240223464	0.2	179
0.34146341463414637	0.3	164
0.3684210526315789	0.4	76
0.4411764705882353	0.5	34
0.7647058823529411	0.6	17
0.7857142857142857	0.7	14
0.8333333333333334	0.8	6
0.16666666666666666	0.0	42
0.17073170731707318	0.1	123
0.25903614457831325	0.2	166
0.32450331125827814	0.3	151
0.34951456310679613	0.4	103
0.4	0.5	45
0.6956521739130435	0.6	23
0.7368421052631579	0.7	19
0.875	0.8	8
0.19607843137254902	0.0	51
0.21739130434782608	0.1	138
0.2331288343558282	0.2	163
0.34394904458598724	0.3	157
0.34831460674157305	0.4	89
0.4090909090909091	0.5	44
0.7647058823529411	0.6	17
0.8125	0.7	16
0.8	0.8	5
0.19047619047619047	0.0	63
0.16	0.1	125
0.25748502994011974	0.2	167
0.34210526315789475	0.3	152
0.35802469135802467	0.4	81
0.5208333333333334	0.5	48
0.5652173913043478	0.6	23
0.7692307692307693	0.7	13
1.0	0.8	6
0.5	0.9	2
0.18867924528301888	0.0	53
0.1893939393939394	0.1	132
0.24855491329479767	0.2	173
0.32894736842105265	0.3	152
0.37349397590361444	0.4	83
0.5227272727272727	0.5	44
0.47619047619047616	0.6	21
0.8947368421052632	0.7	19
0.6666666666666666	0.8	3
0.25	0.0	52
0.1732283464566929	0.1	127
0.30256410256410254	0.2	195
0.27741935483870966	0.3	155
0.37333333333333335	0.4	75
0.48717948717948717	0.5	39
0.6666666666666666	0.6	18
0.75	0.7	12
1.0	0.8	5
0.5	0.9	2
0.1724137931034483	0.0	58
0.18518518518518517	0.1	135
0.28488372093023256	0.2	172
0.3	0.3	160
0.37142857142857144	0.4	70
0.6	0.5	45
0.5217391304347826	0.6	23
0.8461538461538461	0.7	13
0.75	0.8	4
0.18604651162790697	0.0	43
0.16666666666666666	0.1	120
0.2606060606060606	0.2	165
0.3392857142857143	0.3	168
0.33	0.4	100
0.5116279069767442	0.5	43
0.6	0.6	30
1.0	0.7	7
0.75	0.8	4
0.203125	0.0	64
0.16535433070866143	0.1	127
0.2698412698412698	0.2	189
0.32116788321167883	0.3	137
0.4074074074074074	0.4	81
0.5365853658536586	0.5	41
0.4444444444444444	0.6	18
0.8333333333333334	0.7	18
1.0	0.8	3
0.5	0.9	2
0.14035087719298245	0.0	57
0.19083969465648856	0.1	131
0.24861878453038674	0.2	181
0.3464052287581699	0.3	153
0.36486486486486486	0.4	74
0.5952380952380952	0.5	42
0.5454545454545454	0.6	22
0.8	0.7	15
0.8	0.8	5
0.21739130434782608	0.0	46
0.1452991452991453	0.1	117
0.24444444444444444	0.2	180
0.34177215189873417	0.3	158
0.37373737373737376	0.4	99
0.4634146341463415	0.5	41
0.6785714285714286	0.6	28
1.0	0.7	8
1.0	0.8	3
0.2	0.0	45
0.18811881188118812	0.1	101
0.24338624338624337	0.2	189
0.30718954248366015	0.3	153
0.3047619047619048	0.4	105
0.6521739130434783	0.5	46
0.5769230769230769	0.6	26
0.9	0.7	10
0.8	0.8	5
0.1702127659574468	0.0	47
0.1652892561983471	0.1	121
0.26881720430107525	0.2	186
0.32298136645962733	0.3	161
0.37209302325581395	0.4	86
0.5476190476190477	0.5	42
0.6470588235294118	0.6	17
0.6	0.7	10
1.0	0.8	8
0.5	0.9	2
0.16	0.0	50
0.19444444444444445	0.1	144
0.2832369942196532	0.2	173
0.32894736842105265	0.3	152
0.3333333333333333	0.4	87
0.574468085106383	0.5	47
0.6153846153846154	0.6	13
0.8888888888888888	0.7	9
0.8	0.8	5
0.28205128205128205	0.0	39
0.1415929203539823	0.1	113
0.24456521739130435	0.2	184
0.345679012345679	0.3	162
0.31868131868131866	0.4	91
0.5714285714285714	0.5	49
0.4583333333333333	0.6	24
0.8571428571428571	0.7	14
0.75	0.8	4
0.18518518518518517	0.0	54
0.19285714285714287	0.1	140
0.27710843373493976	0.2	166
0.31547619047619047	0.3	168
0.3287671232876712	0.4	73
0.5555555555555556	0.5	36
0.6086956521739131	0.6	23
0.8333333333333334	0.7	12
0.875	0.8	8
0.17307692307692307	0.0	52
0.1893939393939394	0.1	132
0.2573099415204678	0.2	171
0.3141025641025641	0.3	156
0.375	0.4	88
0.5833333333333334	0.5	36
0.6190476190476191	0.6	21
0.7142857142857143	0.7	21
0.6666666666666666	0.8	3
0.18181818181818182	0.0	55
0.18110236220472442	0.1	127
0.27835051546391754	0.2	194
0.29605263157894735	0.3	152
0.38666666666666666	0.4	75
0.575	0.5	40
0.65	0.6	20
0.8333333333333334	0.7	12
0.8	0.8	5
0.21428571428571427	0.0	42
0.15748031496062992	0.1	127
0.23636363636363636	0.2	165
0.34146341463414637	0.3	164
0.3448275862068966	0.4	87
0.5319148936170213	0.5	47
0.5925925925925926	0.6	27
0.75	0.7	16
0.8	0.8	5
0.18	0.0	50
0.17647058823529413	0.1	119
0.26744186046511625	0.2	172
0.29375	0.3	160
0.358695652173913	0.4	92
0.5813953488372093	0.5	43
0.5652173913043478	0.6	23
0.75	0.7	12
1.0	0.8	7
0.5	0.9	2
0.2391304347826087	0.0	46
0.18110236220472442	0.1	127
0.26011560693641617	0.2	173
0.31952662721893493	0.3	169
0.3522727272727273	0.4	88
0.5365853658536586	0.5	41
0.5	0.6	18
0.9166666666666666	0.7	12
0.8333333333333334	0.8	6
0.20454545454545456	0.0	44
0.14516129032258066	0.1	124
0.2808988764044944	0.2	178
0.31645569620253167	0.3	158
0.34831460674157305	0.4	89
0.48	0.5	50
0.7777777777777778	0.6	18
0.75	0.7	12
0.8333333333333334	0.8	6
1.0	0.9	1
0.1702127659574468	0.0	47
0.20512820512820512	0.1	117
0.26344086021505375	0.2	186
0.3353658536585366	0.3	164
0.31521739130434784	0.4	92
0.5609756097560976	0.5	41
0.5	0.6	14
0.8666666666666667	0.7	15
1.0	0.8	2
0.5	0.9	2
0.19607843137254902	0.0	51
0.17557251908396945	0.1	131
0.2722222222222222	0.2	180
0.3227848101265823	0.3	158
0.35443037974683544	0.4	79
0.5227272727272727	0.5	44
0.7272727272727273	0.6	22
0.6666666666666666	0.7	9
0.8	0.8	5
1.0	0.9	1
0.21428571428571427	0.0	42
0.15671641791044777	0.1	134
0.27807486631016043	0.2	187
0.3013698630136986	0.3	146
0.4175824175824176	0.4	91
0.55	0.5	40
0.4782608695652174	0.6	23
0.8571428571428571	0.7	14
1.0	0.8	1
0.5	0.9	2
0.14	0.0	50
0.21487603305785125	0.1	121
0.27717391304347827	0.2	184
0.28187919463087246	0.3	149
0.36904761904761907	0.4	84
0.5192307692307693	0.5	52
0.6071428571428571	0.6	28
0.875	0.7	8
0.75	0.8	4
0.18518518518518517	0.0	54
0.17054263565891473	0.1	129
0.2894736842105263	0.2	190
0.3092105263157895	0.3	152
0.375	0.4	88
0.5714285714285714	0.5	35
0.5454545454545454	0.6	11
0.8181818181818182	0.7	11
0.875	0.8	8
1.0	0.9	2
0.17307692307692307	0.0	52
0.16296296296296298	0.1	135
0.2621951219512195	0.2	164
0.3475177304964539	0.3	141
0.37623762376237624	0.4	101
0.4583333333333333	0.5	48
0.625	0.6	24
0.9	0.7	10
0.8	0.8	5
0.24528301886792453	0.0	53
0.16541353383458646	0.1	133
0.30113636363636365	0.2	176
0.29411764705882354	0.3	153
0.33707865168539325	0.4	89
0.6153846153846154	0.5	39
0.5652173913043478	0.6	23
0.8	0.7	10
0.75	0.8	4
0.15217391304347827	0.0	46
0.2032520325203252	0.1	123
0.2710843373493976	0.2	166
0.30625	0.3	160
0.3076923076923077	0.4	91
0.5510204081632653	0.5	49
0.6	0.6	25
0.7142857142857143	0.7	14
0.8333333333333334	0.8	6
0.13725490196078433	0.0	51
0.1694915254237288	0.1	118
0.21468926553672316	0.2	177
0.40372670807453415	0.3	161
0.3132530120481928	0.4	83
0.5531914893617021	0.5	47
0.5652173913043478	0.6	23
0.8125	0.7	16
0.75	0.8	4
0.16279069767441862	0.0	43
0.20149253731343283	0.1	134
0.273224043715847	0.2	183
0.3227848101265823	0.3	158
0.3372093023255814	0.4	86
0.5121951219512195	0.5	41
0.6190476190476191	0.6	21
1.0	0.7	10
0.75	0.8	4
0.171875	0.0	64
0.18840579710144928	0.1	138
0.2972972972972973	0.2	185
0.30952380952380953	0.3	126
0.3516483516483517	0.4	91
0.5116279069767442	0.5	43
0.7391304347826086	0.6	23
1.0	0.7	6
0.75	0.8	4
0.20833333333333334	0.0	48
0.19166666666666668	0.1	120
0.24193548387096775	0.2	186
0.3464052287581699	0.3	153
0.3103448275862069	0.4	87
0.5581395348837209	0.5	43
0.5714285714285714	0.6	28
0.8571428571428571	0.7	14
1.0	0.8	1
0.21153846153846154	0.0	52
0.18548387096774194	0.1	124
0.26842105263157895	0.2	190
0.32679738562091504	0.3	153
0.3132530120481928	0.4	83
0.5681818181818182	0.5	44
0.7222222222222222	0.6	18
0.7272727272727273	0.7	11
0.75	0.8	4
1.0	0.9	1
0.19230769230769232	0.0	52
0.17647058823529413	0.1	119
0.22950819672131148	0.2	183
0.3254437869822485	0.3	169
0.44	0.4	75
0.5454545454545454	0.5	44
0.6111111111111112	0.6	18
0.5	0.7	8
1.0	0.8	10
0.5	1.0	2
0.2222222222222222	0.0	81
0.14615384615384616	0.1	130
0.2710843373493976	0.2	166
0.3357142857142857	0.3	140
0.37349397590361444	0.4	83
0.5365853658536586	0.5	41
0.7142857142857143	0.6	21
0.7692307692307693	0.7	13
0.8	0.8	5
0.16666666666666666	0.0	54
0.2047244094488189	0.1	127
0.2647058823529412	0.2	170
0.3081761006289308	0.3	159
0.3541666666666667	0.4	96
0.5277777777777778	0.5	36
0.7368421052631579	0.6	19
0.7692307692307693	0.7	13
0.8333333333333334	0.8	6
0.17647058823529413	0.0	51
0.2033898305084746	0.1	118
0.2569832402234637	0.2	179
0.30718954248366015	0.3	153
0.34408602150537637	0.4	93
0.5365853658536586	0.5	41
0.6428571428571429	0.6	28
0.7272727272727273	0.7	11
0.8	0.8	5
1.0	0.9	1
0.17857142857142858	0.0	56
0.2196969696969697	0.1	132
0.2459016393442623	0.2	183
0.34965034965034963	0.3	143
0.3191489361702128	0.4	94
0.5714285714285714	0.5	42
0.6428571428571429	0.6	14
0.9230769230769231	0.7	13
0.6666666666666666	0.8	3
0.24489795918367346	0.0	49
0.16279069767441862	0.1	129
0.2616279069767442	0.2	172
0.31645569620253167	0.3	158
0.3977272727272727	0.4	88
0.46	0.5	50
0.6	0.6	15
0.8571428571428571	0.7	14
1.0	0.8	3
0.5	0.9	2
0.2	0.0	55
0.14925373134328357	0.1	134
0.3023255813953488	0.2	172
0.33125	0.3	160
0.3488372093023256	0.4	86
0.5714285714285714	0.5	35
0.5	0.6	20
0.8571428571428571	0.7	14
0.75	0.8	4
0.17647058823529413	0.0	51
0.1984126984126984	0.1	126
0.25748502994011974	0.2	167
0.3270440251572327	0.3	159
0.35555555555555557	0.4	90
0.4772727272727273	0.5	44
0.5625	0.6	16
0.625	0.7	16
0.9	0.8	10
1.0	0.9	1
0.1724137931034483	0.0	58
0.19696969696969696	0.1	132
0.28823529411764703	0.2	170
0.27450980392156865	0.3	153
0.44047619047619047	0.4	84
0.45	0.5	40
0.5714285714285714	0.6	21
0.7647058823529411	0.7	17
0.8	0.8	5
0.17647058823529413	0.0	51
0.2265625	0.1	128
0.23563218390804597	0.2	174
0.3	0.3	160
0.4235294117647059	0.4	85
0.5121951219512195	0.5	41
0.56	0.6	25
0.8	0.7	10
0.8333333333333334	0.8	6
0.14583333333333334	0.0	48
0.1893939393939394	0.1	132
0.2857142857142857	0.2	182
0.30128205128205127	0.3	156
0.3625	0.4	80
0.5111111111111111	0.5	45
0.6666666666666666	0.6	18
0.8666666666666667	0.7	15
0.75	0.8	4
0.20408163265306123	0.0	49
0.20567375886524822	0.1	141
0.23618090452261306	0.2	199
0.3602941176470588	0.3	136
0.3333333333333333	0.4	78
0.5581395348837209	0.5	43
0.6842105263157895	0.6	19
0.9090909090909091	0.7	11
0.75	0.8	4
0.1864406779661017	0.0	59
0.14925373134328357	0.1	134
0.3072289156626506	0.2	166
0.32666666666666666	0.3	150
0.32558139534883723	0.4	86
0.5348837209302325	0.5	43
0.5	0.6	20
0.8571428571428571	0.7	14
1.0	0.8	5
0.6666666666666666	0.9	3
0.15555555555555556	0.0	45
0.19327731092436976	0.1	119
0.2247191011235955	0.2	178
0.34210526315789475	0.3	152
0.37777777777777777	0.4	90
0.44	0.5	50
0.6086956521739131	0.6	23
0.8125	0.7	16
1.0	0.8	5
0.5	0.9	2
0.2	0.0	50
0.18571428571428572	0.1	140
0.27011494252873564	0.2	174
0.3161290322580645	0.3	155
0.3780487804878049	0.4	82
0.48717948717948717	0.5	39
0.5882352941176471	0.6	17
0.8235294117647058	0.7	17
0.8333333333333334	0.8	6
0.25	0.0	48
0.1694915254237288	0.1	118
0.23030303030303031	0.2	165
0.3212121212121212	0.3	165
0.3548387096774194	0.4	93
0.4807692307692308	0.5	52
0.7777777777777778	0.6	27
0.6666666666666666	0.7	6
0.8333333333333334	0.8	6
0.2	0.0	55
0.1953125	0.1	128
0.24571428571428572	0.2	175
0.3419354838709677	0.3	155
0.2976190476190476	0.4	84
0.5813953488372093	0.5	43
0.6	0.6	20
0.8666666666666667	0.7	15
0.75	0.8	4
1.0	0.9	1
0.15873015873015872	0.0	63
0.17777777777777778	0.1	135
0.2849462365591398	0.2	186
0.3308270676691729	0.3	133
0.3625	0.4	80
0.5238095238095238	0.5	42
0.6896551724137931	0.6	29
0.6666666666666666	0.7	6
0.8333333333333334	0.8	6
0.21052631578947367	0.0	57
0.175	0.1	120
0.25555555555555554	0.2	180
0.3422818791946309	0.3	149
0.3176470588235294	0.4	85
0.5471698113207547	0.5	53
0.5333333333333333	0.6	15
0.7857142857142857	0.7	14
0.8333333333333334	0.8	6
1.0	0.9	1
0.18181818181818182	0.0	44
0.19166666666666668	0.1	120
0.25280898876404495	0.2	178
0.3584905660377358	0.3	159
0.28865979381443296	0.4	97
0.4897959183673469	0.5	49
0.75	0.6	16
0.8571428571428571	0.7	14
0.6666666666666666	0.8	3
0.2222222222222222	0.0	45
0.19090909090909092	0.1	110
0.2185792349726776	0.2	183
0.3313253012048193	0.3	166
0.37362637362637363	0.4	91
0.4883720930232558	0.5	43
0.5909090909090909	0.6	22
0.8571428571428571	0.7	14
1.0	0.8	4
0.5	0.9	2
0.1724137931034483	0.0	58
0.24475524475524477	0.1	143
0.24157303370786518	0.2	178
0.3310344827586207	0.3	145
0.3333333333333333	0.4	78
0.5434782608695652	0.5	46
0.7333333333333333	0.6	15
0.7692307692307693	0.7	13
0.6666666666666666	0.8	3
1.0	0.9	1
0.15254237288135594	0.0	59
0.22950819672131148	0.1	122
0.25	0.2	164
0.2911392405063291	0.3	158
0.40229885057471265	0.4	87
0.5	0.5	44
0.5384615384615384	0.6	26
0.8	0.7	15
0.8	0.8	5
0.1568627450980392	0.0	51
0.2	0.1	130
0.25	0.2	184
0.3287671232876712	0.3	146
0.39080459770114945	0.4	87
0.4864864864864865	0.5	37
0.5833333333333334	0.6	24
0.8125	0.7	16
0.8	0.8	5
0.1702127659574468	0.0	47
0.20689655172413793	0.1	145
0.22702702702702704	0.2	185
0.33783783783783783	0.3	148
0.44047619047619047	0.4	84
0.5	0.5	36
0.7142857142857143	0.6	21
0.75	0.7	12
1.0	0.8	2
0.17777777777777778	0.0	45
0.16	0.1	125
0.2441860465116279	0.2	172
0.38	0.3	150
0.30927835051546393	0.4	97
0.5	0.5	50
0.6666666666666666	0.6	21
0.7333333333333333	0.7	15
0.8	0.8	5
0.21568627450980393	0.0	51
0.19083969465648856	0.1	131
0.2554347826086957	0.2	184
0.3191489361702128	0.3	141
0.3368421052631579	0.4	95
0.6	0.5	45
0.6363636363636364	0.6	22
1.0	0.7	8
0.6666666666666666	0.8	3
0.15873015873015872	0.0	63
0.20168067226890757	0.1	119
0.2702702702702703	0.2	185
0.2929936305732484	0.3	157
0.45569620253164556	0.4	79
0.475	0.5	40
0.625	0.6	24
0.9	0.7	10
0.6666666666666666	0.8	3
0.2	0.0	45
0.15789473684210525	0.1	133
0.2807017543859649	0.2	171
0.31097560975609756	0.3	164
0.3870967741935484	0.4	93
0.47368421052631576	0.5	38
0.7222222222222222	0.6	18
0.8181818181818182	0.7	11
0.8571428571428571	0.8	7
0.21052631578947367	0.0	57
0.1888111888111888	0.1	143
0.22346368715083798	0.2	179
0.36477987421383645	0.3	159
0.37142857142857144	0.4	70
0.5625	0.5	32
0.6538461538461539	0.6	26
0.9166666666666666	0.7	12
1.0	0.8	2
0.18	0.0	50
0.19424460431654678	0.1	139
0.2751322751322751	0.2	189
0.3219178082191781	0.3	146
0.3493975903614458	0.4	83
0.5526315789473685	0.5	38
0.6470588235294118	0.6	17
0.8333333333333334	0.7	12
0.8	0.8	5
1.0	0.9	1
0.15254237288135594	0.0	59
0.2109375	0.1	128
0.2215909090909091	0.2	176
0.325	0.3	160
0.4567901234567901	0.4	81
0.5294117647058824	0.5	34
0.56	0.6	25
0.9166666666666666	0.7	12
0.8	0.8	5
0.19047619047619047	0.0	42
0.1487603305785124	0.1	121
0.27717391304347827	0.2	184
0.35443037974683544	0.3	158
0.28735632183908044	0.4	87
0.5365853658536586	0.5	41
0.5384615384615384	0.6	26
0.5714285714285714	0.7	7
0.9285714285714286	0.8	14
0.19148936170212766	0.0	47
0.14393939393939395	0.1	132
0.26900584795321636	0.2	171
0.32903225806451614	0.3	155
0.4	0.4	95
0.5384615384615384	0.5	39
0.5833333333333334	0.6	24
0.7692307692307693	0.7	13
0.75	0.8	4
0.17777777777777778	0.0	45
0.22950819672131148	0.1	122
0.22950819672131148	0.2	183
0.32075471698113206	0.3	159
0.3763440860215054	0.4	93
0.5	0.5	34
0.5454545454545454	0.6	22
0.8	0.7	15
0.8571428571428571	0.8	7
0.15789473684210525	0.0	57
0.18796992481203006	0.1	133
0.2073170731707317	0.2	164
0.36538461538461536	0.3	156
0.379746835443038	0.4	79
0.5	0.5	46
0.6666666666666666	0.6	24
0.8	0.7	15
0.8333333333333334	0.8	6
0.19148936170212766	0.0	47
0.2	0.1	120
0.2596685082872928	0.2	181
0.26666666666666666	0.3	150
0.4174757281553398	0.4	103
0.5714285714285714	0.5	42
0.5	0.6	16
0.7142857142857143	0.7	14
0.8571428571428571	0.8	7
0.14285714285714285	0.0	49
0.20634920634920634	0.1	126
0.2768361581920904	0.2	177
0.26973684210526316	0.3	152
0.4235294117647059	0.4	85
0.4489795918367347	0.5	49
0.6	0.6	20
0.7692307692307693	0.7	13
0.8888888888888888	0.8	9
0.1956521739130435	0.0	46
0.19852941176470587	0.1	136
0.22289156626506024	0.2	166
0.34545454545454546	0.3	165
0.40625	0.4	96
0.5	0.5	34
0.5625	0.6	16
0.75	0.7	16
1.0	0.8	3
0.5	0.9	2
0.1694915254237288	0.0	59
0.23387096774193547	0.1	124
0.24571428571428572	0.2	175
0.2894736842105263	0.3	152
0.3617021276595745	0.4	94
0.6097560975609756	0.5	41
0.6666666666666666	0.6	18
0.8333333333333334	0.7	12
0.8	0.8	5
0.2127659574468085	0.0	47
0.19083969465648856	0.1	131
0.24157303370786518	0.2	178
0.3167701863354037	0.3	161
0.3950617283950617	0.4	81
0.56	0.5	50
0.5	0.6	14
0.8461538461538461	0.7	13
0.8	0.8	5
0.14035087719298245	0.0	57
0.19008264462809918	0.1	121
0.24867724867724866	0.2	189
0.3873239436619718	0.3	142
0.3103448275862069	0.4	87
0.5	0.5	42
0.6190476190476191	0.6	21
0.8125	0.7	16
0.8	0.8	5
0.1836734693877551	0.0	49
0.12295081967213115	0.1	122
0.2857142857142857	0.2	175
0.3150684931506849	0.3	146
0.3854166666666667	0.4	96
0.5	0.5	42
0.5714285714285714	0.6	28
0.6363636363636364	0.7	11
1.0	0.8	9
0.5	0.9	2
0.1875	0.0	48
0.21487603305785125	0.1	121
0.25	0.2	176
0.33116883116883117	0.3	154
0.32978723404255317	0.4	94
0.5217391304347826	0.5	46
0.55	0.6	20
0.7058823529411765	0.7	17
0.75	0.8	4
0.20754716981132076	0.0	53
0.20149253731343283	0.1	134
0.21893491124260356	0.2	169
0.3515151515151515	0.3	165
0.43209876543209874	0.4	81
0.4878048780487805	0.5	41
0.5833333333333334	0.6	24
0.6	0.7	10
1.0	0.8	3
0.18181818181818182	0.0	44
0.16260162601626016	0.1	123
0.28	0.2	175
0.29559748427672955	0.3	159
0.3617021276595745	0.4	94
0.5263157894736842	0.5	38
0.5909090909090909	0.6	22
0.75	0.7	16
1.0	0.8	7
0.5	0.9	2
0.1956521739130435	0.0	46
0.2	0.1	130
0.22674418604651161	0.2	172
0.32051282051282054	0.3	156
0.37362637362637363	0.4	91
0.5434782608695652	0.5	46
0.5882352941176471	0.6	17
0.8125	0.7	16
0.8	0.8	5
1.0	0.9	1
0.17777777777777778	0.0	45
0.1746031746031746	0.1	126
0.24260355029585798	0.2	169
0.3375796178343949	0.3	157
0.30851063829787234	0.4	94
0.6326530612244898	0.5	49
0.6	0.6	20
0.6666666666666666	0.7	12
1.0	0.8	6
0.5	0.9	2
0.2	0.0	55
0.176056338028169	0.1	142
0.28901734104046245	0.2	173
0.27450980392156865	0.3	153
0.43478260869565216	0.4	92
0.5357142857142857	0.5	28
0.65	0.6	20
0.9090909090909091	0.7	11
0.8333333333333334	0.8	6
0.17073170731707318	0.0	41
0.19696969696969696	0.1	132
0.21621621621621623	0.2	185
0.34210526315789475	0.3	152
0.375	0.4	80
0.5531914893617021	0.5	47
0.64	0.6	25
0.7692307692307693	0.7	13
0.75	0.8	4
1.0	0.9	1
0.22916666666666666	0.0	48
0.19230769230769232	0.1	130
0.24338624338624337	0.2	189
0.34868421052631576	0.3	152
0.3488372093023256	0.4	86
0.5263157894736842	0.5	38
0.6842105263157895	0.6	19
0.7142857142857143	0.7	14
0.75	0.8	4
0.15555555555555556	0.0	45
0.19327731092436976	0.1	119
0.2956989247311828	0.2	186
0.3026315789473684	0.3	152
0.29473684210526313	0.4	95
0.6511627906976745	0.5	43
0.42105263157894735	0.6	19
0.7777777777777778	0.7	18
0.6666666666666666	0.8	3
0.14583333333333334	0.0	48
0.20512820512820512	0.1	156
0.26666666666666666	0.2	165
0.3466666666666667	0.3	150
0.3291139240506329	0.4	79
0.5128205128205128	0.5	39
0.6521739130434783	0.6	23
0.7142857142857143	0.7	14
1.0	0.8	4
0.5	0.9	2
0.17647058823529413	0.0	51
0.17482517482517482	0.1	143
0.2787878787878788	0.2	165
0.34210526315789475	0.3	152
0.35802469135802467	0.4	81
0.48936170212765956	0.5	47
0.5217391304347826	0.6	23
0.8333333333333334	0.7	12
0.8333333333333334	0.8	6
0.16666666666666666	0.0	54
0.16923076923076924	0.1	130
0.28651685393258425	0.2	178
0.3125	0.3	144
0.3473684210526316	0.4	95
0.5588235294117647	0.5	34
0.6551724137931034	0.6	29
0.8461538461538461	0.7	13
0.6666666666666666	0.8	3
0.18181818181818182	0.0	55
0.17777777777777778	0.1	135
0.26857142857142857	0.2	175
0.34210526315789475	0.3	152
0.38636363636363635	0.4	88
0.47368421052631576	0.5	38
0.6	0.6	15
0.6666666666666666	0.7	9
0.8181818181818182	0.8	11
1.0	0.9	2
0.23076923076923078	0.0	39
0.16806722689075632	0.1	119
0.22826086956521738	0.2	184
0.3096774193548387	0.3	155
0.42718446601941745	0.4	103
0.46153846153846156	0.5	39
0.6842105263157895	0.6	19
0.75	0.7	16
0.8	0.8	5
1.0	0.9	1
0.20408163265306123	0.0	49
0.1956521739130435	0.1	138
0.23076923076923078	0.2	169
0.3333333333333333	0.3	159
0.4020618556701031	0.4	97
0.5	0.5	34
0.7058823529411765	0.6	17
0.8571428571428571	0.7	14
0.6666666666666666	0.8	3
0.16666666666666666	0.0	48
0.20634920634920634	0.1	126
0.27380952380952384	0.2	168
0.31137724550898205	0.3	167
0.32926829268292684	0.4	82
0.5098039215686274	0.5	51
0.46153846153846156	0.6	13
0.8	0.7	20
0.8	0.8	5
0.1694915254237288	0.0	59
0.2	0.1	140
0.2392638036809816	0.2	163
0.36774193548387096	0.3	155
0.32558139534883723	0.4	86
0.5641025641025641	0.5	39
0.6296296296296297	0.6	27
0.875	0.7	8
1.0	0.8	3
0.1702127659574468	0.0	47
0.17796610169491525	0.1	118
0.2606060606060606	0.2	165
0.2732919254658385	0.3	161
0.40229885057471265	0.4	87
0.509090909090909	0.5	55
0.625	0.6	24
0.6666666666666666	0.7	15
0.8571428571428571	0.8	7
1.0	0.9	1
0.25	0.0	60
0.208	0.1	125
0.21264367816091953	0.2	174
0.34459459459459457	0.3	148
0.3655913978494624	0.4	93
0.5	0.5	46
0.6	0.6	15
0.8461538461538461	0.7	13
0.8333333333333334	0.8	6
0.2	0.0	60
0.19014084507042253	0.1	142
0.2840909090909091	0.2	176
0.29577464788732394	0.3	142
0.3953488372093023	0.4	86
0.5263157894736842	0.5	38
0.5555555555555556	0.6	18
0.8	0.7	10
1.0	0.8	7
1.0	0.9	1
0.2	0.0	55
0.18181818181818182	0.1	132
0.29411764705882354	0.2	170
0.28205128205128205	0.3	156
0.3655913978494624	0.4	93
0.5454545454545454	0.5	33
0.6470588235294118	0.6	17
0.7647058823529411	0.7	17
0.8571428571428571	0.8	7
0.19148936170212766	0.0	47
0.17391304347826086	0.1	115
0.24705882352941178	0.2	170
0.3057324840764331	0.3	157
0.3557692307692308	0.4	104
0.5476190476190477	0.5	42
0.6086956521739131	0.6	23
0.8333333333333334	0.7	18
0.75	0.8	4
0.1694915254237288	0.0	59
0.17355371900826447	0.1	121
0.2760416666666667	0.2	192
0.34507042253521125	0.3	142
0.32142857142857145	0.4	84
0.5483870967741935	0.5	31
0.5	0.6	28
0.8666666666666667	0.7	15
1.0	0.8	6
0.5	0.9	2
0.2682926829268293	0.0	41
0.16783216783216784	0.1	143
0.2742857142857143	0.2	175
0.33774834437086093	0.3	151
0.3010752688172043	0.4	93
0.5238095238095238	0.5	42
0.7777777777777778	0.6	18
0.75	0.7	12
0.8	0.8	5
0.22448979591836735	0.0	49
0.1694915254237288	0.1	118
0.24858757062146894	0.2	177
0.32894736842105265	0.3	152
0.31868131868131866	0.4	91
0.5208333333333334	0.5	48
0.6363636363636364	0.6	22
0.7647058823529411	0.7	17
0.8333333333333334	0.8	6
0.1875	0.0	48
0.15833333333333333	0.1	120
0.2823529411764706	0.2	170
0.30718954248366015	0.3	153
0.3229166666666667	0.4	96
0.5490196078431373	0.5	51
0.47058823529411764	0.6	17
0.7692307692307693	0.7	13
0.9	0.8	10
1.0	0.9	2
0.20930232558139536	0.0	43
0.15126050420168066	0.1	119
0.26288659793814434	0.2	194
0.35064935064935066	0.3	154
0.3516483516483517	0.4	91
0.4864864864864865	0.5	37
0.6	0.6	20
0.7777777777777778	0.7	18
0.75	0.8	4
0.14925373134328357	0.0	67
0.2323943661971831	0.1	142
0.23417721518987342	0.2	158
0.35333333333333333	0.3	150
0.35294117647058826	0.4	85
0.5789473684210527	0.5	38
0.45454545454545453	0.6	22
0.9	0.7	10
0.8571428571428571	0.8	7
1.0	0.9	1
0.19642857142857142	0.0	56
0.175	0.1	120
0.23783783783783785	0.2	185
0.36054421768707484	0.3	147
0.33707865168539325	0.4	89
0.574468085106383	0.5	47
0.5555555555555556	0.6	18
0.8461538461538461	0.7	13
0.8	0.8	5
0.18867924528301888	0.0	53
0.17346938775510204	0.1	98
0.27717391304347827	0.2	184
0.31097560975609756	0.3	164
0.2978723404255319	0.4	94
0.5581395348837209	0.5	43
0.6	0.6	25
0.7857142857142857	0.7	14
0.8	0.8	5
0.171875	0.0	64
0.2125984251968504	0.1	127
0.23178807947019867	0.2	151
0.3509933774834437	0.3	151
0.33980582524271846	0.4	103
0.525	0.5	40
0.5652173913043478	0.6	23
0.7142857142857143	0.7	14
0.8571428571428571	0.8	7
0.19642857142857142	0.0	56
0.21100917431192662	0.1	109
0.24293785310734464	0.2	177
0.30120481927710846	0.3	166
0.36904761904761907	0.4	84
0.5510204081632653	0.5	49
0.6	0.6	20
0.75	0.7	16
0.6666666666666666	0.8	3
0.15384615384615385	0.0	52
0.20833333333333334	0.1	120
0.25842696629213485	0.2	178
0.34210526315789475	0.3	152
0.3786407766990291	0.4	103
0.4722222222222222	0.5	36
0.4	0.6	20
0.8461538461538461	0.7	13
0.8333333333333334	0.8	6
0.16071428571428573	0.0	56
0.19014084507042253	0.1	142
0.2692307692307692	0.2	182
0.3188405797101449	0.3	138
0.35365853658536583	0.4	82
0.6	0.5	45
0.6470588235294118	0.6	17
0.8461538461538461	0.7	13
0.8	0.8	5
0.19047619047619047	0.0	42
0.19130434782608696	0.1	115
0.2111111111111111	0.2	180
0.34523809523809523	0.3	168
0.3695652173913043	0.4	92
0.5405405405405406	0.5	37
0.625	0.6	24
0.6875	0.7	16
0.8333333333333334	0.8	6
0.14545454545454545	0.0	55
0.2076923076923077	0.1	130
0.25806451612903225	0.2	155
0.34415584415584416	0.3	154
0.3163265306122449	0.4	98
0.54	0.5	50
0.5294117647058824	0.6	17
0.75	0.7	16
1.0	0.8	3
0.5	0.9	2
0.17543859649122806	0.0	57
0.17094017094017094	0.1	117
0.2553191489361702	0.2	188
0.32075471698113206	0.3	159
0.4444444444444444	0.4	81
0.42105263157894735	0.5	38
0.7272727272727273	0.6	22
0.7692307692307693	0.7	13
0.8	0.8	5
0.16666666666666666	0.0	48
0.1935483870967742	0.1	124
0.25625	0.2	160
0.3355263157894737	0.3	152
0.34513274336283184	0.4	113
0.4358974358974359	0.5	39
0.6153846153846154	0.6	26
0.8461538461538461	0.7	13
0.8	0.8	5
0.18181818181818182	0.0	44
0.1693548387096774	0.1	124
0.27325581395348836	0.2	172
0.296969696969697	0.3	165
0.34831460674157305	0.4	89
0.6153846153846154	0.5	39
0.4782608695652174	0.6	23
0.8125	0.7	16
0.8571428571428571	0.8	7
1.0	0.9	1
0.17307692307692307	0.0	52
0.21138211382113822	0.1	123
0.2441860465116279	0.2	172
0.3392857142857143	0.3	168
0.3707865168539326	0.4	89
0.4418604651162791	0.5	43
0.6153846153846154	0.6	13
0.7777777777777778	0.7	9
0.9	0.8	10
1.0	0.9	1
0.17307692307692307	0.0	52
0.1885245901639344	0.1	122
0.25555555555555554	0.2	180
0.3246753246753247	0.3	154
0.36046511627906974	0.4	86
0.5454545454545454	0.5	44
0.6206896551724138	0.6	29
0.6666666666666666	0.7	9
1.0	0.8	4
0.16363636363636364	0.0	55
0.17647058823529413	0.1	136
0.26704545454545453	0.2	176
0.3237410071942446	0.3	139
0.37777777777777777	0.4	90
0.5454545454545454	0.5	44
0.5909090909090909	0.6	22
0.8	0.7	10
0.8571428571428571	0.8	7
1.0	0.9	1
0.1956521739130435	0.0	46
0.1440677966101695	0.1	118
0.25	0.2	184
0.3443708609271523	0.3	151
0.3655913978494624	0.4	93
0.4782608695652174	0.5	46
0.68	0.6	25
0.8571428571428571	0.7	14
0.6666666666666666	0.8	3
0.1951219512195122	0.0	41
0.18018018018018017	0.1	111
0.21022727272727273	0.2	176
0.3161290322580645	0.3	155
0.41904761904761906	0.4	105
0.48214285714285715	0.5	56
0.65	0.6	20
0.8461538461538461	0.7	13
0.6666666666666666	0.8	3
0.2	0.0	50
0.18110236220472442	0.1	127
0.2640449438202247	0.2	178
0.3291139240506329	0.3	158
0.2976190476190476	0.4	84
0.5952380952380952	0.5	42
0.6363636363636364	0.6	22
0.8125	0.7	16
0.6666666666666666	0.8	3
0.2	0.0	50
0.19014084507042253	0.1	142
0.2722222222222222	0.2	180
0.32857142857142857	0.3	140
0.34065934065934067	0.4	91
0.5294117647058824	0.5	34
0.6666666666666666	0.6	21
0.6666666666666666	0.7	15
1.0	0.8	5
0.5	0.9	2
0.21818181818181817	0.0	55
0.16521739130434782	0.1	115
0.24867724867724866	0.2	189
0.3416149068322981	0.3	161
0.367816091954023	0.4	87
0.5555555555555556	0.5	36
0.64	0.6	25
0.875	0.7	8
0.75	0.8	4
0.23404255319148937	0.0	47
0.16806722689075632	0.1	119
0.2617801047120419	0.2	191
0.33116883116883117	0.3	154
0.36	0.4	100
0.5405405405405406	0.5	37
0.6842105263157895	0.6	19
0.7	0.7	10
1.0	0.8	3
0.16363636363636364	0.0	55
0.19083969465648856	0.1	131
0.2608695652173913	0.2	184
0.34615384615384615	0.3	156
0.38095238095238093	0.4	84
0.5428571428571428	0.5	35
0.5652173913043478	0.6	23
1.0	0.7	8
0.75	0.8	4
0.16363636363636364	0.0	55
0.14814814814814814	0.1	108
0.25	0.2	180
0.3592814371257485	0.3	167
0.3614457831325301	0.4	83
0.46	0.5	50
0.7058823529411765	0.6	17
0.8125	0.7	16
0.75	0.8	4
0.1590909090909091	0.0	44
0.17272727272727273	0.1	110
0.28994082840236685	0.2	169
0.3103448275862069	0.3	174
0.32	0.4	100
0.5217391304347826	0.5	46
0.6785714285714286	0.6	28
0.75	0.7	8
1.0	0.8	1
0.2	0.0	45
0.1724137931034483	0.1	116
0.25906735751295334	0.2	193
0.33962264150943394	0.3	159
0.3411764705882353	0.4	85
0.4878048780487805	0.5	41
0.5555555555555556	0.6	18
0.8	0.7	15
0.8571428571428571	0.8	7
1.0	0.9	1
0.1875	0.0	48
0.18181818181818182	0.1	121
0.24615384615384617	0.2	195
0.3333333333333333	0.3	159
0.38961038961038963	0.4	77
0.5	0.5	44
0.6363636363636364	0.6	11
0.7894736842105263	0.7	19
0.8	0.8	5
1.0	0.9	1
0.208955223880597	0.0	67
0.19696969696969696	0.1	132
0.24858757062146894	0.2	177
0.3897058823529412	0.3	136
0.32967032967032966	0.4	91
0.3888888888888889	0.5	36
0.6428571428571429	0.6	28
1.0	0.7	10
0.6666666666666666	0.8	3
0.18181818181818182	0.0	44
0.20408163265306123	0.1	147
0.2647058823529412	0.2	170
0.31788079470198677	0.3	151
0.3058823529411765	0.4	85
0.5853658536585366	0.5	41
0.6086956521739131	0.6	23
0.8181818181818182	0.7	11
0.875	0.8	8
0.17307692307692307	0.0	52
0.20454545454545456	0.1	132
0.2826086956521739	0.2	184
0.30714285714285716	0.3	140
0.36470588235294116	0.4	85
0.46	0.5	50
0.631578947368421	0.6	19
0.75	0.7	12
0.8333333333333334	0.8	6
0.21153846153846154	0.0	52
0.16058394160583941	0.1	137
0.2631578947368421	0.2	171
0.34591194968553457	0.3	159
0.36363636363636365	0.4	77
0.5	0.5	46
0.6190476190476191	0.6	21
0.8571428571428571	0.7	14
0.6666666666666666	0.8	3
0.2	0.0	50
0.16666666666666666	0.1	120
0.2471264367816092	0.2	174
0.3271604938271605	0.3	162
0.3894736842105263	0.4	95
0.4857142857142857	0.5	35
0.625	0.6	24
0.7857142857142857	0.7	14
0.8333333333333334	0.8	6
0.19230769230769232	0.0	52
0.171875	0.1	128
0.24064171122994651	0.2	187
0.3413173652694611	0.3	167
0.43283582089552236	0.4	67
0.47619047619047616	0.5	42
0.6666666666666666	0.6	21
0.9230769230769231	0.7	13
0.6666666666666666	0.8	3
0.15384615384615385	0.0	52
0.1935483870967742	0.1	124
0.2345679012345679	0.2	162
0.33532934131736525	0.3	167
0.3695652173913043	0.4	92
0.5217391304347826	0.5	46
0.6875	0.6	16
0.7333333333333333	0.7	15
0.8	0.8	5
1.0	0.9	1
0.15384615384615385	0.0	52
0.18115942028985507	0.1	138
0.2546583850931677	0.2	161
0.34502923976608185	0.3	171
0.36904761904761907	0.4	84
0.4864864864864865	0.5	37
0.6666666666666666	0.6	15
0.8666666666666667	0.7	15
0.8	0.8	5
1.0	0.9	1
1.0	1.0	1
0.17073170731707318	0.0	41
0.18699186991869918	0.1	123
0.2411764705882353	0.2	170
0.3090909090909091	0.3	165
0.3548387096774194	0.4	93
0.6595744680851063	0.5	47
0.35	0.6	20
0.8823529411764706	0.7	17
0.75	0.8	4
0.18181818181818182	0.0	55
0.18705035971223022	0.1	139
0.26143790849673204	0.2	153
0.3235294117647059	0.3	170
0.3780487804878049	0.4	82
0.5945945945945946	0.5	37
0.5384615384615384	0.6	26
0.6666666666666666	0.7	12
0.8333333333333334	0.8	6
0.18181818181818182	0.0	55
0.20833333333333334	0.1	144
0.25280898876404495	0.2	178
0.3586206896551724	0.3	145
0.325	0.4	80
0.5277777777777778	0.5	36
0.6190476190476191	0.6	21
0.75	0.7	16
1.0	0.8	3
0.5	0.9	2
0.17647058823529413	0.0	51
0.16296296296296298	0.1	135
0.29608938547486036	0.2	179
0.3270440251572327	0.3	159
0.3595505617977528	0.4	89
0.47058823529411764	0.5	34
0.8	0.6	15
0.8333333333333334	0.7	12
1.0	0.8	4
0.5	0.9	2
0.2	0.0	45
0.17543859649122806	0.1	114
0.23497267759562843	0.2	183
0.3248407643312102	0.3	157
0.3870967741935484	0.4	93
0.4807692307692308	0.5	52
0.6666666666666666	0.6	24
0.9090909090909091	0.7	11
1.0	0.8	1
0.18181818181818182	0.0	55
0.2	0.1	140
0.2484076433121019	0.2	157
0.34355828220858897	0.3	163
0.3950617283950617	0.4	81
0.35714285714285715	0.5	42
0.65	0.6	20
0.7857142857142857	0.7	14
0.875	0.8	8
0.20454545454545456	0.0	44
0.174496644295302	0.1	149
0.24456521739130435	0.2	184
0.35064935064935066	0.3	154
0.4074074074074074	0.4	81
0.5454545454545454	0.5	33
0.6818181818181818	0.6	22
0.9	0.7	10
0.6666666666666666	0.8	3
0.2	0.0	45
0.16417910447761194	0.1	134
0.25	0.2	180
0.34810126582278483	0.3	158
0.32894736842105265	0.4	76
0.5957446808510638	0.5	47
0.5	0.6	16
0.7142857142857143	0.7	14
0.8888888888888888	0.8	9
1.0	0.9	1
0.14	0.0	50
0.1864406779661017	0.1	118
0.2541436464088398	0.2	181
0.34502923976608185	0.3	171
0.32142857142857145	0.4	84
0.5641025641025641	0.5	39
0.6956521739130435	0.6	23
0.8333333333333334	0.7	6
1.0	0.8	6
0.5	0.9	2
0.13725490196078433	0.0	51
0.1694915254237288	0.1	118
0.2655367231638418	0.2	177
0.3548387096774194	0.3	155
0.3368421052631579	0.4	95
0.5121951219512195	0.5	41
0.5555555555555556	0.6	27
0.9	0.7	10
0.8333333333333334	0.8	6
0.15217391304347827	0.0	46
0.1732283464566929	0.1	127
0.27692307692307694	0.2	195
0.3448275862068966	0.3	145
0.3673469387755102	0.4	98
0.5	0.5	40
0.7142857142857143	0.6	14
0.75	0.7	8
1.0	0.8	5
0.5	0.9	2
0.19607843137254902	0.0	51
0.1925925925925926	0.1	135
0.2603550295857988	0.2	169
0.3333333333333333	0.3	150
0.3191489361702128	0.4	94
0.6136363636363636	0.5	44
0.55	0.6	20
0.7692307692307693	0.7	13
0.75	0.8	4
0.1568627450980392	0.0	51
0.17886178861788618	0.1	123
0.29533678756476683	0.2	193
0.3014705882352941	0.3	136
0.3595505617977528	0.4	89
0.4772727272727273	0.5	44
0.5769230769230769	0.6	26
0.8571428571428571	0.7	14
0.75	0.8	4
0.17857142857142858	0.0	56
0.16666666666666666	0.1	138
0.2914285714285714	0.2	175
0.3103448275862069	0.3	145
0.3875	0.4	80
0.5454545454545454	0.5	44
0.47368421052631576	0.6	19
0.8125	0.7	16
0.7142857142857143	0.8	7
0.19148936170212766	0.0	47
0.19424460431654678	0.1	139
0.2222222222222222	0.2	171
0.36075949367088606	0.3	158
0.38372093023255816	0.4	86
0.5116279069767442	0.5	43
0.6470588235294118	0.6	17
0.7333333333333333	0.7	15
0.75	0.8	4
0.16666666666666666	0.0	48
0.1925925925925926	0.1	135
0.24731182795698925	0.2	186
0.3443708609271523	0.3	151
0.39080459770114945	0.4	87
0.5277777777777778	0.5	36
0.5882352941176471	0.6	17
0.8	0.7	15
0.8	0.8	5
0.2	0.0	50
0.16428571428571428	0.1	140
0.25139664804469275	0.2	179
0.3522012578616352	0.3	159
0.4027777777777778	0.4	72
0.5348837209302325	0.5	43
0.5	0.6	16
0.8125	0.7	16
0.8	0.8	5
0.18181818181818182	0.0	44
0.2204724409448819	0.1	127
0.22105263157894736	0.2	190
0.3422818791946309	0.3	149
0.38636363636363635	0.4	88
0.3684210526315789	0.5	38
0.7894736842105263	0.6	19
0.7222222222222222	0.7	18
0.8571428571428571	0.8	7
0.19607843137254902	0.0	51
0.15827338129496402	0.1	139
0.24468085106382978	0.2	188
0.3333333333333333	0.3	147
0.4642857142857143	0.4	84
0.5526315789473685	0.5	38
0.5789473684210527	0.6	19
1.0	0.7	8
1.0	0.8	4
0.5	0.9	2
0.2	0.0	50
0.18493150684931506	0.1	146
0.25308641975308643	0.2	162
0.352112676056338	0.3	142
0.32989690721649484	0.4	97
0.5365853658536586	0.5	41
0.5263157894736842	0.6	19
0.7857142857142857	0.7	14
0.875	0.8	8
1.0	0.9	1
0.16666666666666666	0.0	48
0.20689655172413793	0.1	145
0.2578616352201258	0.2	159
0.2883435582822086	0.3	163
0.4065934065934066	0.4	91
0.5897435897435898	0.5	39
0.6842105263157895	0.6	19
0.75	0.7	12
0.75	0.8	4
0.1568627450980392	0.0	51
0.1893939393939394	0.1	132
0.2871287128712871	0.2	202
0.3125	0.3	160
0.36923076923076925	0.4	65
0.631578947368421	0.5	38
0.6	0.6	15
0.75	0.7	12
0.8	0.8	5
0.15789473684210525	0.0	57
0.17424242424242425	0.1	132
0.26666666666666666	0.2	165
0.3448275862068966	0.3	145
0.3626373626373626	0.4	91
0.5116279069767442	0.5	43
0.5454545454545454	0.6	22
0.6666666666666666	0.7	18
0.8571428571428571	0.8	7
0.18181818181818182	0.0	55
0.19672131147540983	0.1	122
0.23756906077348067	0.2	181
0.323943661971831	0.3	142
0.358695652173913	0.4	92
0.56	0.5	50
0.5909090909090909	0.6	22
0.9090909090909091	0.7	11
0.8	0.8	5
0.18518518518518517	0.0	54
0.1590909090909091	0.1	132
0.2619047619047619	0.2	168
0.32867132867132864	0.3	143
0.33695652173913043	0.4	92
0.5434782608695652	0.5	46
0.6521739130434783	0.6	23
0.8	0.7	10
0.875	0.8	8
0.75	0.9	4
0.16326530612244897	0.0	49
0.1773049645390071	0.1	141
0.31521739130434784	0.2	184
0.25925925925925924	0.3	135
0.42528735632183906	0.4	87
0.4666666666666667	0.5	45
0.625	0.6	16
0.7058823529411765	0.7	17
0.8333333333333334	0.8	6
0.20833333333333334	0.0	48
0.14516129032258066	0.1	124
0.2962962962962963	0.2	189
0.3049645390070922	0.3	141
0.32038834951456313	0.4	103
0.6136363636363636	0.5	44
0.75	0.6	20
0.7777777777777778	0.7	9
1.0	0.8	2
0.18333333333333332	0.0	60
0.22058823529411764	0.1	136
0.23163841807909605	0.2	177
0.3422818791946309	0.3	149
0.345679012345679	0.4	81
0.5	0.5	40
0.7647058823529411	0.6	17
0.75	0.7	8
0.9	0.8	10
1.0	0.9	1
1.0	1.0	1
0.19047619047619047	0.0	42
0.18487394957983194	0.1	119
0.22777777777777777	0.2	180
0.33125	0.3	160
0.40625	0.4	96
0.4807692307692308	0.5	52
0.6428571428571429	0.6	14
0.8461538461538461	0.7	13
0.75	0.8	4
0.1724137931034483	0.0	58
0.20134228187919462	0.1	149
0.25280898876404495	0.2	178
0.3656716417910448	0.3	134
0.35294117647058826	0.4	85
0.5555555555555556	0.5	36
0.5555555555555556	0.6	18
0.75	0.7	16
0.8333333333333334	0.8	6
0.16363636363636364	0.0	55
0.18493150684931506	0.1	146
0.2553191489361702	0.2	188
0.37777777777777777	0.3	135
0.3670886075949367	0.4	79
0.4772727272727273	0.5	44
0.7857142857142857	0.6	14
0.7692307692307693	0.7	13
0.8333333333333334	0.8	6
0.1794871794871795	0.0	39
0.1926605504587156	0.1	109
0.23699421965317918	0.2	173
0.30246913580246915	0.3	162
0.39622641509433965	0.4	106
0.425531914893617	0.5	47
0.6428571428571429	0.6	28
0.8461538461538461	0.7	13
0.6666666666666666	0.8	3
0.16666666666666666	0.0	48
0.17424242424242425	0.1	132
0.2752808988764045	0.2	178
0.32	0.3	150
0.3409090909090909	0.4	88
0.4878048780487805	0.5	41
0.7391304347826086	0.6	23
0.75	0.7	12
0.875	0.8	8
0.18604651162790697	0.0	43
0.16153846153846155	0.1	130
0.2737430167597765	0.2	179
0.3048780487804878	0.3	164
0.4457831325301205	0.4	83
0.4523809523809524	0.5	42
0.5909090909090909	0.6	22
0.8461538461538461	0.7	13
0.75	0.8	4
0.18181818181818182	0.0	44
0.1623931623931624	0.1	117
0.2558139534883721	0.2	172
0.3048780487804878	0.3	164
0.43617021276595747	0.4	94
0.44680851063829785	0.5	47
0.45	0.6	20
0.8571428571428571	0.7	14
0.8571428571428571	0.8	7
1.0	0.9	1
0.20408163265306123	0.0	49
0.1557377049180328	0.1	122
0.2756756756756757	0.2	185
0.3087248322147651	0.3	149
0.3258426966292135	0.4	89
0.6	0.5	45
0.625	0.6	24
0.8461538461538461	0.7	13
1.0	0.8	2
0.5	0.9	2
0.1956521739130435	0.0	46
0.18518518518518517	0.1	135
0.2569832402234637	0.2	179
0.3137254901960784	0.3	153
0.36363636363636365	0.4	88
0.5777777777777777	0.5	45
0.6666666666666666	0.6	21
0.8333333333333334	0.7	12
1.0	0.8	1
0.18518518518518517	0.0	54
0.1694915254237288	0.1	118
0.2808988764044944	0.2	178
0.3419354838709677	0.3	155
0.29	0.4	100
0.5641025641025641	0.5	39
0.6190476190476191	0.6	21
1.0	0.7	12
0.6666666666666666	0.8	3
0.2222222222222222	0.0	45
0.22033898305084745	0.1	118
0.22674418604651161	0.2	172
0.3375	0.3	160
0.29473684210526313	0.4	95
0.5686274509803921	0.5	51
0.47619047619047616	0.6	21
0.8461538461538461	0.7	13
1.0	0.8	2
0.6666666666666666	0.9	3
0.15384615384615385	0.0	52
0.19047619047619047	0.1	126
0.2631578947368421	0.2	171
0.3246753246753247	0.3	154
0.32608695652173914	0.4	92
0.5833333333333334	0.5	48
0.6	0.6	15
0.7647058823529411	0.7	17
0.8	0.8	5
0.16363636363636364	0.0	55
0.17391304347826086	0.1	138
0.27717391304347827	0.2	184
0.3310810810810811	0.3	148
0.35802469135802467	0.4	81
0.5675675675675675	0.5	37
0.6842105263157895	0.6	19
0.8571428571428571	0.7	14
0.75	0.8	4
0.21739130434782608	0.0	46
0.1791044776119403	0.1	134
0.28	0.2	175
0.310126582278481	0.3	158
0.3684210526315789	0.4	95
0.6	0.5	35
0.48	0.6	25
1.0	0.7	9
0.6666666666666666	0.8	3
0.14035087719298245	0.0	57
0.20610687022900764	0.1	131
0.25748502994011974	0.2	167
0.3355263157894737	0.3	152
0.3333333333333333	0.4	81
0.5531914893617021	0.5	47
0.5384615384615384	0.6	26
0.7857142857142857	0.7	14
0.8	0.8	5
0.18032786885245902	0.0	61
0.19117647058823528	0.1	136
0.26285714285714284	0.2	175
0.304635761589404	0.3	151
0.43243243243243246	0.4	74
0.5319148936170213	0.5	47
0.5294117647058824	0.6	17
0.8	0.7	10
1.0	0.8	7
0.5	0.9	2
0.18333333333333332	0.0	60
0.1968503937007874	0.1	127
0.25263157894736843	0.2	190
0.3028169014084507	0.3	142
0.47560975609756095	0.4	82
0.4444444444444444	0.5	36
0.5652173913043478	0.6	23
0.8125	0.7	16
1.0	0.8	2
0.5	0.9	2
0.19642857142857142	0.0	56
0.17647058823529413	0.1	136
0.2608695652173913	0.2	184
0.37254901960784315	0.3	153
0.36046511627906974	0.4	86
0.43333333333333335	0.5	30
0.7058823529411765	0.6	17
0.8571428571428571	0.7	7
0.875	0.8	8
0.6666666666666666	0.9	3
0.13793103448275862	0.0	58
0.17777777777777778	0.1	135
0.27325581395348836	0.2	172
0.32167832167832167	0.3	143
0.38636363636363635	0.4	88
0.55	0.5	40
0.6086956521739131	0.6	23
0.75	0.7	16
0.8	0.8	5
0.21739130434782608	0.0	46
0.175	0.1	120
0.2608695652173913	0.2	184
0.3092105263157895	0.3	152
0.32989690721649484	0.4	97
0.5384615384615384	0.5	39
0.7142857142857143	0.6	21
0.7692307692307693	0.7	13
0.875	0.8	8
0.22916666666666666	0.0	48
0.17355371900826447	0.1	121
0.23204419889502761	0.2	181
0.352112676056338	0.3	142
0.32323232323232326	0.4	99
0.5365853658536586	0.5	41
0.56	0.6	25
0.8333333333333334	0.7	18
0.8	0.8	5
0.16981132075471697	0.0	53
0.171875	0.1	128
0.25139664804469275	0.2	179
0.3248407643312102	0.3	157
0.4444444444444444	0.4	90
0.5588235294117647	0.5	34
0.3684210526315789	0.6	19
0.9166666666666666	0.7	12
0.8333333333333334	0.8	6
1.0	0.9	2
0.2	0.0	50
0.1527777777777778	0.1	144
0.3116883116883117	0.2	154
0.3081761006289308	0.3	159
0.3522727272727273	0.4	88
0.5813953488372093	0.5	43
0.48	0.6	25
0.75	0.7	8
1.0	0.8	6
0.6666666666666666	0.9	3
0.16666666666666666	0.0	54
0.15517241379310345	0.1	116
0.29441624365482233	0.2	197
0.3383458646616541	0.3	133
0.2727272727272727	0.4	88
0.5849056603773585	0.5	53
0.5	0.6	20
0.8181818181818182	0.7	11
1.0	0.8	6
0.5	0.9	2
0.2222222222222222	0.0	45
0.184	0.1	125
0.25136612021857924	0.2	183
0.3254437869822485	0.3	169
0.35135135135135137	0.4	74
0.5581395348837209	0.5	43
0.5714285714285714	0.6	21
0.7333333333333333	0.7	15
0.8	0.8	5
0.1694915254237288	0.0	59
0.1865671641791045	0.1	134
0.2469879518072289	0.2	166
0.33557046979865773	0.3	149
0.38372093023255816	0.4	86
0.5116279069767442	0.5	43
0.5652173913043478	0.6	23
0.8571428571428571	0.7	14
0.8333333333333334	0.8	6
0.16666666666666666	0.0	42
0.18110236220472442	0.1	127
0.25925925925925924	0.2	189
0.3402777777777778	0.3	144
0.32967032967032966	0.4	91
0.5102040816326531	0.5	49
0.65	0.6	20
0.8333333333333334	0.7	12
0.8333333333333334	0.8	6
0.22916666666666666	0.0	48
0.1875	0.1	128
0.22151898734177214	0.2	158
0.32919254658385094	0.3	161
0.3894736842105263	0.4	95
0.4444444444444444	0.5	45
0.5833333333333334	0.6	24
0.6666666666666666	0.7	9
1.0	0.8	10
0.5	0.9	2
0.17307692307692307	0.0	52
0.18181818181818182	0.1	132
0.24456521739130435	0.2	184
0.3691275167785235	0.3	149
0.3448275862068966	0.4	87
0.5833333333333334	0.5	36
0.64	0.6	25
0.75	0.7	12
0.6666666666666666	0.8	3
0.16176470588235295	0.0	68
0.17037037037037037	0.1	135
0.28823529411764703	0.2	170
0.2948717948717949	0.3	156
0.4533333333333333	0.4	75
0.5135135135135135	0.5	37
0.7727272727272727	0.6	22
0.6923076923076923	0.7	13
0.75	0.8	4
0.2037037037037037	0.0	54
0.1736111111111111	0.1	144
0.26344086021505375	0.2	186
0.3310344827586207	0.3	145
0.36619718309859156	0.4	71
0.5909090909090909	0.5	44
0.5625	0.6	16
0.8333333333333334	0.7	12
0.875	0.8	8
0.14814814814814814	0.0	54
0.1958041958041958	0.1	143
0.24561403508771928	0.2	171
0.34177215189873417	0.3	158
0.4025974025974026	0.4	77
0.4594594594594595	0.5	37
0.7368421052631579	0.6	19
0.7857142857142857	0.7	14
0.8333333333333334	0.8	6
1.0	0.9	1
0.21052631578947367	0.0	57
0.20833333333333334	0.1	120
0.26373626373626374	0.2	182
0.29411764705882354	0.3	153
0.38202247191011235	0.4	89
0.4318181818181818	0.5	44
0.8571428571428571	0.6	14
0.6666666666666666	0.7	12
1.0	0.8	6
0.5	0.9	2
1.0	1.0	1
0.19230769230769232	0.0	52
0.176	0.1	125
0.22905027932960895	0.2	179
0.3357142857142857	0.3	140
0.3626373626373626	0.4	91
0.5961538461538461	0.5	52
0.47368421052631576	0.6	19
0.7272727272727273	0.7	11
1.0	0.8	8
0.6666666666666666	0.9	3
0.19148936170212766	0.0	47
0.18248175182481752	0.1	137
0.25842696629213485	0.2	178
0.32298136645962733	0.3	161
0.37209302325581395	0.4	86
0.5833333333333334	0.5	36
0.6470588235294118	0.6	17
0.75	0.7	8
1.0	0.8	8
0.5	0.9	2
0.19607843137254902	0.0	51
0.20689655172413793	0.1	145
0.25142857142857145	0.2	175
0.3161290322580645	0.3	155
0.4155844155844156	0.4	77
0.5121951219512195	0.5	41
0.5714285714285714	0.6	21
0.8888888888888888	0.7	9
0.8333333333333334	0.8	6
0.2222222222222222	0.0	45
0.15217391304347827	0.1	138
0.2826086956521739	0.2	184
0.3422818791946309	0.3	149
0.3170731707317073	0.4	82
0.6097560975609756	0.5	41
0.5	0.6	20
0.7647058823529411	0.7	17
0.75	0.8	4
0.1836734693877551	0.0	49
0.19130434782608696	0.1	115
0.25	0.2	176
0.30666666666666664	0.3	150
0.40404040404040403	0.4	99
0.425531914893617	0.5	47
0.6666666666666666	0.6	27
0.6923076923076923	0.7	13
0.75	0.8	4
0.22033898305084745	0.0	59
0.16666666666666666	0.1	132
0.25139664804469275	0.2	179
0.3381294964028777	0.3	139
0.3723404255319149	0.4	94
0.5897435897435898	0.5	39
0.5263157894736842	0.6	19
0.8571428571428571	0.7	14
0.75	0.8	4
1.0	0.9	1
0.1951219512195122	0.0	41
0.17164179104477612	0.1	134
0.2558139534883721	0.2	172
0.3313253012048193	0.3	166
0.375	0.4	88
0.5384615384615384	0.5	39
0.5238095238095238	0.6	21
0.8333333333333334	0.7	6
0.8181818181818182	0.8	11
1.0	0.9	2
0.13636363636363635	0.0	66
0.1968503937007874	0.1	127
0.26900584795321636	0.2	171
0.32	0.3	150
0.3902439024390244	0.4	82
0.5217391304347826	0.5	46
0.6521739130434783	0.6	23
0.8181818181818182	0.7	11
0.6666666666666666	0.8	3
1.0	0.9	1
0.15789473684210525	0.0	57
0.17266187050359713	0.1	139
0.2891566265060241	0.2	166
0.3503184713375796	0.3	157
0.30952380952380953	0.4	84
0.5526315789473685	0.5	38
0.6363636363636364	0.6	22
0.8571428571428571	0.7	14
0.6666666666666666	0.8	3
0.2037037037037037	0.0	54
0.1968503937007874	0.1	127
0.2658959537572254	0.2	173
0.3202614379084967	0.3	153
0.3191489361702128	0.4	94
0.5434782608695652	0.5	46
0.6923076923076923	0.6	13
0.7692307692307693	0.7	13
0.8333333333333334	0.8	6
1.0	0.9	1
0.16363636363636364	0.0	55
0.18699186991869918	0.1	123
0.25405405405405407	0.2	185
0.358974358974359	0.3	156
0.34146341463414637	0.4	82
0.5238095238095238	0.5	42
0.55	0.6	20
0.8571428571428571	0.7	14
1.0	0.8	3
0.22	0.0	50
0.17567567567567569	0.1	148
0.2542372881355932	0.2	177
0.3333333333333333	0.3	147
0.4065934065934066	0.4	91
0.5757575757575758	0.5	33
0.6086956521739131	0.6	23
1.0	0.7	7
0.75	0.8	4
0.1956521739130435	0.0	46
0.15671641791044777	0.1	134
0.3006134969325153	0.2	163
0.2911392405063291	0.3	158
0.38	0.4	100
0.5294117647058824	0.5	34
0.5833333333333334	0.6	24
0.6666666666666666	0.7	12
1.0	0.8	7
0.5	0.9	2
0.1702127659574468	0.0	47
0.2153846153846154	0.1	130
0.24444444444444444	0.2	180
0.3443708609271523	0.3	151
0.32608695652173914	0.4	92
0.5238095238095238	0.5	42
0.625	0.6	24
0.9090909090909091	0.7	11
0.6666666666666666	0.8	3
0.16981132075471697	0.0	53
0.19083969465648856	0.1	131
0.24074074074074073	0.2	162
0.34545454545454546	0.3	165
0.35526315789473684	0.4	76
0.4772727272727273	0.5	44
0.6086956521739131	0.6	23
0.6470588235294118	0.7	17
0.8571428571428571	0.8	7
1.0	0.9	2
0.16071428571428573	0.0	56
0.20437956204379562	0.1	137
0.28488372093023256	0.2	172
0.3082191780821918	0.3	146
0.3595505617977528	0.4	89
0.5263157894736842	0.5	38
0.4444444444444444	0.6	18
0.8333333333333334	0.7	18
1.0	0.8	3
0.6666666666666666	0.9	3
0.16326530612244897	0.0	49
0.17424242424242425	0.1	132
0.2568306010928962	0.2	183
0.3221476510067114	0.3	149
0.4444444444444444	0.4	81
0.4878048780487805	0.5	41
0.6086956521739131	0.6	23
0.6	0.7	15
0.8333333333333334	0.8	6
1.0	0.9	1
0.16981132075471697	0.0	53
0.18461538461538463	0.1	130
0.2710843373493976	0.2	166
0.31788079470198677	0.3	151
0.33695652173913043	0.4	92
0.49019607843137253	0.5	51
0.7222222222222222	0.6	18
0.8571428571428571	0.7	14
0.8	0.8	5
0.2	0.0	45
0.20437956204379562	0.1	137
0.2571428571428571	0.2	175
0.31333333333333335	0.3	150
0.3626373626373626	0.4	91
0.5	0.5	46
0.6666666666666666	0.6	18
0.7692307692307693	0.7	13
0.8	0.8	5
0.19148936170212766	0.0	47
0.16129032258064516	0.1	124
0.24242424242424243	0.2	165
0.3333333333333333	0.3	171
0.41304347826086957	0.4	92
0.4634146341463415	0.5	41
0.5789473684210527	0.6	19
0.7272727272727273	0.7	11
0.8888888888888888	0.8	9
1.0	0.9	1
0.17391304347826086	0.0	46
0.1732283464566929	0.1	127
0.3055555555555556	0.2	180
0.27741935483870966	0.3	155
0.35555555555555557	0.4	90
0.5652173913043478	0.5	46
0.6875	0.6	16
0.7058823529411765	0.7	17
0.6666666666666666	0.8	3
0.2	0.0	50
0.18115942028985507	0.1	138
0.27011494252873564	0.2	174
0.3419354838709677	0.3	155
0.3541666666666667	0.4	96
0.53125	0.5	32
0.5333333333333333	0.6	15
0.8571428571428571	0.7	7
0.9	0.8	10
0.6666666666666666	0.9	3
0.14754098360655737	0.0	61
0.17424242424242425	0.1	132
0.2864864864864865	0.2	185
0.3181818181818182	0.3	154
0.3972602739726027	0.4	73
0.5128205128205128	0.5	39
0.7058823529411765	0.6	17
0.8333333333333334	0.7	12
0.8333333333333334	0.8	6
1.0	0.9	1
0.2	0.0	50
0.20300751879699247	0.1	133
0.24404761904761904	0.2	168
0.29012345679012347	0.3	162
0.42696629213483145	0.4	89
0.55	0.5	40
0.6	0.6	20
0.75	0.7	12
0.8333333333333334	0.8	6
0.2222222222222222	0.0	45
0.168	0.1	125
0.2737430167597765	0.2	179
0.3	0.3	180
0.43661971830985913	0.4	71
0.4897959183673469	0.5	49
0.6153846153846154	0.6	13
0.8	0.7	15
0.6666666666666666	0.8	3
0.18	0.0	50
0.14754098360655737	0.1	122
0.24607329842931938	0.2	191
0.3716216216216216	0.3	148
0.3253012048192771	0.4	83
0.5217391304347826	0.5	46
0.6666666666666666	0.6	18
0.8888888888888888	0.7	18
0.75	0.8	4
0.17647058823529413	0.0	68
0.208	0.1	125
0.2857142857142857	0.2	175
0.27007299270072993	0.3	137
0.3978494623655914	0.4	93
0.4772727272727273	0.5	44
0.6666666666666666	0.6	21
0.8461538461538461	0.7	13
0.6666666666666666	0.8	3
1.0	0.9	1
0.21153846153846154	0.0	52
0.1452991452991453	0.1	117
0.2631578947368421	0.2	171
0.3375	0.3	160
0.36	0.4	100
0.5121951219512195	0.5	41
0.6086956521739131	0.6	23
0.8333333333333334	0.7	12
0.75	0.8	4
0.16363636363636364	0.0	55
0.1896551724137931	0.1	116
0.2558139534883721	0.2	172
0.3291139240506329	0.3	158
0.33695652173913043	0.4	92
0.5609756097560976	0.5	41
0.5238095238095238	0.6	21
0.6666666666666666	0.7	12
0.9090909090909091	0.8	11
0.5	1.0	2
0.21153846153846154	0.0	52
0.16901408450704225	0.1	142
0.24550898203592814	0.2	167
0.3493150684931507	0.3	146
0.375	0.4	96
0.5121951219512195	0.5	41
0.6666666666666666	0.6	27
1.0	0.7	8
1.0	0.8	1
0.19230769230769232	0.0	52
0.203125	0.1	128
0.25146198830409355	0.2	171
0.3333333333333333	0.3	150
0.31868131868131866	0.4	91
0.5	0.5	50
0.6842105263157895	0.6	19
0.8125	0.7	16
0.6666666666666666	0.8	3
0.15	0.0	40
0.1652892561983471	0.1	121
0.2736842105263158	0.2	190
0.3125	0.3	144
0.3564356435643564	0.4	101
0.574468085106383	0.5	47
0.5454545454545454	0.6	22
0.9	0.7	10
0.8	0.8	5
0.19298245614035087	0.0	57
0.15789473684210525	0.1	133
0.287292817679558	0.2	181
0.3357664233576642	0.3	137
0.37755102040816324	0.4	98
0.4722222222222222	0.5	36
0.6190476190476191	0.6	21
0.8461538461538461	0.7	13
0.75	0.8	4
0.2	0.0	60
0.20134228187919462	0.1	149
0.27011494252873564	0.2	174
0.3310810810810811	0.3	148
0.3424657534246575	0.4	73
0.5909090909090909	0.5	44
0.625	0.6	16
0.75	0.7	12
0.75	0.8	4
0.16666666666666666	0.0	42
0.20610687022900764	0.1	131
0.25252525252525254	0.2	198
0.35374149659863946	0.3	147
0.34831460674157305	0.4	89
0.5	0.5	36
0.5909090909090909	0.6	22
0.9090909090909091	0.7	11
0.75	0.8	4
0.24390243902439024	0.0	41
0.17094017094017094	0.1	117
0.2554347826086957	0.2	184
0.3	0.3	150
0.38235294117647056	0.4	102
0.5714285714285714	0.5	42
0.42857142857142855	0.6	21
0.6666666666666666	0.7	15
0.875	0.8	8
0.1951219512195122	0.0	41
0.15748031496062992	0.1	127
0.25477707006369427	0.2	157
0.3333333333333333	0.3	174
0.33663366336633666	0.4	101
0.5384615384615384	0.5	39
0.7142857142857143	0.6	21
0.6923076923076923	0.7	13
0.8333333333333334	0.8	6
1.0	0.9	1
0.16	0.0	50
0.1736111111111111	0.1	144
0.2616279069767442	0.2	172
0.35036496350364965	0.3	137
0.40217391304347827	0.4	92
0.42857142857142855	0.5	42
0.5714285714285714	0.6	21
0.8125	0.7	16
1.0	0.8	4
0.5	0.9	2
0.16666666666666666	0.0	60
0.1773049645390071	0.1	141
0.2621951219512195	0.2	164
0.36486486486486486	0.3	148
0.36046511627906974	0.4	86
0.525	0.5	40
0.47368421052631576	0.6	19
0.625	0.7	8
0.9166666666666666	0.8	12
1.0	0.9	2
0.17307692307692307	0.0	52
0.2	0.1	130
0.2471264367816092	0.2	174
0.3424657534246575	0.3	146
0.34782608695652173	0.4	92
0.5111111111111111	0.5	45
0.47058823529411764	0.6	17
0.7272727272727273	0.7	11
0.8888888888888888	0.8	9
1.0	0.9	4
0.19230769230769232	0.0	52
0.16535433070866143	0.1	127
0.2543352601156069	0.2	173
0.381294964028777	0.3	139
0.31	0.4	100
0.46511627906976744	0.5	43
0.5925925925925926	0.6	27
0.8333333333333334	0.7	12
0.8571428571428571	0.8	7
0.21739130434782608	0.0	46
0.21052631578947367	0.1	133
0.21341463414634146	0.2	164
0.31210191082802546	0.3	157
0.375	0.4	88
0.5294117647058824	0.5	51
0.6363636363636364	0.6	22
0.75	0.7	12
0.8571428571428571	0.8	7
0.1836734693877551	0.0	49
0.16793893129770993	0.1	131
0.24324324324324326	0.2	185
0.32919254658385094	0.3	161
0.410958904109589	0.4	73
0.5897435897435898	0.5	39
0.5909090909090909	0.6	22
0.7692307692307693	0.7	13
0.8571428571428571	0.8	7
0.16326530612244897	0.0	49
0.16666666666666666	0.1	114
0.26256983240223464	0.2	179
0.3374233128834356	0.3	163
0.3048780487804878	0.4	82
0.6122448979591837	0.5	49
0.42857142857142855	0.6	21
0.75	0.7	20
1.0	0.8	2
1.0	0.9	1
0.14285714285714285	0.0	63
0.2158273381294964	0.1	139
0.26900584795321636	0.2	171
0.3115942028985507	0.3	138
0.34615384615384615	0.4	78
0.5490196078431373	0.5	51
0.5789473684210527	0.6	19
0.8	0.7	15
0.8333333333333334	0.8	6
0.16326530612244897	0.0	49
0.1889763779527559	0.1	127
0.2569832402234637	0.2	179
0.3333333333333333	0.3	147
0.3333333333333333	0.4	93
0.6041666666666666	0.5	48
0.47368421052631576	0.6	19
0.8181818181818182	0.7	11
0.8571428571428571	0.8	7
0.2	0.0	50
0.14516129032258066	0.1	124
0.2786885245901639	0.2	183
0.3246753246753247	0.3	154
0.36363636363636365	0.4	88
0.525	0.5	40
0.56	0.6	25
1.0	0.7	13
0.6666666666666666	0.8	3
0.17391304347826086	0.0	46
0.176	0.1	125
0.2658959537572254	0.2	173
0.30864197530864196	0.3	162
0.4166666666666667	0.4	96
0.4883720930232558	0.5	43
0.5294117647058824	0.6	17
0.8181818181818182	0.7	11
0.8571428571428571	0.8	7
0.21052631578947367	0.0	38
0.18333333333333332	0.1	120
0.25139664804469275	0.2	179
0.296969696969697	0.3	165
0.34782608695652173	0.4	92
0.6	0.5	55
0.6666666666666666	0.6	18
0.8	0.7	10
0.6666666666666666	0.8	3
0.16666666666666666	0.0	54
0.1935483870967742	0.1	124
0.29411764705882354	0.2	170
0.2549019607843137	0.3	153
0.42391304347826086	0.4	92
0.4888888888888889	0.5	45
0.42105263157894735	0.6	19
0.875	0.7	16
0.8	0.8	5
1.0	0.9	1
1.0	1.0	1
0.21818181818181817	0.0	55
0.18803418803418803	0.1	117
0.2655367231638418	0.2	177
0.2953020134228188	0.3	149
0.3617021276595745	0.4	94
0.5348837209302325	0.5	43
0.42857142857142855	0.6	21
0.8	0.7	15
0.8888888888888888	0.8	9
0.1956521739130435	0.0	46
0.17073170731707318	0.1	123
0.2413793103448276	0.2	174
0.3401360544217687	0.3	147
0.32989690721649484	0.4	97
0.5714285714285714	0.5	49
0.5666666666666667	0.6	30
0.8888888888888888	0.7	9
0.8	0.8	5
0.17391304347826086	0.0	46
0.20967741935483872	0.1	124
0.22857142857142856	0.2	175
0.3197278911564626	0.3	147
0.3490566037735849	0.4	106
0.6428571428571429	0.5	42
0.4782608695652174	0.6	23
0.9	0.7	10
1.0	0.8	4
0.6666666666666666	0.9	3
0.1774193548387097	0.0	62
0.19333333333333333	0.1	150
0.28994082840236685	0.2	169
0.31343283582089554	0.3	134
0.3488372093023256	0.4	86
0.5217391304347826	0.5	46
0.6923076923076923	0.6	13
0.8	0.7	10
1.0	0.8	6
0.6666666666666666	0.9	3
1.0	1.0	1
0.17777777777777778	0.0	45
0.16101694915254236	0.1	118
0.2711864406779661	0.2	177
0.33116883116883117	0.3	154
0.31683168316831684	0.4	101
0.5454545454545454	0.5	44
0.6111111111111112	0.6	18
0.6923076923076923	0.7	13
0.8888888888888888	0.8	9
1.0	0.9	1
0.2	0.0	50
0.18803418803418803	0.1	117
0.25888324873096447	0.2	197
0.33783783783783783	0.3	148
0.35	0.4	100
0.5185185185185185	0.5	27
0.625	0.6	24
0.8333333333333334	0.7	12
1.0	0.8	3
0.5	0.9	2
0.175	0.0	40
0.19285714285714287	0.1	140
0.2513089005235602	0.2	191
0.3472222222222222	0.3	144
0.3625	0.4	80
0.55	0.5	40
0.47619047619047616	0.6	21
0.7368421052631579	0.7	19
0.8	0.8	5
0.16923076923076924	0.0	65
0.18620689655172415	0.1	145
0.2848101265822785	0.2	158
0.3356643356643357	0.3	143
0.32954545454545453	0.4	88
0.575	0.5	40
0.47368421052631576	0.6	19
0.8666666666666667	0.7	15
0.8333333333333334	0.8	6
1.0	0.9	1
0.19047619047619047	0.0	42
0.2	0.1	135
0.21511627906976744	0.2	172
0.34615384615384615	0.3	156
0.34065934065934067	0.4	91
0.5869565217391305	0.5	46
0.6	0.6	20
0.8666666666666667	0.7	15
0.6666666666666666	0.8	3
0.16363636363636364	0.0	55
0.20689655172413793	0.1	116
0.22699386503067484	0.2	163
0.2994011976047904	0.3	167
0.42857142857142855	0.4	98
0.5714285714285714	0.5	42
0.5833333333333334	0.6	24
0.7272727272727273	0.7	11
0.75	0.8	4
0.21818181818181817	0.0	55
0.17142857142857143	0.1	140
0.24731182795698925	0.2	186
0.35570469798657717	0.3	149
0.41975308641975306	0.4	81
0.5	0.5	32
0.6	0.6	20
0.8461538461538461	0.7	13
0.75	0.8	4
0.19148936170212766	0.0	47
0.192	0.1	125
0.2849462365591398	0.2	186
0.3333333333333333	0.3	150
0.2619047619047619	0.4	84
0.5531914893617021	0.5	47
0.45	0.6	20
0.8823529411764706	0.7	17
0.75	0.8	4
0.14814814814814814	0.0	54
0.183206106870229	0.1	131
0.2883435582822086	0.2	163
0.3333333333333333	0.3	159
0.35106382978723405	0.4	94
0.5121951219512195	0.5	41
0.5238095238095238	0.6	21
0.8333333333333334	0.7	12
0.8	0.8	5
0.2	0.0	60
0.15789473684210525	0.1	114
0.2802197802197802	0.2	182
0.3018867924528302	0.3	159
0.36363636363636365	0.4	77
0.5116279069767442	0.5	43
0.6428571428571429	0.6	28
0.8461538461538461	0.7	13
0.75	0.8	4
0.2	0.0	55
0.18439716312056736	0.1	141
0.25824175824175827	0.2	182
0.3630573248407643	0.3	157
0.35526315789473684	0.4	76
0.5555555555555556	0.5	27
0.6153846153846154	0.6	26
0.6666666666666666	0.7	12
1.0	0.8	4
0.14814814814814814	0.0	54
0.1889763779527559	0.1	127
0.25396825396825395	0.2	189
0.31333333333333335	0.3	150
0.4864864864864865	0.4	74
0.4489795918367347	0.5	49
0.6111111111111112	0.6	18
0.8	0.7	15
0.75	0.8	4
0.1694915254237288	0.0	59
0.1746031746031746	0.1	126
0.24867724867724866	0.2	189
0.3464052287581699	0.3	153
0.4305555555555556	0.4	72
0.4883720930232558	0.5	43
0.6666666666666666	0.6	21
0.7692307692307693	0.7	13
1.0	0.8	2
0.5	0.9	2
0.18	0.0	50
0.1956521739130435	0.1	138
0.26900584795321636	0.2	171
0.3148148148148148	0.3	162
0.36585365853658536	0.4	82
0.575	0.5	40
0.5333333333333333	0.6	15
0.7777777777777778	0.7	18
0.6666666666666666	0.8	3
1.0	0.9	1
0.22	0.0	50
0.17054263565891473	0.1	129
0.25	0.2	196
0.3484848484848485	0.3	132
0.38372093023255816	0.4	86
0.4888888888888889	0.5	45
0.5	0.6	18
0.7692307692307693	0.7	13
0.7777777777777778	0.8	9
1.0	0.9	1
1.0	1.0	1
0.18421052631578946	0.0	38
0.19402985074626866	0.1	134
0.23353293413173654	0.2	167
0.3584905660377358	0.3	159
0.33	0.4	100
0.5	0.5	42
0.56	0.6	25
1.0	0.7	12
0.6666666666666666	0.8	3
0.1836734693877551	0.0	49
0.15942028985507245	0.1	138
0.2802547770700637	0.2	157
0.3448275862068966	0.3	174
0.3655913978494624	0.4	93
0.4594594594594595	0.5	37
0.6666666666666666	0.6	18
1.0	0.7	9
0.8	0.8	5
0.19607843137254902	0.0	51
0.21428571428571427	0.1	140
0.2388888888888889	0.2	180
0.2838709677419355	0.3	155
0.44871794871794873	0.4	78
0.5581395348837209	0.5	43
0.7142857142857143	0.6	14
0.8	0.7	15
0.75	0.8	4
0.19148936170212766	0.0	47
0.1888111888111888	0.1	143
0.25	0.2	176
0.32903225806451614	0.3	155
0.3977272727272727	0.4	88
0.6129032258064516	0.5	31
0.45	0.6	20
0.8823529411764706	0.7	17
0.6666666666666666	0.8	3
0.15384615384615385	0.0	52
0.15384615384615385	0.1	117
0.24022346368715083	0.2	179
0.37012987012987014	0.3	154
0.4	0.4	85
0.43478260869565216	0.5	46
0.625	0.6	32
0.7272727272727273	0.7	11
0.75	0.8	4
0.1875	0.0	48
0.19090909090909092	0.1	110
0.21621621621621623	0.2	185
0.3625	0.3	160
0.3883495145631068	0.4	103
0.41379310344827586	0.5	29
0.6129032258064516	0.6	31
0.875	0.7	8
0.8333333333333334	0.8	6
0.17777777777777778	0.0	45
0.15126050420168066	0.1	119
0.2647058823529412	0.2	170
0.32051282051282054	0.3	156
0.35294117647058826	0.4	102
0.5476190476190477	0.5	42
0.5238095238095238	0.6	21
0.7894736842105263	0.7	19
0.8333333333333334	0.8	6
0.17777777777777778	0.0	45
0.1678832116788321	0.1	137
0.2658959537572254	0.2	173
0.32432432432432434	0.3	148
0.358695652173913	0.4	92
0.5121951219512195	0.5	41
0.65	0.6	20
0.7647058823529411	0.7	17
0.8571428571428571	0.8	7
0.23809523809523808	0.0	42
0.15	0.1	120
0.24571428571428572	0.2	175
0.2981366459627329	0.3	161
0.41935483870967744	0.4	93
0.425531914893617	0.5	47
0.7142857142857143	0.6	21
0.875	0.7	16
0.8	0.8	5
0.1568627450980392	0.0	51
0.17037037037037037	0.1	135
0.28484848484848485	0.2	165
0.33793103448275863	0.3	145
0.3118279569892473	0.4	93
0.52	0.5	50
0.631578947368421	0.6	19
0.75	0.7	16
0.8333333333333334	0.8	6
0.19298245614035087	0.0	57
0.18110236220472442	0.1	127
0.27906976744186046	0.2	172
0.31654676258992803	0.3	139
0.31521739130434784	0.4	92
0.5471698113207547	0.5	53
0.5294117647058824	0.6	17
0.7647058823529411	0.7	17
0.8333333333333334	0.8	6
0.16363636363636364	0.0	55
0.19469026548672566	0.1	113
0.26153846153846155	0.2	195
0.31210191082802546	0.3	157
0.375	0.4	80
0.5510204081632653	0.5	49
0.7142857142857143	0.6	14
0.7692307692307693	0.7	13
0.75	0.8	4
0.20454545454545456	0.0	44
0.183206106870229	0.1	131
0.26881720430107525	0.2	186
0.34265734265734266	0.3	143
0.3163265306122449	0.4	98
0.5217391304347826	0.5	46
0.7272727272727273	0.6	22
0.75	0.7	8
1.0	0.8	2
0.1875	0.0	48
0.17692307692307693	0.1	130
0.29213483146067415	0.2	178
0.3184713375796178	0.3	157
0.2976190476190476	0.4	84
0.5777777777777777	0.5	45
0.5789473684210527	0.6	19
0.8	0.7	15
0.75	0.8	4
0.2127659574468085	0.0	47
0.16666666666666666	0.1	102
0.25806451612903225	0.2	186
0.3443708609271523	0.3	151
0.32323232323232326	0.4	99
0.4807692307692308	0.5	52
0.3888888888888889	0.6	18
0.75	0.7	16
0.875	0.8	8
1.0	0.9	1
0.1568627450980392	0.0	51
0.19008264462809918	0.1	121
0.26136363636363635	0.2	176
0.31543624161073824	0.3	149
0.3473684210526316	0.4	95
0.6	0.5	45
0.5238095238095238	0.6	21
0.7058823529411765	0.7	17
0.8	0.8	5
0.17307692307692307	0.0	52
0.1484375	0.1	128
0.28205128205128205	0.2	156
0.3167701863354037	0.3	161
0.39	0.4	100
0.4117647058823529	0.5	34
0.6666666666666666	0.6	24
0.75	0.7	20
0.8	0.8	5
0.1956521739130435	0.0	46
0.184	0.1	125
0.2752808988764045	0.2	178
0.30666666666666664	0.3	150
0.32653061224489793	0.4	98
0.5416666666666666	0.5	48
0.6521739130434783	0.6	23
1.0	0.7	7
0.8	0.8	5
0.2	0.0	50
0.15384615384615385	0.1	143
0.2781065088757396	0.2	169
0.3246753246753247	0.3	154
0.40476190476190477	0.4	84
0.5238095238095238	0.5	42
0.5789473684210527	0.6	19
0.75	0.7	12
1.0	0.8	4
0.6666666666666666	0.9	3
0.17307692307692307	0.0	52
0.21481481481481482	0.1	135
0.21311475409836064	0.2	183
0.3469387755102041	0.3	147
0.3924050632911392	0.4	79
0.5813953488372093	0.5	43
0.5714285714285714	0.6	21
0.7142857142857143	0.7	14
0.8333333333333334	0.8	6
0.17073170731707318	0.0	41
0.16666666666666666	0.1	144
0.2413793103448276	0.2	174
0.35625	0.3	160
0.36585365853658536	0.4	82
0.5526315789473685	0.5	38
0.6666666666666666	0.6	24
0.8181818181818182	0.7	11
0.8333333333333334	0.8	6
0.17857142857142858	0.0	56
0.15833333333333333	0.1	120
0.2681564245810056	0.2	179
0.3333333333333333	0.3	150
0.34444444444444444	0.4	90
0.5102040816326531	0.5	49
0.7	0.6	20
0.8	0.7	5
1.0	0.8	8
1.0	0.9	1
0.5	1.0	2
0.175	0.0	40
0.176	0.1	125
0.23563218390804597	0.2	174
0.3503184713375796	0.3	157
0.3541666666666667	0.4	96
0.525	0.5	40
0.5217391304347826	0.6	23
0.75	0.7	20
1.0	0.8	3
0.5	0.9	2
0.15384615384615385	0.0	52
0.16793893129770993	0.1	131
0.25766871165644173	0.2	163
0.3375796178343949	0.3	157
0.3711340206185567	0.4	97
0.4878048780487805	0.5	41
0.75	0.6	20
0.7857142857142857	0.7	14
0.8	0.8	5
0.14814814814814814	0.0	54
0.18421052631578946	0.1	114
0.25555555555555554	0.2	180
0.36666666666666664	0.3	150
0.29473684210526313	0.4	95
0.5510204081632653	0.5	49
0.5789473684210527	0.6	19
0.8	0.7	15
0.75	0.8	4
0.14	0.0	50
0.21830985915492956	0.1	142
0.25862068965517243	0.2	174
0.3092105263157895	0.3	152
0.3953488372093023	0.4	86
0.4857142857142857	0.5	35
0.6190476190476191	0.6	21
0.8666666666666667	0.7	15
0.8	0.8	5
0.1836734693877551	0.0	49
0.18181818181818182	0.1	132
0.2784090909090909	0.2	176
0.3051948051948052	0.3	154
0.3977272727272727	0.4	88
0.4318181818181818	0.5	44
0.625	0.6	16
0.875	0.7	16
0.8	0.8	5
0.2127659574468085	0.0	47
0.18248175182481752	0.1	137
0.26373626373626374	0.2	182
0.3235294117647059	0.3	136
0.36363636363636365	0.4	99
0.4358974358974359	0.5	39
0.7368421052631579	0.6	19
0.8	0.7	15
0.8	0.8	5
1.0	0.9	1
0.19047619047619047	0.0	42
0.19008264462809918	0.1	121
0.22807017543859648	0.2	171
0.35294117647058826	0.3	170
0.27586206896551724	0.4	87
0.5777777777777777	0.5	45
0.64	0.6	25
0.7692307692307693	0.7	13
0.8333333333333334	0.8	6
0.18867924528301888	0.0	53
0.23015873015873015	0.1	126
0.24043715846994534	0.2	183
0.33112582781456956	0.3	151
0.32608695652173914	0.4	92
0.5142857142857142	0.5	35
0.8	0.6	20
0.5454545454545454	0.7	11
0.8888888888888888	0.8	9
0.1724137931034483	0.0	58
0.18803418803418803	0.1	117
0.27692307692307694	0.2	195
0.3081761006289308	0.3	159
0.37333333333333335	0.4	75
0.5581395348837209	0.5	43
0.6190476190476191	0.6	21
1.0	0.7	6
0.8333333333333334	0.8	6
0.17857142857142858	0.0	56
0.15625	0.1	128
0.2541436464088398	0.2	181
0.34868421052631576	0.3	152
0.4117647058823529	0.4	85
0.48484848484848486	0.5	33
0.6538461538461539	0.6	26
0.6923076923076923	0.7	13
0.8333333333333334	0.8	6
0.18181818181818182	0.0	44
0.15873015873015872	0.1	126
0.26857142857142857	0.2	175
0.2857142857142857	0.3	161
0.4117647058823529	0.4	85
0.5833333333333334	0.5	48
0.47619047619047616	0.6	21
0.8125	0.7	16
1.0	0.8	4
0.17307692307692307	0.0	52
0.1736111111111111	0.1	144
0.26424870466321243	0.2	193
0.3263888888888889	0.3	144
0.42028985507246375	0.4	69
0.525	0.5	40
0.625	0.6	16
0.875	0.7	16
1.0	0.8	4
0.5	0.9	2
0.18181818181818182	0.0	55
0.16541353383458646	0.1	133
0.2947976878612717	0.2	173
0.3049645390070922	0.3	141
0.32142857142857145	0.4	84
0.5294117647058824	0.5	51
0.6	0.6	25
0.9285714285714286	0.7	14
0.75	0.8	4
0.12962962962962962	0.0	54
0.2	0.1	125
0.26063829787234044	0.2	188
0.34838709677419355	0.3	155
0.34177215189873417	0.4	79
0.5714285714285714	0.5	42
0.5555555555555556	0.6	18
0.6666666666666666	0.7	9
1.0	0.8	7
0.6666666666666666	0.9	3
0.2127659574468085	0.0	47
0.15789473684210525	0.1	114
0.26666666666666666	0.2	180
0.3181818181818182	0.3	176
0.3411764705882353	0.4	85
0.5405405405405406	0.5	37
0.6842105263157895	0.6	19
0.6666666666666666	0.7	12
1.0	0.8	8
0.5	0.9	2
0.18181818181818182	0.0	55
0.16296296296296298	0.1	135
0.22941176470588234	0.2	170
0.3708609271523179	0.3	151
0.40540540540540543	0.4	74
0.48936170212765956	0.5	47
0.5217391304347826	0.6	23
0.7222222222222222	0.7	18
1.0	0.8	5
0.5	0.9	2
0.18181818181818182	0.0	55
0.16535433070866143	0.1	127
0.26857142857142857	0.2	175
0.3263888888888889	0.3	144
0.358695652173913	0.4	92
0.5681818181818182	0.5	44
0.6086956521739131	0.6	23
0.6666666666666666	0.7	15
0.75	0.8	4
1.0	0.9	1
0.2	0.0	60
0.19310344827586207	0.1	145
0.2883435582822086	0.2	163
0.3194444444444444	0.3	144
0.3333333333333333	0.4	90
0.5348837209302325	0.5	43
0.5	0.6	16
0.9285714285714286	0.7	14
0.8	0.8	5
0.18181818181818182	0.0	55
0.203125	0.1	128
0.22105263157894736	0.2	190
0.3096774193548387	0.3	155
0.46153846153846156	0.4	78
0.627906976744186	0.5	43
0.5384615384615384	0.6	13
0.8571428571428571	0.7	14
0.75	0.8	4
0.1836734693877551	0.0	49
0.16964285714285715	0.1	112
0.2247191011235955	0.2	178
0.35668789808917195	0.3	157
0.391304347826087	0.4	92
0.4375	0.5	48
0.5555555555555556	0.6	27
0.9	0.7	10
0.8571428571428571	0.8	7
0.1875	0.0	48
0.15126050420168066	0.1	119
0.2542372881355932	0.2	177
0.34265734265734266	0.3	143
0.3113207547169811	0.4	106
0.6444444444444445	0.5	45
0.5555555555555556	0.6	27
0.9	0.7	10
0.8	0.8	5
0.2127659574468085	0.0	47
0.1732283464566929	0.1	127
0.2677595628415301	0.2	183
0.3333333333333333	0.3	162
0.37349397590361444	0.4	83
0.48717948717948717	0.5	39
0.6666666666666666	0.6	27
0.6	0.7	10
1.0	0.8	2
0.16326530612244897	0.0	49
0.1968503937007874	0.1	127
0.24404761904761904	0.2	168
0.3236994219653179	0.3	173
0.425	0.4	80
0.4782608695652174	0.5	46
0.6363636363636364	0.6	22
0.75	0.7	12
0.6666666666666666	0.8	3
0.18	0.0	50
0.20610687022900764	0.1	131
0.23333333333333334	0.2	180
0.3125	0.3	160
0.41025641025641024	0.4	78
0.5581395348837209	0.5	43
0.5555555555555556	0.6	18
0.8823529411764706	0.7	17
0.6666666666666666	0.8	3
0.16363636363636364	0.0	55
0.1935483870967742	0.1	124
0.25862068965517243	0.2	174
0.3269230769230769	0.3	156
0.36046511627906974	0.4	86
0.4888888888888889	0.5	45
0.6666666666666666	0.6	21
0.75	0.7	12
0.8571428571428571	0.8	7
0.15517241379310345	0.0	58
0.22388059701492538	0.1	134
0.29120879120879123	0.2	182
0.3087248322147651	0.3	149
0.31645569620253167	0.4	79
0.55	0.5	40
0.5789473684210527	0.6	19
0.75	0.7	12
0.8333333333333334	0.8	6
1.0	0.9	1
0.1836734693877551	0.0	49
0.175	0.1	120
0.2545454545454545	0.2	165
0.35443037974683544	0.3	158
0.30120481927710846	0.4	83
0.4230769230769231	0.5	52
0.6	0.6	30
0.7142857142857143	0.7	14
0.8888888888888888	0.8	9
0.12903225806451613	0.0	62
0.20512820512820512	0.1	117
0.27071823204419887	0.2	181
0.32450331125827814	0.3	151
0.3924050632911392	0.4	79
0.4230769230769231	0.5	52
0.6842105263157895	0.6	19
0.8125	0.7	16
0.6666666666666666	0.8	3
0.17307692307692307	0.0	52
0.1792452830188679	0.1	106
0.2857142857142857	0.2	182
0.31901840490797545	0.3	163
0.28735632183908044	0.4	87
0.5	0.5	52
0.7272727272727273	0.6	22
0.7272727272727273	0.7	11
0.8	0.8	5
0.20454545454545456	0.0	44
0.2032520325203252	0.1	123
0.25862068965517243	0.2	174
0.3067484662576687	0.3	163
0.34408602150537637	0.4	93
0.525	0.5	40
0.6	0.6	25
0.7272727272727273	0.7	11
0.8571428571428571	0.8	7
0.18604651162790697	0.0	43
0.18181818181818182	0.1	143
0.29411764705882354	0.2	170
0.2894736842105263	0.3	152
0.3673469387755102	0.4	98
0.5625	0.5	32
0.5833333333333334	0.6	24
0.8461538461538461	0.7	13
0.8	0.8	5
0.18421052631578946	0.0	38
0.16260162601626016	0.1	123
0.2543352601156069	0.2	173
0.329608938547486	0.3	179
0.3870967741935484	0.4	93
0.5789473684210527	0.5	38
0.5	0.6	18
0.7692307692307693	0.7	13
0.8	0.8	5
0.1836734693877551	0.0	49
0.1796875	0.1	128
0.23391812865497075	0.2	171
0.3392857142857143	0.3	168
0.4069767441860465	0.4	86
0.45	0.5	40
0.6875	0.6	16
0.8	0.7	15
0.8333333333333334	0.8	6
1.0	0.9	1
0.18604651162790697	0.0	43
0.17886178861788618	0.1	123
0.23076923076923078	0.2	182
0.3508771929824561	0.3	171
0.34523809523809523	0.4	84
0.5909090909090909	0.5	44
0.5714285714285714	0.6	14
0.875	0.7	16
0.6666666666666666	0.8	3
0.20930232558139536	0.0	43
0.1732283464566929	0.1	127
0.26627218934911245	0.2	169
0.3181818181818182	0.3	154
0.36633663366336633	0.4	101
0.5106382978723404	0.5	47
0.45454545454545453	0.6	22
0.9090909090909091	0.7	11
0.8333333333333334	0.8	6
0.2037037037037037	0.0	54
0.16379310344827586	0.1	116
0.2430939226519337	0.2	181
0.34965034965034963	0.3	143
0.3979591836734694	0.4	98
0.42857142857142855	0.5	49
0.631578947368421	0.6	19
0.7333333333333333	0.7	15
0.8	0.8	5
0.1951219512195122	0.0	41
0.1694915254237288	0.1	118
0.25136612021857924	0.2	183
0.33121019108280253	0.3	157
0.375	0.4	104
0.4857142857142857	0.5	35
0.6538461538461539	0.6	26
0.7	0.7	10
0.8333333333333334	0.8	6
0.15384615384615385	0.0	52
0.18045112781954886	0.1	133
0.26380368098159507	0.2	163
0.3558282208588957	0.3	163
0.31521739130434784	0.4	92
0.5581395348837209	0.5	43
0.6666666666666666	0.6	15
0.8	0.7	15
0.6666666666666666	0.8	3
1.0	0.9	1
0.20689655172413793	0.0	58
0.18571428571428572	0.1	140
0.2275449101796407	0.2	167
0.33116883116883117	0.3	154
0.43243243243243246	0.4	74
0.5531914893617021	0.5	47
0.5	0.6	24
0.8888888888888888	0.7	9
0.8333333333333334	0.8	6
1.0	0.9	1
0.2	0.0	45
0.17985611510791366	0.1	139
0.2619047619047619	0.2	168
0.2974683544303797	0.3	158
0.42045454545454547	0.4	88
0.4594594594594595	0.5	37
0.625	0.6	24
0.7647058823529411	0.7	17
1.0	0.8	4
0.14285714285714285	0.0	56
0.2064516129032258	0.1	155
0.2754491017964072	0.2	167
0.29931972789115646	0.3	147
0.45121951219512196	0.4	82
0.5	0.5	36
0.5789473684210527	0.6	19
0.9	0.7	10
0.8	0.8	5
0.6666666666666666	0.9	3
0.20454545454545456	0.0	44
0.18584070796460178	0.1	113
0.23809523809523808	0.2	189
0.32653061224489793	0.3	147
0.3854166666666667	0.4	96
0.42	0.5	50
0.6818181818181818	0.6	22
0.7692307692307693	0.7	13
0.8333333333333334	0.8	6
0.17307692307692307	0.0	52
0.1864406779661017	0.1	118
0.27058823529411763	0.2	170
0.2848101265822785	0.3	158
0.3888888888888889	0.4	90
0.4666666666666667	0.5	45
0.5833333333333334	0.6	24
0.8	0.7	10
0.8888888888888888	0.8	9
0.6666666666666666	0.9	3
1.0	1.0	1
0.17777777777777778	0.0	45
0.17886178861788618	0.1	123
0.2594594594594595	0.2	185
0.3333333333333333	0.3	153
0.3404255319148936	0.4	94
0.5277777777777778	0.5	36
0.6666666666666666	0.6	24
0.7142857142857143	0.7	14
0.8333333333333334	0.8	6
0.2	0.0	50
0.17054263565891473	0.1	129
0.26288659793814434	0.2	194
0.34265734265734266	0.3	143
0.32954545454545453	0.4	88
0.5833333333333334	0.5	36
0.6363636363636364	0.6	22
0.8181818181818182	0.7	11
0.8333333333333334	0.8	6
1.0	0.9	1
0.19148936170212766	0.0	47
0.2	0.1	150
0.23780487804878048	0.2	164
0.34868421052631576	0.3	152
0.3333333333333333	0.4	84
0.5909090909090909	0.5	44
0.5555555555555556	0.6	18
0.75	0.7	16
0.8	0.8	5
0.1836734693877551	0.0	49
0.211864406779661	0.1	118
0.2617801047120419	0.2	191
0.2926829268292683	0.3	164
0.42528735632183906	0.4	87
0.5128205128205128	0.5	39
0.5294117647058824	0.6	17
0.8181818181818182	0.7	11
1.0	0.8	4
0.16326530612244897	0.0	49
0.1926605504587156	0.1	109
0.2608695652173913	0.2	184
0.29411764705882354	0.3	153
0.39215686274509803	0.4	102
0.5	0.5	44
0.5882352941176471	0.6	17
0.7857142857142857	0.7	14
0.8	0.8	5
0.6666666666666666	0.9	3
0.14754098360655737	0.0	61
0.24161073825503357	0.1	149
0.22413793103448276	0.2	174
0.35802469135802467	0.3	162
0.38461538461538464	0.4	65
0.53125	0.5	32
0.625	0.6	16
0.8	0.7	15
0.8333333333333334	0.8	6
0.1836734693877551	0.0	49
0.1732283464566929	0.1	127
0.3036649214659686	0.2	191
0.2827586206896552	0.3	145
0.3488372093023256	0.4	86
0.5531914893617021	0.5	47
0.5789473684210527	0.6	19
0.9166666666666666	0.7	12
0.6666666666666666	0.8	3
1.0	0.9	1
0.20634920634920634	0.0	63
0.16129032258064516	0.1	124
0.28415300546448086	0.2	183
0.2846715328467153	0.3	137
0.4235294117647059	0.4	85
0.5263157894736842	0.5	38
0.4642857142857143	0.6	28
0.7692307692307693	0.7	13
0.875	0.8	8
1.0	0.9	1
0.19230769230769232	0.0	52
0.17054263565891473	0.1	129
0.27167630057803466	0.2	173
0.33793103448275863	0.3	145
0.3541666666666667	0.4	96
0.4523809523809524	0.5	42
0.6	0.6	25
0.8571428571428571	0.7	14
1.0	0.8	1
0.6666666666666666	0.9	3
0.22950819672131148	0.0	61
0.18461538461538463	0.1	130
0.2727272727272727	0.2	176
0.29577464788732394	0.3	142
0.37373737373737376	0.4	99
0.5588235294117647	0.5	34
0.5714285714285714	0.6	21
0.8333333333333334	0.7	12
1.0	0.8	4
1.0	0.9	1
0.21568627450980393	0.0	51
0.15	0.1	120
0.28191489361702127	0.2	188
0.3221476510067114	0.3	149
0.3118279569892473	0.4	93
0.6153846153846154	0.5	39
0.6363636363636364	0.6	22
0.7857142857142857	0.7	14
0.75	0.8	4
0.22413793103448276	0.0	58
0.14634146341463414	0.1	123
0.28350515463917525	0.2	194
0.3402777777777778	0.3	144
0.35802469135802467	0.4	81
0.45454545454545453	0.5	44
0.6111111111111112	0.6	18
0.9230769230769231	0.7	13
0.75	0.8	4
1.0	0.9	1
0.1875	0.0	48
0.18705035971223022	0.1	139
0.25842696629213485	0.2	178
0.32	0.3	150
0.40217391304347827	0.4	92
0.5	0.5	36
0.6875	0.6	16
0.75	0.7	16
0.8	0.8	5
0.17647058823529413	0.0	51
0.17355371900826447	0.1	121
0.26627218934911245	0.2	169
0.3333333333333333	0.3	174
0.3253012048192771	0.4	83
0.6	0.5	40
0.5	0.6	22
0.7272727272727273	0.7	11
1.0	0.8	7
0.5	0.9	2
0.15789473684210525	0.0	57
0.17073170731707318	0.1	123
0.2647058823529412	0.2	170
0.31125827814569534	0.3	151
0.3780487804878049	0.4	82
0.5094339622641509	0.5	53
0.6206896551724138	0.6	29
0.8461538461538461	0.7	13
1.0	0.8	2
0.17543859649122806	0.0	57
0.17518248175182483	0.1	137
0.29508196721311475	0.2	183
0.3357142857142857	0.3	140
0.33695652173913043	0.4	92
0.5161290322580645	0.5	31
0.6666666666666666	0.6	21
0.7692307692307693	0.7	13
0.8333333333333334	0.8	6
0.1875	0.0	48
0.1732283464566929	0.1	127
0.25654450261780104	0.2	191
0.31645569620253167	0.3	158
0.379746835443038	0.4	79
0.5526315789473685	0.5	38
0.7222222222222222	0.6	18
0.7894736842105263	0.7	19
1.0	0.8	2
0.20408163265306123	0.0	49
0.20967741935483872	0.1	124
0.23952095808383234	0.2	167
0.32947976878612717	0.3	173
0.38095238095238093	0.4	84
0.4888888888888889	0.5	45
0.4375	0.6	16
0.75	0.7	16
0.8333333333333334	0.8	6
0.16666666666666666	0.0	54
0.1925925925925926	0.1	135
0.23076923076923078	0.2	143
0.35625	0.3	160
0.3333333333333333	0.4	90
0.44680851063829785	0.5	47
0.6	0.6	30
0.8	0.7	15
0.8333333333333334	0.8	6
0.20754716981132076	0.0	53
0.1796875	0.1	128
0.23295454545454544	0.2	176
0.35947712418300654	0.3	153
0.34831460674157305	0.4	89
0.5384615384615384	0.5	39
0.5454545454545454	0.6	22
0.8571428571428571	0.7	14
0.8333333333333334	0.8	6
0.16666666666666666	0.0	54
0.2052980132450331	0.1	151
0.26881720430107525	0.2	186
0.3333333333333333	0.3	135
0.34177215189873417	0.4	79
0.6	0.5	35
0.5652173913043478	0.6	23
0.9230769230769231	0.7	13
0.75	0.8	4
0.16666666666666666	0.0	48
0.22602739726027396	0.1	146
0.2265193370165746	0.2	181
0.3081761006289308	0.3	159
0.4647887323943662	0.4	71
0.5789473684210527	0.5	38
0.5263157894736842	0.6	19
0.8461538461538461	0.7	13
0.8	0.8	5
0.16981132075471697	0.0	53
0.16666666666666666	0.1	120
0.27071823204419887	0.2	181
0.3076923076923077	0.3	156
0.37894736842105264	0.4	95
0.5862068965517241	0.5	29
0.5769230769230769	0.6	26
0.8571428571428571	0.7	14
0.8333333333333334	0.8	6
0.18333333333333332	0.0	60
0.19863013698630136	0.1	146
0.26436781609195403	0.2	174
0.35507246376811596	0.3	138
0.29411764705882354	0.4	85
0.5675675675675675	0.5	37
0.6666666666666666	0.6	21
0.8666666666666667	0.7	15
0.75	0.8	4
0.17777777777777778	0.0	45
0.17054263565891473	0.1	129
0.2802197802197802	0.2	182
0.31125827814569534	0.3	151
0.36046511627906974	0.4	86
0.4864864864864865	0.5	37
0.6451612903225806	0.6	31
0.6923076923076923	0.7	13
0.8	0.8	5
1.0	0.9	1
0.19148936170212766	0.0	47
0.22556390977443608	0.1	133
0.2571428571428571	0.2	175
0.29936305732484075	0.3	157
0.37777777777777777	0.4	90
0.47619047619047616	0.5	42
0.631578947368421	0.6	19
0.8461538461538461	0.7	13
0.75	0.8	4
0.16666666666666666	0.0	54
0.17777777777777778	0.1	135
0.25925925925925924	0.2	189
0.3591549295774648	0.3	142
0.34065934065934067	0.4	91
0.6451612903225806	0.5	31
0.6666666666666666	0.6	27
0.8571428571428571	0.7	7
0.75	0.8	4
0.18571428571428572	0.0	70
0.2125984251968504	0.1	127
0.24598930481283424	0.2	187
0.3230769230769231	0.3	130
0.4	0.4	90
0.4722222222222222	0.5	36
0.6842105263157895	0.6	19
0.7857142857142857	0.7	14
0.8	0.8	5
1.0	0.9	2
0.19148936170212766	0.0	47
0.1721311475409836	0.1	122
0.24864864864864866	0.2	185
0.3353658536585366	0.3	164
0.34615384615384615	0.4	78
0.5555555555555556	0.5	45
0.6470588235294118	0.6	17
0.6666666666666666	0.7	12
1.0	0.8	8
0.5	0.9	2
0.17307692307692307	0.0	52
0.17164179104477612	0.1	134
0.26436781609195403	0.2	174
0.3581081081081081	0.3	148
0.3684210526315789	0.4	95
0.4857142857142857	0.5	35
0.5	0.6	24
0.9090909090909091	0.7	11
0.8571428571428571	0.8	7
0.17307692307692307	0.0	52
0.20610687022900764	0.1	131
0.25149700598802394	0.2	167
0.3488372093023256	0.3	172
0.273972602739726	0.4	73
0.6	0.5	40
0.5	0.6	24
0.8235294117647058	0.7	17
0.75	0.8	4
0.19047619047619047	0.0	63
0.13513513513513514	0.1	148
0.3021978021978022	0.2	182
0.34532374100719426	0.3	139
0.410958904109589	0.4	73
0.45714285714285713	0.5	35
0.6190476190476191	0.6	21
0.9285714285714286	0.7	14
0.8	0.8	5
0.2222222222222222	0.0	45
0.19402985074626866	0.1	134
0.2823529411764706	0.2	170
0.30434782608695654	0.3	161
0.3409090909090909	0.4	88
0.5121951219512195	0.5	41
0.5454545454545454	0.6	22
0.8125	0.7	16
0.6666666666666666	0.8	3
0.22	0.0	50
0.15384615384615385	0.1	130
0.23728813559322035	0.2	177
0.35668789808917195	0.3	157
0.3333333333333333	0.4	78
0.6	0.5	45
0.4782608695652174	0.6	23
0.9375	0.7	16
0.75	0.8	4
0.22727272727272727	0.0	44
0.1791044776119403	0.1	134
0.2608695652173913	0.2	184
0.32653061224489793	0.3	147
0.3402061855670103	0.4	97
0.575	0.5	40
0.6818181818181818	0.6	22
0.8571428571428571	0.7	7
0.75	0.8	4
1.0	0.9	1
0.18518518518518517	0.0	54
0.17886178861788618	0.1	123
0.27647058823529413	0.2	170
0.30246913580246915	0.3	162
0.3978494623655914	0.4	93
0.39473684210526316	0.5	38
0.75	0.6	20
0.8125	0.7	16
0.75	0.8	4
0.21818181818181817	0.0	55
0.11940298507462686	0.1	134
0.28994082840236685	0.2	169
0.3503184713375796	0.3	157
0.35555555555555557	0.4	90
0.5454545454545454	0.5	44
0.6	0.6	15
0.9090909090909091	0.7	11
0.8	0.8	5
0.18867924528301888	0.0	53
0.18705035971223022	0.1	139
0.26136363636363635	0.2	176
0.31125827814569534	0.3	151
0.3953488372093023	0.4	86
0.627906976744186	0.5	43
0.5	0.6	16
0.8461538461538461	0.7	13
0.6666666666666666	0.8	3
0.16666666666666666	0.0	54
0.2047244094488189	0.1	127
0.25146198830409355	0.2	171
0.33548387096774196	0.3	155
0.3617021276595745	0.4	94
0.45	0.5	40
0.6666666666666666	0.6	18
0.75	0.7	12
0.8888888888888888	0.8	9
0.17777777777777778	0.0	45
0.18571428571428572	0.1	140
0.2857142857142857	0.2	168
0.33125	0.3	160
0.27380952380952384	0.4	84
0.6122448979591837	0.5	49
0.42857142857142855	0.6	14
0.7777777777777778	0.7	9
1.0	0.8	9
0.5	0.9	2
0.21153846153846154	0.0	52
0.19083969465648856	0.1	131
0.28342245989304815	0.2	187
0.3006535947712418	0.3	153
0.35526315789473684	0.4	76
0.5555555555555556	0.5	45
0.5	0.6	16
0.8666666666666667	0.7	15
0.6	0.8	5
0.17647058823529413	0.0	51
0.21367521367521367	0.1	117
0.22435897435897437	0.2	156
0.3583815028901734	0.3	173
0.27956989247311825	0.4	93
0.5454545454545454	0.5	44
0.52	0.6	25
0.75	0.7	12
0.875	0.8	8
1.0	0.9	1
0.175	0.0	40
0.16393442622950818	0.1	122
0.2556818181818182	0.2	176
0.33125	0.3	160
0.35714285714285715	0.4	98
0.4772727272727273	0.5	44
0.7391304347826086	0.6	23
0.7692307692307693	0.7	13
0.75	0.8	4
0.2127659574468085	0.0	47
0.18115942028985507	0.1	138
0.27647058823529413	0.2	170
0.31543624161073824	0.3	149
0.3333333333333333	0.4	87
0.5098039215686274	0.5	51
0.5882352941176471	0.6	17
0.7692307692307693	0.7	13
0.8571428571428571	0.8	7
1.0	0.9	1
0.18867924528301888	0.0	53
0.16911764705882354	0.1	136
0.2857142857142857	0.2	175
0.32894736842105265	0.3	152
0.3488372093023256	0.4	86
0.5555555555555556	0.5	36
0.5	0.6	22
0.8571428571428571	0.7	14
0.8	0.8	5
1.0	0.9	1
0.2	0.0	55
0.16153846153846155	0.1	130
0.24043715846994534	0.2	183
0.3469387755102041	0.3	147
0.4444444444444444	0.4	81
0.4666666666666667	0.5	45
0.5789473684210527	0.6	19
0.7692307692307693	0.7	13
0.8571428571428571	0.8	7
0.20689655172413793	0.0	58
0.16153846153846155	0.1	130
0.2887700534759358	0.2	187
0.3082191780821918	0.3	146
0.35714285714285715	0.4	84
0.5581395348837209	0.5	43
0.7142857142857143	0.6	14
0.8333333333333334	0.7	12
0.8333333333333334	0.8	6
0.19607843137254902	0.0	51
0.16083916083916083	0.1	143
0.27586206896551724	0.2	174
0.3333333333333333	0.3	153
0.37349397590361444	0.4	83
0.5806451612903226	0.5	31
0.5769230769230769	0.6	26
0.8	0.7	15
0.75	0.8	4
0.2	0.0	45
0.16666666666666666	0.1	126
0.24571428571428572	0.2	175
0.35172413793103446	0.3	145
0.3673469387755102	0.4	98
0.48148148148148145	0.5	54
0.6521739130434783	0.6	23
0.6363636363636364	0.7	11
1.0	0.8	3
0.17857142857142858	0.0	56
0.1984126984126984	0.1	126
0.2459016393442623	0.2	183
0.29936305732484075	0.3	157
0.4444444444444444	0.4	72
0.5217391304347826	0.5	46
0.6666666666666666	0.6	27
0.7777777777777778	0.7	9
0.75	0.8	4
0.18518518518518517	0.0	54
0.1986754966887417	0.1	151
0.2598870056497175	0.2	177
0.3181818181818182	0.3	154
0.3684210526315789	0.4	76
0.7142857142857143	0.5	35
0.5625	0.6	16
0.8	0.7	10
0.8571428571428571	0.8	7
0.17307692307692307	0.0	52
0.20512820512820512	0.1	117
0.24607329842931938	0.2	191
0.33112582781456956	0.3	151
0.38636363636363635	0.4	88
0.4634146341463415	0.5	41
0.6896551724137931	0.6	29
0.6666666666666666	0.7	9
1.0	0.8	2
0.17307692307692307	0.0	52
0.1897810218978102	0.1	137
0.2712765957446808	0.2	188
0.35374149659863946	0.3	147
0.2987012987012987	0.4	77
0.5609756097560976	0.5	41
0.5909090909090909	0.6	22
0.8888888888888888	0.7	9
0.8571428571428571	0.8	7
0.16666666666666666	0.0	54
0.19491525423728814	0.1	118
0.2247191011235955	0.2	178
0.3419354838709677	0.3	155
0.3409090909090909	0.4	88
0.5454545454545454	0.5	44
0.7096774193548387	0.6	31
0.8181818181818182	0.7	11
1.0	0.8	1
0.21666666666666667	0.0	60
0.19658119658119658	0.1	117
0.22905027932960895	0.2	179
0.34810126582278483	0.3	158
0.3626373626373626	0.4	91
0.5641025641025641	0.5	39
0.55	0.6	20
0.8181818181818182	0.7	11
0.8	0.8	5
0.1864406779661017	0.0	59
0.1652892561983471	0.1	121
0.265625	0.2	192
0.31386861313868614	0.3	137
0.3958333333333333	0.4	96
0.55	0.5	40
0.6666666666666666	0.6	15
0.7272727272727273	0.7	11
0.8888888888888888	0.8	9
0.18604651162790697	0.0	43
0.16666666666666666	0.1	126
0.29411764705882354	0.2	187
0.3103448275862069	0.3	145
0.30927835051546393	0.4	97
0.5714285714285714	0.5	42
0.65	0.6	20
0.7333333333333333	0.7	15
0.8	0.8	5
0.14285714285714285	0.0	56
0.17647058823529413	0.1	136
0.27472527472527475	0.2	182
0.3284671532846715	0.3	137
0.40476190476190477	0.4	84
0.47368421052631576	0.5	38
0.5757575757575758	0.6	33
1.0	0.7	8
0.8333333333333334	0.8	6
0.24	0.0	50
0.15671641791044777	0.1	134
0.24571428571428572	0.2	175
0.3509933774834437	0.3	151
0.37349397590361444	0.4	83
0.5098039215686274	0.5	51
0.5	0.6	12
0.7647058823529411	0.7	17
0.8571428571428571	0.8	7
0.14583333333333334	0.0	48
0.1865671641791045	0.1	134
0.28415300546448086	0.2	183
0.33986928104575165	0.3	153
0.35714285714285715	0.4	84
0.4634146341463415	0.5	41
0.6521739130434783	0.6	23
0.8181818181818182	0.7	11
0.6666666666666666	0.8	3
0.1896551724137931	0.0	58
0.15503875968992248	0.1	129
0.2914285714285714	0.2	175
0.3333333333333333	0.3	150
0.37349397590361444	0.4	83
0.5102040816326531	0.5	49
0.4444444444444444	0.6	18
0.8571428571428571	0.7	14
0.75	0.8	4
0.18604651162790697	0.0	43
0.1951219512195122	0.1	123
0.245	0.2	200
0.33125	0.3	160
0.375	0.4	80
0.6111111111111112	0.5	36
0.47368421052631576	0.6	19
0.8333333333333334	0.7	12
0.8333333333333334	0.8	6
1.0	0.9	1
0.18518518518518517	0.0	54
0.18181818181818182	0.1	132
0.2611111111111111	0.2	180
0.34	0.3	150
0.35714285714285715	0.4	84
0.48717948717948717	0.5	39
0.631578947368421	0.6	19
0.8333333333333334	0.7	12
0.8333333333333334	0.8	6
0.75	0.9	4
0.12698412698412698	0.0	63
0.2014388489208633	0.1	139
0.2694610778443114	0.2	167
0.3448275862068966	0.3	145
0.36363636363636365	0.4	88
0.5227272727272727	0.5	44
0.5384615384615384	0.6	13
0.8888888888888888	0.7	18
0.6666666666666666	0.8	3
0.1836734693877551	0.0	49
0.19230769230769232	0.1	130
0.27058823529411763	0.2	170
0.29931972789115646	0.3	147
0.3541666666666667	0.4	96
0.5227272727272727	0.5	44
0.5454545454545454	0.6	22
0.8	0.7	10
0.8888888888888888	0.8	9
0.6666666666666666	0.9	3
0.17647058823529413	0.0	51
0.18018018018018017	0.1	111
0.23636363636363636	0.2	165
0.31333333333333335	0.3	150
0.36363636363636365	0.4	110
0.5454545454545454	0.5	55
0.6	0.6	20
0.7857142857142857	0.7	14
0.75	0.8	4
0.20634920634920634	0.0	63
0.20422535211267606	0.1	142
0.30057803468208094	0.2	173
0.28378378378378377	0.3	148
0.3625	0.4	80
0.5294117647058824	0.5	34
0.6111111111111112	0.6	18
0.7647058823529411	0.7	17
0.8	0.8	5
0.14035087719298245	0.0	57
0.18461538461538463	0.1	130
0.27058823529411763	0.2	170
0.35374149659863946	0.3	147
0.3333333333333333	0.4	93
0.5777777777777777	0.5	45
0.4782608695652174	0.6	23
0.9	0.7	10
0.8	0.8	5
0.23404255319148937	0.0	47
0.19047619047619047	0.1	126
0.24210526315789474	0.2	190
0.3402777777777778	0.3	144
0.3409090909090909	0.4	88
0.4791666666666667	0.5	48
0.7	0.6	20
0.8571428571428571	0.7	14
0.6666666666666666	0.8	3
0.17391304347826086	0.0	46
0.1896551724137931	0.1	116
0.23976608187134502	0.2	171
0.34177215189873417	0.3	158
0.34615384615384615	0.4	104
0.5365853658536586	0.5	41
0.5217391304347826	0.6	23
0.7333333333333333	0.7	15
0.8333333333333334	0.8	6
0.18518518518518517	0.0	54
0.20491803278688525	0.1	122
0.2471264367816092	0.2	174
0.34810126582278483	0.3	158
0.3263157894736842	0.4	95
0.5405405405405406	0.5	37
0.55	0.6	20
0.7272727272727273	0.7	11
0.875	0.8	8
1.0	0.9	1
0.18032786885245902	0.0	61
0.168141592920354	0.1	113
0.21195652173913043	0.2	184
0.3581081081081081	0.3	148
0.4222222222222222	0.4	90
0.5116279069767442	0.5	43
0.6190476190476191	0.6	21
0.8	0.7	15
0.8	0.8	5
0.20454545454545456	0.0	44
0.1791044776119403	0.1	134
0.23626373626373626	0.2	182
0.3924050632911392	0.3	158
0.31521739130434784	0.4	92
0.5294117647058824	0.5	34
0.6190476190476191	0.6	21
0.9090909090909091	0.7	11
0.75	0.8	4
0.1746031746031746	0.0	63
0.2074074074074074	0.1	135
0.2698412698412698	0.2	189
0.31386861313868614	0.3	137
0.3707865168539326	0.4	89
0.5625	0.5	32
0.6153846153846154	0.6	13
1.0	0.7	7
0.7692307692307693	0.8	13
1.0	0.9	2
0.16666666666666666	0.0	54
0.2033898305084746	0.1	118
0.24157303370786518	0.2	178
0.3374233128834356	0.3	163
0.3875	0.4	80
0.48	0.5	50
0.5625	0.6	16
0.7647058823529411	0.7	17
0.75	0.8	4
0.1875	0.0	48
0.15833333333333333	0.1	120
0.2833333333333333	0.2	180
0.2903225806451613	0.3	155
0.4329896907216495	0.4	97
0.4222222222222222	0.5	45
0.5625	0.6	16
0.9285714285714286	0.7	14
0.8	0.8	5
0.1836734693877551	0.0	49
0.18796992481203006	0.1	133
0.2962962962962963	0.2	189
0.29333333333333333	0.3	150
0.35802469135802467	0.4	81
0.5	0.5	48
0.7894736842105263	0.6	19
0.8	0.7	10
1.0	0.8	1
0.17777777777777778	0.0	45
0.1721311475409836	0.1	122
0.26229508196721313	0.2	183
0.3424657534246575	0.3	146
0.3163265306122449	0.4	98
0.5238095238095238	0.5	42
0.6153846153846154	0.6	26
0.7777777777777778	0.7	9
1.0	0.8	7
0.5	0.9	2
0.16129032258064516	0.0	62
0.1693548387096774	0.1	124
0.2756756756756757	0.2	185
0.31543624161073824	0.3	149
0.3974358974358974	0.4	78
0.5238095238095238	0.5	42
0.68	0.6	25
0.8181818181818182	0.7	11
0.75	0.8	4
0.18181818181818182	0.0	44
0.16153846153846155	0.1	130
0.2647058823529412	0.2	170
0.31213872832369943	0.3	173
0.4457831325301205	0.4	83
0.475	0.5	40
0.3888888888888889	0.6	18
0.9333333333333333	0.7	15
0.8571428571428571	0.8	7
0.14285714285714285	0.0	56
0.2116788321167883	0.1	137
0.25961538461538464	0.2	208
0.3611111111111111	0.3	144
0.3287671232876712	0.4	73
0.6333333333333333	0.5	30
0.7368421052631579	0.6	19
0.8	0.7	10
1.0	0.8	3
0.19298245614035087	0.0	57
0.144	0.1	125
0.3090909090909091	0.2	165
0.2913907284768212	0.3	151
0.3595505617977528	0.4	89
0.5087719298245614	0.5	57
0.6875	0.6	16
0.7142857142857143	0.7	14
0.8333333333333334	0.8	6
0.19230769230769232	0.0	52
0.1721311475409836	0.1	122
0.26436781609195403	0.2	174
0.31788079470198677	0.3	151
0.3804347826086957	0.4	92
0.4375	0.5	48
0.6896551724137931	0.6	29
0.8571428571428571	0.7	7
0.8	0.8	5
0.19642857142857142	0.0	56
0.2	0.1	140
0.24861878453038674	0.2	181
0.3057324840764331	0.3	157
0.390625	0.4	64
0.6	0.5	45
0.6111111111111112	0.6	18
0.8333333333333334	0.7	12
0.8333333333333334	0.8	6
1.0	0.9	1
0.18181818181818182	0.0	44
0.1917808219178082	0.1	146
0.28901734104046245	0.2	173
0.31788079470198677	0.3	151
0.3076923076923077	0.4	91
0.5116279069767442	0.5	43
0.9333333333333333	0.6	15
0.75	0.7	12
0.8	0.8	5
0.171875	0.0	64
0.16793893129770993	0.1	131
0.25443786982248523	0.2	169
0.3509933774834437	0.3	151
0.3670886075949367	0.4	79
0.5471698113207547	0.5	53
0.5882352941176471	0.6	17
0.875	0.7	8
0.875	0.8	8
0.21818181818181817	0.0	55
0.11678832116788321	0.1	137
0.3048780487804878	0.2	164
0.31176470588235294	0.3	170
0.4025974025974026	0.4	77
0.5	0.5	38
0.7222222222222222	0.6	18
0.7272727272727273	0.7	11
1.0	0.8	8
0.5	0.9	2
0.20833333333333334	0.0	48
0.17518248175182483	0.1	137
0.22777777777777777	0.2	180
0.3581081081081081	0.3	148
0.3695652173913043	0.4	92
0.6216216216216216	0.5	37
0.5909090909090909	0.6	22
0.8181818181818182	0.7	11
0.8	0.8	5
0.16981132075471697	0.0	53
0.19727891156462585	0.1	147
0.26857142857142857	0.2	175
0.32450331125827814	0.3	151
0.3780487804878049	0.4	82
0.53125	0.5	32
0.65	0.6	20
0.75	0.7	12
0.8333333333333334	0.8	6
1.0	0.9	2
0.16666666666666666	0.0	48
0.1796875	0.1	128
0.23163841807909605	0.2	177
0.3563218390804598	0.3	174
0.35714285714285715	0.4	70
0.525	0.5	40
0.6	0.6	20
0.8	0.7	15
0.875	0.8	8
0.14285714285714285	0.0	63
0.17692307692307693	0.1	130
0.288135593220339	0.2	177
0.3129251700680272	0.3	147
0.4125	0.4	80
0.4897959183673469	0.5	49
0.68	0.6	25
1.0	0.7	6
0.6666666666666666	0.8	3
0.16393442622950818	0.0	61
0.18439716312056736	0.1	141
0.26011560693641617	0.2	173
0.348993288590604	0.3	149
0.3684210526315789	0.4	76
0.5121951219512195	0.5	41
0.7083333333333334	0.6	24
0.8181818181818182	0.7	11
0.75	0.8	4
0.16666666666666666	0.0	48
0.1875	0.1	128
0.2896174863387978	0.2	183
0.3197278911564626	0.3	147
0.3333333333333333	0.4	96
0.5	0.5	38
0.5454545454545454	0.6	22
0.9230769230769231	0.7	13
0.8	0.8	5
0.25	0.0	44
0.16546762589928057	0.1	139
0.27325581395348836	0.2	172
0.310126582278481	0.3	158
0.35365853658536583	0.4	82
0.5	0.5	48
0.5625	0.6	16
0.9230769230769231	0.7	13
0.875	0.8	8
0.1702127659574468	0.0	47
0.18115942028985507	0.1	138
0.24431818181818182	0.2	176
0.3660130718954248	0.3	153
0.3048780487804878	0.4	82
0.574468085106383	0.5	47
0.6842105263157895	0.6	19
0.7692307692307693	0.7	13
0.75	0.8	4
1.0	0.9	1
0.1320754716981132	0.0	53
0.1951219512195122	0.1	123
0.24293785310734464	0.2	177
0.35	0.3	140
0.31958762886597936	0.4	97
0.5555555555555556	0.5	45
0.6538461538461539	0.6	26
0.7272727272727273	0.7	11
0.8571428571428571	0.8	7
1.0	0.9	1
0.17647058823529413	0.0	51
0.1702127659574468	0.1	141
0.2824858757062147	0.2	177
0.3055555555555556	0.3	144
0.3815789473684211	0.4	76
0.5434782608695652	0.5	46
0.5769230769230769	0.6	26
0.7692307692307693	0.7	13
0.8333333333333334	0.8	6
0.16326530612244897	0.0	49
0.18461538461538463	0.1	130
0.23529411764705882	0.2	170
0.3673469387755102	0.3	147
0.3333333333333333	0.4	93
0.5238095238095238	0.5	42
0.5862068965517241	0.6	29
0.7333333333333333	0.7	15
0.8	0.8	5
0.18181818181818182	0.0	55
0.1864406779661017	0.1	118
0.25142857142857145	0.2	175
0.3431952662721893	0.3	169
0.36470588235294116	0.4	85
0.4634146341463415	0.5	41
0.6153846153846154	0.6	13
0.7333333333333333	0.7	15
0.875	0.8	8
1.0	0.9	1
0.20689655172413793	0.0	58
0.140625	0.1	128
0.281767955801105	0.2	181
0.3435114503816794	0.3	131
0.3404255319148936	0.4	94
0.5238095238095238	0.5	42
0.5454545454545454	0.6	22
0.8	0.7	15
0.7777777777777778	0.8	9
0.18	0.0	50
0.16393442622950818	0.1	122
0.27979274611398963	0.2	193
0.32666666666666666	0.3	150
0.3763440860215054	0.4	93
0.5277777777777778	0.5	36
0.6428571428571429	0.6	14
0.7058823529411765	0.7	17
0.8	0.8	5
0.15217391304347827	0.0	46
0.21311475409836064	0.1	122
0.25888324873096447	0.2	197
0.3125	0.3	144
0.35051546391752575	0.4	97
0.5	0.5	36
0.8235294117647058	0.6	17
0.7333333333333333	0.7	15
0.8333333333333334	0.8	6
0.22033898305084745	0.0	59
0.18548387096774194	0.1	124
0.28160919540229884	0.2	174
0.30405405405405406	0.3	148
0.30434782608695654	0.4	92
0.6097560975609756	0.5	41
0.5217391304347826	0.6	23
0.875	0.7	16
0.6666666666666666	0.8	3
0.16666666666666666	0.0	54
0.18487394957983194	0.1	119
0.2824858757062147	0.2	177
0.27702702702702703	0.3	148
0.3595505617977528	0.4	89
0.5454545454545454	0.5	55
0.6111111111111112	0.6	18
0.8	0.7	15
0.8	0.8	5
0.1724137931034483	0.0	58
0.16428571428571428	0.1	140
0.26373626373626374	0.2	182
0.3597122302158273	0.3	139
0.38823529411764707	0.4	85
0.46875	0.5	32
0.6086956521739131	0.6	23
0.8571428571428571	0.7	14
0.8571428571428571	0.8	7
0.18867924528301888	0.0	53
0.19117647058823528	0.1	136
0.29444444444444445	0.2	180
0.28378378378378377	0.3	148
0.3974358974358974	0.4	78
0.48	0.5	50
0.6428571428571429	0.6	14
0.6923076923076923	0.7	13
1.0	0.8	6
0.5	0.9	2
0.16279069767441862	0.0	43
0.16	0.1	125
0.2616279069767442	0.2	172
0.34	0.3	150
0.3617021276595745	0.4	94
0.4339622641509434	0.5	53
0.6363636363636364	0.6	22
0.8235294117647058	0.7	17
0.75	0.8	4
0.19047619047619047	0.0	42
0.168	0.1	125
0.23270440251572327	0.2	159
0.30113636363636365	0.3	176
0.43333333333333335	0.4	90
0.5333333333333333	0.5	45
0.5	0.6	22
0.875	0.7	16
1.0	0.8	3
0.5	0.9	2
0.22448979591836735	0.0	49
0.16793893129770993	0.1	131
0.22424242424242424	0.2	165
0.31724137931034485	0.3	145
0.38144329896907214	0.4	97
0.5192307692307693	0.5	52
0.7	0.6	20
0.7272727272727273	0.7	11
1.0	0.8	7
0.6666666666666666	0.9	3
0.16071428571428573	0.0	56
0.15873015873015872	0.1	126
0.25	0.2	180
0.375	0.3	160
0.34523809523809523	0.4	84
0.5675675675675675	0.5	37
0.6428571428571429	0.6	14
0.7647058823529411	0.7	17
0.8333333333333334	0.8	6
0.20408163265306123	0.0	49
0.18796992481203006	0.1	133
0.25153374233128833	0.2	163
0.3356164383561644	0.3	146
0.34285714285714286	0.4	105
0.47619047619047616	0.5	42
0.6111111111111112	0.6	18
0.7894736842105263	0.7	19
0.8	0.8	5
0.13953488372093023	0.0	43
0.18032786885245902	0.1	122
0.26900584795321636	0.2	171
0.33962264150943394	0.3	159
0.30434782608695654	0.4	92
0.5384615384615384	0.5	52
0.56	0.6	25
0.8333333333333334	0.7	12
0.75	0.8	4
0.2391304347826087	0.0	46
0.13709677419354838	0.1	124
0.27058823529411763	0.2	170
0.31125827814569534	0.3	151
0.38235294117647056	0.4	102
0.5	0.5	46
0.5909090909090909	0.6	22
0.8125	0.7	16
0.6666666666666666	0.8	3
0.13636363636363635	0.0	44
0.16964285714285715	0.1	112
0.26455026455026454	0.2	189
0.3448275862068966	0.3	145
0.33962264150943394	0.4	106
0.4583333333333333	0.5	48
0.6153846153846154	0.6	13
0.8888888888888888	0.7	18
0.8	0.8	5
0.20408163265306123	0.0	49
0.176	0.1	125
0.2865853658536585	0.2	164
0.28888888888888886	0.3	180
0.43333333333333335	0.4	90
0.4	0.5	35
0.65	0.6	20
0.7142857142857143	0.7	7
1.0	0.8	8
0.5	0.9	2
0.22448979591836735	0.0	49
0.168141592920354	0.1	113
0.2222222222222222	0.2	198
0.3184713375796178	0.3	157
0.43373493975903615	0.4	83
0.5777777777777777	0.5	45
0.625	0.6	16
0.7857142857142857	0.7	14
0.8	0.8	5
0.18181818181818182	0.0	55
0.2	0.1	125
0.22151898734177214	0.2	158
0.33146067415730335	0.3	178
0.4044943820224719	0.4	89
0.5135135135135135	0.5	37
0.65	0.6	20
0.8	0.7	15
0.6666666666666666	0.8	3
0.20833333333333334	0.0	48
0.16923076923076924	0.1	130
0.2781065088757396	0.2	169
0.30303030303030304	0.3	165
0.3488372093023256	0.4	86
0.5652173913043478	0.5	46
0.7692307692307693	0.6	13
0.625	0.7	16
0.8571428571428571	0.8	7
0.16071428571428573	0.0	56
0.2074074074074074	0.1	135
0.29310344827586204	0.2	174
0.2857142857142857	0.3	168
0.375	0.4	72
0.65625	0.5	32
0.55	0.6	20
0.625	0.7	16
0.8333333333333334	0.8	6
1.0	0.9	1
0.23076923076923078	0.0	52
0.15748031496062992	0.1	127
0.27807486631016043	0.2	187
0.32051282051282054	0.3	156
0.3625	0.4	80
0.5121951219512195	0.5	41
0.6666666666666666	0.6	24
0.9	0.7	10
0.6666666666666666	0.8	3
0.18	0.0	50
0.18253968253968253	0.1	126
0.2542372881355932	0.2	177
0.3548387096774194	0.3	155
0.3157894736842105	0.4	95
0.5581395348837209	0.5	43
0.7083333333333334	0.6	24
0.8571428571428571	0.7	7
0.6666666666666666	0.8	3
0.1794871794871795	0.0	39
0.20155038759689922	0.1	129
0.27807486631016043	0.2	187
0.30177514792899407	0.3	169
0.32051282051282054	0.4	78
0.5365853658536586	0.5	41
0.6842105263157895	0.6	19
0.8461538461538461	0.7	13
0.8	0.8	5
0.21052631578947367	0.0	57
0.208955223880597	0.1	134
0.25146198830409355	0.2	171
0.3	0.3	150
0.3595505617977528	0.4	89
0.6052631578947368	0.5	38
0.6086956521739131	0.6	23
0.7692307692307693	0.7	13
0.75	0.8	4
1.0	0.9	1
0.20454545454545456	0.0	44
0.14960629921259844	0.1	127
0.24571428571428572	0.2	175
0.3522012578616352	0.3	159
0.3595505617977528	0.4	89
0.5227272727272727	0.5	44
0.5	0.6	24
1.0	0.7	9
0.8571428571428571	0.8	7
1.0	0.9	2
0.14893617021276595	0.0	47
0.2074074074074074	0.1	135
0.23255813953488372	0.2	172
0.3716216216216216	0.3	148
0.2826086956521739	0.4	92
0.5681818181818182	0.5	44
0.6190476190476191	0.6	21
0.8	0.7	15
0.75	0.8	4
1.0	0.9	2
0.1509433962264151	0.0	53
0.21705426356589147	0.1	129
0.2430939226519337	0.2	181
0.3333333333333333	0.3	150
0.37777777777777777	0.4	90
0.4864864864864865	0.5	37
0.5625	0.6	16
0.7692307692307693	0.7	13
0.9	0.8	10
1.0	0.9	1
0.21052631578947367	0.0	57
0.1590909090909091	0.1	132
0.2617801047120419	0.2	191
0.3624161073825503	0.3	149
0.4074074074074074	0.4	81
0.42857142857142855	0.5	35
0.625	0.6	16
0.8181818181818182	0.7	11
1.0	0.8	6
0.5	0.9	2
0.2	0.0	50
0.16806722689075632	0.1	119
0.2619047619047619	0.2	168
0.31210191082802546	0.3	157
0.32	0.4	100
0.5777777777777777	0.5	45
0.65	0.6	20
0.7857142857142857	0.7	14
1.0	0.8	4
0.6666666666666666	0.9	3
0.1724137931034483	0.0	58
0.21774193548387097	0.1	124
0.24571428571428572	0.2	175
0.3096774193548387	0.3	155
0.3170731707317073	0.4	82
0.6190476190476191	0.5	42
0.6428571428571429	0.6	28
0.8	0.7	10
0.8333333333333334	0.8	6
0.2391304347826087	0.0	46
0.17543859649122806	0.1	114
0.24	0.2	175
0.32515337423312884	0.3	163
0.36082474226804123	0.4	97
0.4888888888888889	0.5	45
0.6190476190476191	0.6	21
0.7692307692307693	0.7	13
0.8	0.8	5
1.0	0.9	1
0.17647058823529413	0.0	51
0.1865671641791045	0.1	134
0.26666666666666666	0.2	165
0.3448275862068966	0.3	145
0.3076923076923077	0.4	91
0.5283018867924528	0.5	53
0.4782608695652174	0.6	23
0.9090909090909091	0.7	11
0.8571428571428571	0.8	7
0.17777777777777778	0.0	45
0.192	0.1	125
0.23783783783783785	0.2	185
0.38095238095238093	0.3	147
0.34375	0.4	96
0.42105263157894735	0.5	38
0.6153846153846154	0.6	26
0.7692307692307693	0.7	13
0.8	0.8	5
0.2222222222222222	0.0	45
0.15079365079365079	0.1	126
0.2956989247311828	0.2	186
0.2967741935483871	0.3	155
0.3522727272727273	0.4	88
0.5263157894736842	0.5	38
0.5789473684210527	0.6	19
0.7692307692307693	0.7	13
1.0	0.8	8
0.5	0.9	2
0.175	0.0	40
0.21487603305785125	0.1	121
0.24870466321243523	0.2	193
0.2865853658536585	0.3	164
0.4090909090909091	0.4	88
0.5238095238095238	0.5	42
0.6666666666666666	0.6	12
0.8666666666666667	0.7	15
0.8	0.8	5
0.15555555555555556	0.0	45
0.18461538461538463	0.1	130
0.24083769633507854	0.2	191
0.32515337423312884	0.3	163
0.425	0.4	80
0.5675675675675675	0.5	37
0.6666666666666666	0.6	18
0.9230769230769231	0.7	13
0.6666666666666666	0.8	3
0.14545454545454545	0.0	55
0.21323529411764705	0.1	136
0.20903954802259886	0.2	177
0.38666666666666666	0.3	150
0.4069767441860465	0.4	86
0.40625	0.5	32
0.6470588235294118	0.6	34
0.8571428571428571	0.7	7
1.0	0.8	3
0.18518518518518517	0.0	54
0.1774193548387097	0.1	124
0.2640449438202247	0.2	178
0.3333333333333333	0.3	159
0.35714285714285715	0.4	84
0.5227272727272727	0.5	44
0.6111111111111112	0.6	18
0.6666666666666666	0.7	9
1.0	0.8	8
0.5	0.9	2
0.14545454545454545	0.0	55
0.17391304347826086	0.1	115
0.27586206896551724	0.2	174
0.3092105263157895	0.3	152
0.3888888888888889	0.4	90
0.3958333333333333	0.5	48
0.6923076923076923	0.6	26
0.7857142857142857	0.7	14
0.8333333333333334	0.8	6
0.21153846153846154	0.0	52
0.1791044776119403	0.1	134
0.27485380116959063	0.2	171
0.31788079470198677	0.3	151
0.31521739130434784	0.4	92
0.6756756756756757	0.5	37
0.5	0.6	24
0.7857142857142857	0.7	14
0.8	0.8	5
0.19047619047619047	0.0	42
0.19708029197080293	0.1	137
0.25149700598802394	0.2	167
0.3310810810810811	0.3	148
0.35051546391752575	0.4	97
0.425531914893617	0.5	47
0.6666666666666666	0.6	24
0.8	0.7	10
0.8571428571428571	0.8	7
1.0	0.9	1
0.17857142857142858	0.0	56
0.18604651162790697	0.1	129
0.30939226519337015	0.2	181
0.3006993006993007	0.3	143
0.313953488372093	0.4	86
0.5111111111111111	0.5	45
0.625	0.6	24
0.8461538461538461	0.7	13
0.6666666666666666	0.8	3
0.17777777777777778	0.0	45
0.1774193548387097	0.1	124
0.25555555555555554	0.2	180
0.31724137931034485	0.3	145
0.375	0.4	96
0.47058823529411764	0.5	51
0.65	0.6	20
0.8666666666666667	0.7	15
0.6666666666666666	0.8	3
1.0	0.9	1
0.22916666666666666	0.0	48
0.15789473684210525	0.1	114
0.2289156626506024	0.2	166
0.36363636363636365	0.3	165
0.31958762886597936	0.4	97
0.5294117647058824	0.5	51
0.56	0.6	25
0.875	0.7	8
0.8	0.8	5
1.0	0.9	1
0.21568627450980393	0.0	51
0.175	0.1	120
0.26229508196721313	0.2	183
0.30434782608695654	0.3	161
0.3793103448275862	0.4	87
0.5918367346938775	0.5	49
0.5833333333333334	0.6	12
0.7857142857142857	0.7	14
0.6666666666666666	0.8	3
0.1702127659574468	0.0	47
0.15254237288135594	0.1	118
0.26380368098159507	0.2	163
0.33962264150943394	0.3	159
0.36633663366336633	0.4	101
0.425531914893617	0.5	47
0.5454545454545454	0.6	22
0.8125	0.7	16
0.8	0.8	5
1.0	0.9	1
1.0	1.0	1
0.140625	0.0	64
0.2127659574468085	0.1	141
0.2634730538922156	0.2	167
0.3404255319148936	0.3	141
0.375	0.4	96
0.4722222222222222	0.5	36
0.782608695652174	0.6	23
0.75	0.7	8
0.75	0.8	4
0.12727272727272726	0.0	55
0.16666666666666666	0.1	162
0.3352272727272727	0.2	176
0.31451612903225806	0.3	124
0.37209302325581395	0.4	86
0.5128205128205128	0.5	39
0.6086956521739131	0.6	23
0.9166666666666666	0.7	12
0.6666666666666666	0.8	3
0.14893617021276595	0.0	47
0.1652892561983471	0.1	121
0.2558139534883721	0.2	172
0.3475609756097561	0.3	164
0.34782608695652173	0.4	92
0.5476190476190477	0.5	42
0.5652173913043478	0.6	23
0.7857142857142857	0.7	14
0.8	0.8	5
0.19607843137254902	0.0	51
0.14782608695652175	0.1	115
0.27624309392265195	0.2	181
0.31543624161073824	0.3	149
0.3516483516483517	0.4	91
0.5434782608695652	0.5	46
0.4583333333333333	0.6	24
0.8235294117647058	0.7	17
0.8333333333333334	0.8	6
0.2	0.0	50
0.16176470588235295	0.1	136
0.2634730538922156	0.2	167
0.3333333333333333	0.3	153
0.35714285714285715	0.4	84
0.4782608695652174	0.5	46
0.5882352941176471	0.6	17
0.8333333333333334	0.7	18
0.7142857142857143	0.8	7
1.0	0.9	2
0.19047619047619047	0.0	42
0.18333333333333332	0.1	120
0.2556818181818182	0.2	176
0.3081761006289308	0.3	159
0.36893203883495146	0.4	103
0.5476190476190477	0.5	42
0.5263157894736842	0.6	19
0.8571428571428571	0.7	14
0.8	0.8	5
0.21153846153846154	0.0	52
0.1452991452991453	0.1	117
0.23121387283236994	0.2	173
0.34394904458598724	0.3	157
0.3956043956043956	0.4	91
0.5192307692307693	0.5	52
0.5789473684210527	0.6	19
0.8	0.7	15
0.6666666666666666	0.8	3
1.0	0.9	1
0.1956521739130435	0.0	46
0.15702479338842976	0.1	121
0.24083769633507854	0.2	191
0.358974358974359	0.3	156
0.3626373626373626	0.4	91
0.5384615384615384	0.5	39
0.65	0.6	20
0.9230769230769231	0.7	13
0.6666666666666666	0.8	3
0.1896551724137931	0.0	58
0.19117647058823528	0.1	136
0.2411764705882353	0.2	170
0.3469387755102041	0.3	147
0.3707865168539326	0.4	89
0.5	0.5	42
0.7333333333333333	0.6	15
0.75	0.7	20
0.6666666666666666	0.8	3
0.16	0.0	50
0.2033898305084746	0.1	118
0.22839506172839505	0.2	162
0.325	0.3	160
0.33653846153846156	0.4	104
0.6170212765957447	0.5	47
0.42857142857142855	0.6	14
0.6363636363636364	0.7	11
1.0	0.8	11
0.6666666666666666	0.9	3
0.22448979591836735	0.0	49
0.19672131147540983	0.1	122
0.23809523809523808	0.2	189
0.3116883116883117	0.3	154
0.38144329896907214	0.4	97
0.6666666666666666	0.5	36
0.4666666666666667	0.6	15
0.8333333333333334	0.7	12
0.8333333333333334	0.8	6
0.17307692307692307	0.0	52
0.16535433070866143	0.1	127
0.2569832402234637	0.2	179
0.3248407643312102	0.3	157
0.375	0.4	80
0.55	0.5	40
0.5714285714285714	0.6	21
0.7857142857142857	0.7	14
0.8888888888888888	0.8	9
1.0	0.9	1
0.16666666666666666	0.0	42
0.20161290322580644	0.1	124
0.25824175824175827	0.2	182
0.29411764705882354	0.3	153
0.3978494623655914	0.4	93
0.48	0.5	50
0.6666666666666666	0.6	15
0.6666666666666666	0.7	9
0.9	0.8	10
0.5	0.9	2
0.1875	0.0	48
0.20588235294117646	0.1	136
0.25274725274725274	0.2	182
0.3543307086614173	0.3	127
0.3076923076923077	0.4	104
0.5333333333333333	0.5	45
0.65	0.6	20
0.7	0.7	10
0.8571428571428571	0.8	7
1.0	0.9	1
0.14545454545454545	0.0	55
0.19130434782608696	0.1	115
0.27586206896551724	0.2	174
0.31756756756756754	0.3	148
0.30612244897959184	0.4	98
0.5609756097560976	0.5	41
0.6333333333333333	0.6	30
0.7142857142857143	0.7	14
0.8	0.8	5
0.2	0.0	50
0.21311475409836064	0.1	122
0.25274725274725274	0.2	182
0.3202614379084967	0.3	153
0.32222222222222224	0.4	90
0.5609756097560976	0.5	41
0.5652173913043478	0.6	23
0.7647058823529411	0.7	17
1.0	0.8	2
0.19230769230769232	0.0	52
0.16666666666666666	0.1	120
0.24064171122994651	0.2	187
0.33116883116883117	0.3	154
0.43010752688172044	0.4	93
0.5238095238095238	0.5	42
0.6111111111111112	0.6	18
0.8888888888888888	0.7	9
0.75	0.8	4
1.0	0.9	1
0.15384615384615385	0.0	52
0.19402985074626866	0.1	134
0.2655367231638418	0.2	177
0.3137254901960784	0.3	153
0.40217391304347827	0.4	92
0.5135135135135135	0.5	37
0.6666666666666666	0.6	21
0.9090909090909091	0.7	11
0.6666666666666666	0.8	3
0.1875	0.0	48
0.1651376146788991	0.1	109
0.24581005586592178	0.2	179
0.3128834355828221	0.3	163
0.391304347826087	0.4	92
0.46511627906976744	0.5	43
0.6190476190476191	0.6	21
0.7692307692307693	0.7	13
0.9	0.8	10
0.5	0.9	2
0.19230769230769232	0.0	52
0.18461538461538463	0.1	130
0.2696078431372549	0.2	204
0.34306569343065696	0.3	137
0.3764705882352941	0.4	85
0.4411764705882353	0.5	34
0.625	0.6	16
0.7857142857142857	0.7	14
0.875	0.8	8
0.2222222222222222	0.0	45
0.17073170731707318	0.1	123
0.24858757062146894	0.2	177
0.3227848101265823	0.3	158
0.3956043956043956	0.4	91
0.46808510638297873	0.5	47
0.47058823529411764	0.6	17
0.8666666666666667	0.7	15
0.8571428571428571	0.8	7
0.20454545454545456	0.0	44
0.16363636363636364	0.1	110
0.23699421965317918	0.2	173
0.3176470588235294	0.3	170
0.32608695652173914	0.4	92
0.6744186046511628	0.5	43
0.4782608695652174	0.6	23
0.75	0.7	20
0.8	0.8	5
0.23404255319148937	0.0	47
0.19548872180451127	0.1	133
0.24571428571428572	0.2	175
0.3413173652694611	0.3	167
0.3037974683544304	0.4	79
0.6341463414634146	0.5	41
0.5	0.6	20
0.7	0.7	10
1.0	0.8	6
0.5	0.9	2
0.15254237288135594	0.0	59
0.2109375	0.1	128
0.26737967914438504	0.2	187
0.29931972789115646	0.3	147
0.42391304347826086	0.4	92
0.5555555555555556	0.5	36
0.5625	0.6	16
0.9	0.7	10
0.8	0.8	5
0.1746031746031746	0.0	63
0.2	0.1	125
0.2554347826086957	0.2	184
0.35507246376811596	0.3	138
0.3404255319148936	0.4	94
0.5405405405405406	0.5	37
0.5	0.6	18
0.875	0.7	16
1.0	0.8	3
0.5	0.9	2
0.17307692307692307	0.0	52
0.14960629921259844	0.1	127
0.2802197802197802	0.2	182
0.302158273381295	0.3	139
0.43956043956043955	0.4	91
0.4583333333333333	0.5	48
0.6666666666666666	0.6	27
0.6666666666666666	0.7	12
1.0	0.8	1
1.0	0.9	1
0.1935483870967742	0.0	62
0.15079365079365079	0.1	126
0.26666666666666666	0.2	180
0.36024844720496896	0.3	161
0.42105263157894735	0.4	76
0.4375	0.5	32
0.5833333333333334	0.6	24
0.6666666666666666	0.7	12
0.8333333333333334	0.8	6
1.0	0.9	1
0.21818181818181817	0.0	55
0.15441176470588236	0.1	136
0.287292817679558	0.2	181
0.29931972789115646	0.3	147
0.4065934065934066	0.4	91
0.5714285714285714	0.5	35
0.6	0.6	15
0.8235294117647058	0.7	17
0.6666666666666666	0.8	3
0.18518518518518517	0.0	54
0.19008264462809918	0.1	121
0.24581005586592178	0.2	179
0.31851851851851853	0.3	135
0.3626373626373626	0.4	91
0.4716981132075472	0.5	53
0.5789473684210527	0.6	19
0.7368421052631579	0.7	19
0.875	0.8	8
1.0	0.9	1
0.16923076923076924	0.0	65
0.1810344827586207	0.1	116
0.23809523809523808	0.2	168
0.37142857142857144	0.3	140
0.30392156862745096	0.4	102
0.62	0.5	50
0.4444444444444444	0.6	18
0.8	0.7	15
0.8333333333333334	0.8	6
0.16326530612244897	0.0	49
0.18518518518518517	0.1	108
0.2265193370165746	0.2	181
0.34	0.3	150
0.3564356435643564	0.4	101
0.49056603773584906	0.5	53
0.6666666666666666	0.6	21
0.9090909090909091	0.7	11
0.8333333333333334	0.8	6
0.2127659574468085	0.0	47
0.17985611510791366	0.1	139
0.30526315789473685	0.2	190
0.2972972972972973	0.3	148
0.36	0.4	75
0.4772727272727273	0.5	44
0.6363636363636364	0.6	22
0.8	0.7	10
0.75	0.8	4
1.0	0.9	1
0.23529411764705882	0.0	51
0.17557251908396945	0.1	131
0.3	0.2	180
0.2689655172413793	0.3	145
0.3548387096774194	0.4	93
0.5135135135135135	0.5	37
0.6521739130434783	0.6	23
0.8125	0.7	16
0.6666666666666666	0.8	3
1.0	0.9	1
0.14893617021276595	0.0	47
0.19230769230769232	0.1	130
0.26344086021505375	0.2	186
0.33793103448275863	0.3	145
0.34408602150537637	0.4	93
0.5526315789473685	0.5	38
0.6923076923076923	0.6	26
0.6153846153846154	0.7	13
1.0	0.8	2
0.2222222222222222	0.0	54
0.17073170731707318	0.1	123
0.27058823529411763	0.2	170
0.30201342281879195	0.3	149
0.3469387755102041	0.4	98
0.5238095238095238	0.5	42
0.6428571428571429	0.6	28
0.8333333333333334	0.7	12
0.75	0.8	4
0.2	0.0	50
0.18055555555555555	0.1	144
0.2857142857142857	0.2	182
0.30864197530864196	0.3	162
0.4	0.4	75
0.5625	0.5	32
0.5714285714285714	0.6	14
0.8235294117647058	0.7	17
0.75	0.8	4
0.16363636363636364	0.0	55
0.18110236220472442	0.1	127
0.25842696629213485	0.2	178
0.33116883116883117	0.3	154
0.4065934065934066	0.4	91
0.47619047619047616	0.5	42
0.6666666666666666	0.6	15
0.8571428571428571	0.7	14
0.75	0.8	4
0.20967741935483872	0.0	62
0.2	0.1	155
0.2606060606060606	0.2	165
0.3357664233576642	0.3	137
0.36046511627906974	0.4	86
0.5	0.5	36
0.7	0.6	20
0.75	0.7	12
1.0	0.8	5
0.5	0.9	2
0.20754716981132076	0.0	53
0.18032786885245902	0.1	122
0.2617801047120419	0.2	191
0.30434782608695654	0.3	161
0.375	0.4	72
0.5714285714285714	0.5	49
0.6956521739130435	0.6	23
0.875	0.7	8
1.0	0.8	1
0.16666666666666666	0.0	54
0.22058823529411764	0.1	136
0.23255813953488372	0.2	172
0.3137254901960784	0.3	153
0.41379310344827586	0.4	87
0.5365853658536586	0.5	41
0.5333333333333333	0.6	15
0.8333333333333334	0.7	18
0.75	0.8	4
0.16923076923076924	0.0	65
0.20161290322580644	0.1	124
0.2603550295857988	0.2	169
0.3092105263157895	0.3	152
0.38095238095238093	0.4	84
0.5263157894736842	0.5	38
0.5882352941176471	0.6	34
0.8888888888888888	0.7	9
0.8	0.8	5
0.16326530612244897	0.0	49
0.2109375	0.1	128
0.21893491124260356	0.2	169
0.36538461538461536	0.3	156
0.30851063829787234	0.4	94
0.5	0.5	44
0.7	0.6	20
0.875	0.7	16
0.75	0.8	4
0.18	0.0	50
0.1796875	0.1	128
0.2655367231638418	0.2	177
0.3194444444444444	0.3	144
0.38461538461538464	0.4	104
0.6060606060606061	0.5	33
0.4444444444444444	0.6	27
0.8461538461538461	0.7	13
0.75	0.8	4
0.19298245614035087	0.0	57
0.16806722689075632	0.1	119
0.23076923076923078	0.2	182
0.3708609271523179	0.3	151
0.3829787234042553	0.4	94
0.4722222222222222	0.5	36
0.5789473684210527	0.6	19
0.8	0.7	15
0.8	0.8	5
1.0	0.9	1
1.0	1.0	1
0.18604651162790697	0.0	43
0.2	0.1	115
0.23636363636363636	0.2	165
0.31875	0.3	160
0.37037037037037035	0.4	108
0.39215686274509803	0.5	51
0.7142857142857143	0.6	21
0.9285714285714286	0.7	14
0.6666666666666666	0.8	3
0.17647058823529413	0.0	51
0.184	0.1	125
0.28415300546448086	0.2	183
0.29559748427672955	0.3	159
0.38095238095238093	0.4	84
0.5227272727272727	0.5	44
0.6111111111111112	0.6	18
0.7777777777777778	0.7	9
1.0	0.8	6
1.0	0.9	1
0.1509433962264151	0.0	53
0.1640625	0.1	128
0.2658959537572254	0.2	173
0.36363636363636365	0.3	165
0.358974358974359	0.4	78
0.5	0.5	44
0.6538461538461539	0.6	26
0.5714285714285714	0.7	7
0.8333333333333334	0.8	6
0.18181818181818182	0.0	44
0.16911764705882354	0.1	136
0.25555555555555554	0.2	180
0.36645962732919257	0.3	161
0.34146341463414637	0.4	82
0.5128205128205128	0.5	39
0.5294117647058824	0.6	17
0.875	0.7	16
0.8	0.8	5
0.15517241379310345	0.0	58
0.18840579710144928	0.1	138
0.26282051282051283	0.2	156
0.3395061728395062	0.3	162
0.3333333333333333	0.4	87
0.5714285714285714	0.5	42
0.6842105263157895	0.6	19
0.75	0.7	12
0.8333333333333334	0.8	6
0.19230769230769232	0.0	52
0.18421052631578946	0.1	114
0.22988505747126436	0.2	174
0.31097560975609756	0.3	164
0.4117647058823529	0.4	85
0.5227272727272727	0.5	44
0.5666666666666667	0.6	30
0.8461538461538461	0.7	13
0.75	0.8	4
0.21428571428571427	0.0	42
0.16666666666666666	0.1	120
0.24858757062146894	0.2	177
0.3333333333333333	0.3	159
0.34375	0.4	96
0.5681818181818182	0.5	44
0.5	0.6	22
0.8125	0.7	16
0.75	0.8	4
0.19148936170212766	0.0	47
0.15447154471544716	0.1	123
0.2737430167597765	0.2	179
0.32098765432098764	0.3	162
0.37209302325581395	0.4	86
0.525	0.5	40
0.56	0.6	25
0.8	0.7	10
0.875	0.8	8
0.18	0.0	50
0.16521739130434782	0.1	115
0.26857142857142857	0.2	175
0.3287671232876712	0.3	146
0.32989690721649484	0.4	97
0.5094339622641509	0.5	53
0.5416666666666666	0.6	24
0.8235294117647058	0.7	17
0.6666666666666666	0.8	3
0.17647058823529413	0.0	68
0.17266187050359713	0.1	139
0.3058823529411765	0.2	170
0.3333333333333333	0.3	144
0.33783783783783783	0.4	74
0.5	0.5	44
0.5	0.6	22
0.9333333333333333	0.7	15
0.75	0.8	4
0.18518518518518517	0.0	54
0.18461538461538463	0.1	130
0.25668449197860965	0.2	187
0.33088235294117646	0.3	136
0.3333333333333333	0.4	96
0.6341463414634146	0.5	41
0.6111111111111112	0.6	18
0.8461538461538461	0.7	13
1.0	0.8	3
0.5	0.9	2
0.16326530612244897	0.0	49
0.203125	0.1	128
0.24293785310734464	0.2	177
0.3660130718954248	0.3	153
0.358695652173913	0.4	92
0.46808510638297873	0.5	47
0.5	0.6	18
0.9090909090909091	0.7	11
0.8	0.8	5
0.175	0.0	40
0.20161290322580644	0.1	124
0.21965317919075145	0.2	173
0.36538461538461536	0.3	156
0.32608695652173914	0.4	92
0.5	0.5	52
0.59375	0.6	32
0.8571428571428571	0.7	7
0.75	0.8	4
0.16666666666666666	0.0	48
0.20155038759689922	0.1	129
0.23809523809523808	0.2	168
0.32941176470588235	0.3	170
0.35714285714285715	0.4	84
0.6190476190476191	0.5	42
0.5238095238095238	0.6	21
0.8	0.7	15
0.6666666666666666	0.8	3
0.18604651162790697	0.0	43
0.2076923076923077	0.1	130
0.28421052631578947	0.2	190
0.2709677419354839	0.3	155
0.41836734693877553	0.4	98
0.43478260869565216	0.5	23
0.6666666666666666	0.6	24
0.75	0.7	12
0.8	0.8	5
0.2127659574468085	0.0	47
0.18803418803418803	0.1	117
0.25268817204301075	0.2	186
0.31446540880503143	0.3	159
0.34146341463414637	0.4	82
0.5106382978723404	0.5	47
0.6818181818181818	0.6	22
0.7333333333333333	0.7	15
0.8	0.8	5
0.1956521739130435	0.0	46
0.16901408450704225	0.1	142
0.2737430167597765	0.2	179
0.32335329341317365	0.3	167
0.3939393939393939	0.4	66
0.5531914893617021	0.5	47
0.46153846153846156	0.6	13
0.8333333333333334	0.7	12
0.8571428571428571	0.8	7
1.0	0.9	1
0.20754716981132076	0.0	53
0.1746031746031746	0.1	126
0.2823529411764706	0.2	170
0.3018867924528302	0.3	159
0.3488372093023256	0.4	86
0.5227272727272727	0.5	44
0.6190476190476191	0.6	21
0.7142857142857143	0.7	14
0.8571428571428571	0.8	7
0.19642857142857142	0.0	56
0.1724137931034483	0.1	116
0.24431818181818182	0.2	176
0.325	0.3	160
0.36666666666666664	0.4	90
0.5681818181818182	0.5	44
0.625	0.6	16
0.7333333333333333	0.7	15
0.8571428571428571	0.8	7
0.2413793103448276	0.0	58
0.16666666666666666	0.1	138
0.27040816326530615	0.2	196
0.3263888888888889	0.3	144
0.42424242424242425	0.4	66
0.425	0.5	40
0.7272727272727273	0.6	22
0.8	0.7	10
0.8333333333333334	0.8	6
0.14814814814814814	0.0	54
0.2288135593220339	0.1	118
0.25	0.2	184
0.3356164383561644	0.3	146
0.31958762886597936	0.4	97
0.5	0.5	46
0.7058823529411765	0.6	17
0.8181818181818182	0.7	11
1.0	0.8	4
0.6666666666666666	0.9	3
0.1956521739130435	0.0	46
0.1889763779527559	0.1	127
0.21764705882352942	0.2	170
0.35185185185185186	0.3	162
0.41304347826086957	0.4	92
0.3181818181818182	0.5	44
0.7894736842105263	0.6	19
0.8666666666666667	0.7	15
0.8	0.8	5
0.17777777777777778	0.0	45
0.15151515151515152	0.1	132
0.24293785310734464	0.2	177
0.3493150684931507	0.3	146
0.375	0.4	96
0.5476190476190477	0.5	42
0.6666666666666666	0.6	18
0.75	0.7	20
0.75	0.8	4
0.2	0.0	45
0.175	0.1	120
0.234375	0.2	192
0.3684210526315789	0.3	152
0.3723404255319149	0.4	94
0.4883720930232558	0.5	43
0.6428571428571429	0.6	14
0.6666666666666666	0.7	12
1.0	0.8	6
0.5	0.9	2
0.17391304347826086	0.0	46
0.20491803278688525	0.1	122
0.2711864406779661	0.2	177
0.2857142857142857	0.3	147
0.33	0.4	100
0.5208333333333334	0.5	48
0.6875	0.6	16
0.75	0.7	16
0.875	0.8	8
0.2	0.0	45
0.21641791044776118	0.1	134
0.2620320855614973	0.2	187
0.31690140845070425	0.3	142
0.3368421052631579	0.4	95
0.5135135135135135	0.5	37
0.6666666666666666	0.6	21
0.6666666666666666	0.7	12
1.0	0.8	5
0.5	0.9	2
0.17391304347826086	0.0	46
0.19708029197080293	0.1	137
0.23417721518987342	0.2	158
0.3860759493670886	0.3	158
0.29245283018867924	0.4	106
0.6428571428571429	0.5	42
0.25	0.6	12
0.8181818181818182	0.7	11
0.7777777777777778	0.8	9
1.0	0.9	1
0.1509433962264151	0.0	53
0.211864406779661	0.1	118
0.23391812865497075	0.2	171
0.3333333333333333	0.3	156
0.3684210526315789	0.4	95
0.45454545454545453	0.5	44
0.5714285714285714	0.6	21
0.8333333333333334	0.7	18
1.0	0.8	3
1.0	0.9	1
0.22	0.0	50
0.15702479338842976	0.1	121
0.2808988764044944	0.2	178
0.2980132450331126	0.3	151
0.4020618556701031	0.4	97
0.42857142857142855	0.5	42
0.6086956521739131	0.6	23
0.8461538461538461	0.7	13
0.8	0.8	5
0.22448979591836735	0.0	49
0.18110236220472442	0.1	127
0.2702702702702703	0.2	185
0.32075471698113206	0.3	159
0.375	0.4	88
0.475	0.5	40
0.6111111111111112	0.6	18
1.0	0.7	9
0.8	0.8	5
0.14285714285714285	0.0	77
0.19607843137254902	0.1	153
0.26627218934911245	0.2	169
0.3816793893129771	0.3	131
0.373134328358209	0.4	67
0.5	0.5	44
0.5555555555555556	0.6	18
0.8571428571428571	0.7	14
0.8571428571428571	0.8	7
0.19607843137254902	0.0	51
0.1826086956521739	0.1	115
0.25	0.2	164
0.3433734939759036	0.3	166
0.3652173913043478	0.4	115
0.4722222222222222	0.5	36
0.5333333333333333	0.6	15
0.8461538461538461	0.7	13
0.8	0.8	5
0.17647058823529413	0.0	51
0.17054263565891473	0.1	129
0.2751322751322751	0.2	189
0.3333333333333333	0.3	141
0.35106382978723405	0.4	94
0.5454545454545454	0.5	33
0.5909090909090909	0.6	22
0.8235294117647058	0.7	17
0.75	0.8	4
0.21428571428571427	0.0	56
0.21379310344827587	0.1	145
0.2824858757062147	0.2	177
0.272108843537415	0.3	147
0.3684210526315789	0.4	76
0.5853658536585366	0.5	41
0.55	0.6	20
0.8571428571428571	0.7	14
1.0	0.8	2
0.5	0.9	2
0.1875	0.0	48
0.16666666666666666	0.1	132
0.2192513368983957	0.2	187
0.3851851851851852	0.3	135
0.36904761904761907	0.4	84
0.45652173913043476	0.5	46
0.5833333333333334	0.6	24
0.8947368421052632	0.7	19
0.8	0.8	5
0.17307692307692307	0.0	52
0.1951219512195122	0.1	123
0.2578947368421053	0.2	190
0.32867132867132864	0.3	143
0.33707865168539325	0.4	89
0.53125	0.5	32
0.5555555555555556	0.6	27
0.8333333333333334	0.7	18
0.8333333333333334	0.8	6
0.16923076923076924	0.0	65
0.1897810218978102	0.1	137
0.25308641975308643	0.2	162
0.3333333333333333	0.3	144
0.3953488372093023	0.4	86
0.4897959183673469	0.5	49
0.7	0.6	20
0.7857142857142857	0.7	14
0.6666666666666666	0.8	3
0.21052631578947367	0.0	38
0.168	0.1	125
0.23391812865497075	0.2	171
0.3352941176470588	0.3	170
0.37362637362637363	0.4	91
0.5111111111111111	0.5	45
0.6	0.6	20
0.7857142857142857	0.7	14
1.0	0.8	4
0.5	0.9	2
0.19230769230769232	0.0	52
0.1702127659574468	0.1	141
0.2696629213483146	0.2	178
0.32142857142857145	0.3	140
0.4177215189873418	0.4	79
0.4117647058823529	0.5	51
0.6666666666666666	0.6	18
0.875	0.7	16
0.8	0.8	5
0.16666666666666666	0.0	48
0.21374045801526717	0.1	131
0.2471264367816092	0.2	174
0.31756756756756754	0.3	148
0.37755102040816324	0.4	98
0.475	0.5	40
0.6296296296296297	0.6	27
0.9	0.7	10
0.75	0.8	4
0.1774193548387097	0.0	62
0.19548872180451127	0.1	133
0.2702702702702703	0.2	185
0.3125	0.3	128
0.33707865168539325	0.4	89
0.5897435897435898	0.5	39
0.6363636363636364	0.6	22
0.7142857142857143	0.7	14
0.875	0.8	8
0.19148936170212766	0.0	47
0.1746031746031746	0.1	126
0.2857142857142857	0.2	182
0.30625	0.3	160
0.39361702127659576	0.4	94
0.43333333333333335	0.5	30
0.65	0.6	20
0.7142857142857143	0.7	14
0.8571428571428571	0.8	7
0.19298245614035087	0.0	57
0.1896551724137931	0.1	116
0.24157303370786518	0.2	178
0.36585365853658536	0.3	164
0.3146067415730337	0.4	89
0.5476190476190477	0.5	42
0.5384615384615384	0.6	13
0.7272727272727273	0.7	11
0.9	0.8	10
0.16279069767441862	0.0	43
0.19083969465648856	0.1	131
0.2781065088757396	0.2	169
0.28662420382165604	0.3	157
0.4	0.4	95
0.35	0.5	40
0.7368421052631579	0.6	19
0.7142857142857143	0.7	14
0.8888888888888888	0.8	9
1.0	0.9	1
1.0	1.0	2
0.22	0.0	50
0.15328467153284672	0.1	137
0.2955665024630542	0.2	203
0.34057971014492755	0.3	138
0.32894736842105265	0.4	76
0.5135135135135135	0.5	37
0.6190476190476191	0.6	21
0.8571428571428571	0.7	14
0.75	0.8	4
0.22807017543859648	0.0	57
0.15037593984962405	0.1	133
0.2658959537572254	0.2	173
0.3333333333333333	0.3	159
0.3625	0.4	80
0.5897435897435898	0.5	39
0.6	0.6	25
0.8888888888888888	0.7	9
0.8	0.8	5
0.14814814814814814	0.0	54
0.2014388489208633	0.1	139
0.26063829787234044	0.2	188
0.30612244897959184	0.3	147
0.4625	0.4	80
0.4857142857142857	0.5	35
0.65	0.6	20
0.8571428571428571	0.7	14
0.6666666666666666	0.8	3
0.13953488372093023	0.0	43
0.17543859649122806	0.1	114
0.25862068965517243	0.2	174
0.32727272727272727	0.3	165
0.39	0.4	100
0.40476190476190477	0.5	42
0.6666666666666666	0.6	21
0.75	0.7	16
0.8	0.8	5
0.17857142857142858	0.0	56
0.14960629921259844	0.1	127
0.2918918918918919	0.2	185
0.3333333333333333	0.3	150
0.37037037037037035	0.4	81
0.5	0.5	42
0.65	0.6	20
0.6666666666666666	0.7	12
0.8571428571428571	0.8	7
0.21666666666666667	0.0	60
0.17532467532467533	0.1	154
0.3068181818181818	0.2	176
0.3	0.3	120
0.39325842696629215	0.4	89
0.45454545454545453	0.5	44
0.5238095238095238	0.6	21
1.0	0.7	11
0.8	0.8	5
0.14583333333333334	0.0	48
0.21374045801526717	0.1	131
0.23121387283236994	0.2	173
0.3561643835616438	0.3	146
0.34	0.4	100
0.5526315789473685	0.5	38
0.4583333333333333	0.6	24
0.9375	0.7	16
0.75	0.8	4
0.1951219512195122	0.0	41
0.15	0.1	120
0.25748502994011974	0.2	167
0.36419753086419754	0.3	162
0.26595744680851063	0.4	94
0.5	0.5	58
0.8125	0.6	16
0.6875	0.7	16
0.8333333333333334	0.8	6
0.1702127659574468	0.0	47
0.16666666666666666	0.1	120
0.26285714285714284	0.2	175
0.3419354838709677	0.3	155
0.3592233009708738	0.4	103
0.4594594594594595	0.5	37
0.5238095238095238	0.6	21
0.8571428571428571	0.7	14
0.875	0.8	8
0.20408163265306123	0.0	49
0.18518518518518517	0.1	135
0.27472527472527475	0.2	182
0.3333333333333333	0.3	156
0.32894736842105265	0.4	76
0.5	0.5	40
0.5833333333333334	0.6	24
0.8666666666666667	0.7	15
0.6666666666666666	0.8	3
0.22448979591836735	0.0	49
0.13157894736842105	0.1	114
0.2712765957446808	0.2	188
0.35443037974683544	0.3	158
0.3058823529411765	0.4	85
0.58	0.5	50
0.5	0.6	16
0.7142857142857143	0.7	14
0.8333333333333334	0.8	6
0.21951219512195122	0.0	41
0.14960629921259844	0.1	127
0.27058823529411763	0.2	170
0.31788079470198677	0.3	151
0.36538461538461536	0.4	104
0.5106382978723404	0.5	47
0.68	0.6	25
0.6153846153846154	0.7	13
1.0	0.8	2
0.1875	0.0	48
0.16806722689075632	0.1	119
0.26229508196721313	0.2	183
0.3197278911564626	0.3	147
0.35	0.4	100
0.5121951219512195	0.5	41
0.6923076923076923	0.6	26
0.8181818181818182	0.7	11
0.8	0.8	5
0.1896551724137931	0.0	58
0.18181818181818182	0.1	132
0.30113636363636365	0.2	176
0.32679738562091504	0.3	153
0.3026315789473684	0.4	76
0.5116279069767442	0.5	43
0.5833333333333334	0.6	24
0.7692307692307693	0.7	13
0.75	0.8	4
1.0	0.9	1
0.23684210526315788	0.0	38
0.1484375	0.1	128
0.25842696629213485	0.2	178
0.32894736842105265	0.3	152
0.3888888888888889	0.4	90
0.4375	0.5	48
0.56	0.6	25
0.8	0.7	15
0.8333333333333334	0.8	6
0.1836734693877551	0.0	49
0.16783216783216784	0.1	143
0.2937853107344633	0.2	177
0.31446540880503143	0.3	159
0.391304347826087	0.4	69
0.4772727272727273	0.5	44
0.7	0.6	20
0.7333333333333333	0.7	15
0.75	0.8	4
0.15384615384615385	0.0	52
0.18571428571428572	0.1	140
0.2857142857142857	0.2	168
0.3188405797101449	0.3	138
0.336734693877551	0.4	98
0.5714285714285714	0.5	35
0.5517241379310345	0.6	29
0.7857142857142857	0.7	14
0.8333333333333334	0.8	6
0.19047619047619047	0.0	63
0.18382352941176472	0.1	136
0.2754491017964072	0.2	167
0.3288590604026846	0.3	149
0.37037037037037035	0.4	81
0.5	0.5	42
0.6666666666666666	0.6	27
0.6363636363636364	0.7	11
0.75	0.8	4
0.1951219512195122	0.0	41
0.2109375	0.1	128
0.1977401129943503	0.2	177
0.3719512195121951	0.3	164
0.34408602150537637	0.4	93
0.5609756097560976	0.5	41
0.5294117647058824	0.6	17
0.8461538461538461	0.7	13
0.8333333333333334	0.8	6
0.16666666666666666	0.0	48
0.1984126984126984	0.1	126
0.24175824175824176	0.2	182
0.3422818791946309	0.3	149
0.36470588235294116	0.4	85
0.40476190476190477	0.5	42
0.68	0.6	25
0.7333333333333333	0.7	15
0.875	0.8	8
0.16326530612244897	0.0	49
0.1640625	0.1	128
0.25748502994011974	0.2	167
0.31875	0.3	160
0.391304347826087	0.4	92
0.4782608695652174	0.5	46
0.7407407407407407	0.6	27
0.8888888888888888	0.7	9
1.0	0.8	2
0.1956521739130435	0.0	46
0.15079365079365079	0.1	126
0.2874251497005988	0.2	167
0.3151515151515151	0.3	165
0.3763440860215054	0.4	93
0.46511627906976744	0.5	43
0.6818181818181818	0.6	22
0.6666666666666666	0.7	12
0.8	0.8	5
1.0	0.9	1
0.1590909090909091	0.0	44
0.18032786885245902	0.1	122
0.2413793103448276	0.2	174
0.35714285714285715	0.3	154
0.34782608695652173	0.4	92
0.49019607843137253	0.5	51
0.5263157894736842	0.6	19
0.6428571428571429	0.7	14
0.8571428571428571	0.8	7
1.0	0.9	3
0.16666666666666666	0.0	48
0.16923076923076924	0.1	130
0.29120879120879123	0.2	182
0.3161290322580645	0.3	155
0.32098765432098764	0.4	81
0.6170212765957447	0.5	47
0.5	0.6	18
0.8125	0.7	16
0.6666666666666666	0.8	3
0.16666666666666666	0.0	48
0.18253968253968253	0.1	126
0.24731182795698925	0.2	186
0.3355263157894737	0.3	152
0.3717948717948718	0.4	78
0.4782608695652174	0.5	46
0.6428571428571429	0.6	28
0.9230769230769231	0.7	13
0.6666666666666666	0.8	3
0.1956521739130435	0.0	46
0.20437956204379562	0.1	137
0.24858757062146894	0.2	177
0.31645569620253167	0.3	158
0.375	0.4	88
0.5555555555555556	0.5	36
0.6086956521739131	0.6	23
0.9090909090909091	0.7	11
0.75	0.8	4
0.20754716981132076	0.0	53
0.14953271028037382	0.1	107
0.24324324324324326	0.2	185
0.3216374269005848	0.3	171
0.4457831325301205	0.4	83
0.5	0.5	42
0.56	0.6	25
0.9090909090909091	0.7	11
0.6666666666666666	0.8	3
0.14035087719298245	0.0	57
0.20408163265306123	0.1	147
0.3253012048192771	0.2	166
0.2684563758389262	0.3	149
0.3625	0.4	80
0.5263157894736842	0.5	38
0.5652173913043478	0.6	23
0.8461538461538461	0.7	13
0.8571428571428571	0.8	7
0.1956521739130435	0.0	46
0.20491803278688525	0.1	122
0.24260355029585798	0.2	169
0.32515337423312884	0.3	163
0.3619047619047619	0.4	105
0.5111111111111111	0.5	45
0.6875	0.6	16
0.8181818181818182	0.7	11
0.6666666666666666	0.8	3
0.17391304347826086	0.0	46
0.175	0.1	120
0.23125	0.2	160
0.32075471698113206	0.3	159
0.34951456310679613	0.4	103
0.5581395348837209	0.5	43
0.56	0.6	25
0.8333333333333334	0.7	18
0.8	0.8	5
1.0	0.9	1
0.18333333333333332	0.0	60
0.15748031496062992	0.1	127
0.27717391304347827	0.2	184
0.31690140845070425	0.3	142
0.40476190476190477	0.4	84
0.4358974358974359	0.5	39
0.625	0.6	24
0.9230769230769231	0.7	13
0.8571428571428571	0.8	7
0.25	0.0	52
0.16279069767441862	0.1	129
0.28415300546448086	0.2	183
0.28776978417266186	0.3	139
0.3684210526315789	0.4	95
0.475	0.5	40
0.7391304347826086	0.6	23
0.6923076923076923	0.7	13
0.8333333333333334	0.8	6
0.2	0.0	45
0.14678899082568808	0.1	109
0.25405405405405407	0.2	185
0.31543624161073824	0.3	149
0.3723404255319149	0.4	94
0.5098039215686274	0.5	51
0.5	0.6	24
0.8	0.7	15
0.8571428571428571	0.8	7
1.0	0.9	1
0.1951219512195122	0.0	41
0.18548387096774194	0.1	124
0.21428571428571427	0.2	182
0.36538461538461536	0.3	156
0.3793103448275862	0.4	87
0.4772727272727273	0.5	44
0.52	0.6	25
0.8	0.7	15
0.8333333333333334	0.8	6
0.1875	0.0	48
0.2109375	0.1	128
0.2411764705882353	0.2	170
0.32515337423312884	0.3	163
0.34444444444444444	0.4	90
0.5348837209302325	0.5	43
0.631578947368421	0.6	19
0.7857142857142857	0.7	14
0.8	0.8	5
0.1875	0.0	48
0.176056338028169	0.1	142
0.24260355029585798	0.2	169
0.35365853658536583	0.3	164
0.36363636363636365	0.4	77
0.5428571428571428	0.5	35
0.5652173913043478	0.6	23
0.8125	0.7	16
0.75	0.8	4
1.0	0.9	2
0.19230769230769232	0.0	52
0.17054263565891473	0.1	129
0.2553191489361702	0.2	188
0.3382352941176471	0.3	136
0.4	0.4	95
0.43902439024390244	0.5	41
0.7	0.6	20
0.75	0.7	12
0.8333333333333334	0.8	6
1.0	0.9	1
0.1509433962264151	0.0	53
0.16417910447761194	0.1	134
0.24096385542168675	0.2	166
0.3900709219858156	0.3	141
0.3191489361702128	0.4	94
0.5192307692307693	0.5	52
0.6470588235294118	0.6	17
0.7647058823529411	0.7	17
0.8333333333333334	0.8	6
0.21153846153846154	0.0	52
0.171875	0.1	128
0.21893491124260356	0.2	169
0.3333333333333333	0.3	141
0.3723404255319149	0.4	94
0.56	0.5	50
0.5666666666666667	0.6	30
0.8888888888888888	0.7	9
0.8571428571428571	0.8	7
0.21739130434782608	0.0	46
0.17857142857142858	0.1	112
0.2542372881355932	0.2	177
0.3333333333333333	0.3	177
0.3048780487804878	0.4	82
0.5348837209302325	0.5	43
0.5714285714285714	0.6	21
0.7333333333333333	0.7	15
0.8571428571428571	0.8	7
0.17647058823529413	0.0	51
0.176056338028169	0.1	142
0.30726256983240224	0.2	179
0.2922077922077922	0.3	154
0.4177215189873418	0.4	79
0.47619047619047616	0.5	42
0.6666666666666666	0.6	12
0.6923076923076923	0.7	13
0.875	0.8	8
0.18518518518518517	0.0	54
0.1721311475409836	0.1	122
0.287292817679558	0.2	181
0.3237410071942446	0.3	139
0.2978723404255319	0.4	94
0.5185185185185185	0.5	54
0.6470588235294118	0.6	17
0.875	0.7	16
0.6666666666666666	0.8	3
0.22641509433962265	0.0	53
0.15328467153284672	0.1	137
0.2787878787878788	0.2	165
0.32051282051282054	0.3	156
0.358695652173913	0.4	92
0.6097560975609756	0.5	41
0.5	0.6	14
0.6875	0.7	16
1.0	0.8	4
1.0	0.9	2
0.18867924528301888	0.0	53
0.21481481481481482	0.1	135
0.2393617021276596	0.2	188
0.33587786259541985	0.3	131
0.37755102040816324	0.4	98
0.46875	0.5	32
0.5909090909090909	0.6	22
0.8666666666666667	0.7	15
0.8333333333333334	0.8	6
0.15789473684210525	0.0	57
0.17985611510791366	0.1	139
0.27485380116959063	0.2	171
0.3227848101265823	0.3	158
0.3974358974358974	0.4	78
0.5	0.5	40
0.6923076923076923	0.6	26
1.0	0.7	7
0.75	0.8	4
0.19230769230769232	0.0	52
0.14285714285714285	0.1	119
0.26519337016574585	0.2	181
0.3333333333333333	0.3	168
0.379746835443038	0.4	79
0.6	0.5	40
0.47619047619047616	0.6	21
0.8125	0.7	16
0.75	0.8	4
0.18181818181818182	0.0	55
0.20437956204379562	0.1	137
0.22777777777777777	0.2	180
0.3841059602649007	0.3	151
0.3372093023255814	0.4	86
0.5882352941176471	0.5	34
0.5769230769230769	0.6	26
1.0	0.7	4
0.8571428571428571	0.8	7
0.19642857142857142	0.0	56
0.21232876712328766	0.1	146
0.2471264367816092	0.2	174
0.31125827814569534	0.3	151
0.4189189189189189	0.4	74
0.4864864864864865	0.5	37
0.6111111111111112	0.6	18
0.6875	0.7	16
1.0	0.8	8
0.2	0.0	40
0.19047619047619047	0.1	126
0.23295454545454544	0.2	176
0.29518072289156627	0.3	166
0.41935483870967744	0.4	93
0.5319148936170213	0.5	47
0.76	0.6	25
0.8571428571428571	0.7	7
0.14084507042253522	0.0	71
0.1951219512195122	0.1	123
0.27058823529411763	0.2	170
0.34306569343065696	0.3	137
0.3409090909090909	0.4	88
0.5306122448979592	0.5	49
0.52	0.6	25
0.9230769230769231	0.7	13
0.75	0.8	4
0.17543859649122806	0.0	57
0.2125984251968504	0.1	127
0.25146198830409355	0.2	171
0.3375796178343949	0.3	157
0.31521739130434784	0.4	92
0.5277777777777778	0.5	36
0.7272727272727273	0.6	22
0.75	0.7	12
0.8333333333333334	0.8	6
0.14285714285714285	0.0	56
0.1532258064516129	0.1	124
0.2658959537572254	0.2	173
0.3167701863354037	0.3	161
0.4383561643835616	0.4	73
0.52	0.5	50
0.5925925925925926	0.6	27
0.7857142857142857	0.7	14
1.0	0.8	2
0.1956521739130435	0.0	46
0.17054263565891473	0.1	129
0.23353293413173654	0.2	167
0.3424657534246575	0.3	146
0.34615384615384615	0.4	104
0.5833333333333334	0.5	48
0.5238095238095238	0.6	21
0.8333333333333334	0.7	12
0.8571428571428571	0.8	7
0.18867924528301888	0.0	53
0.20149253731343283	0.1	134
0.24193548387096775	0.2	186
0.3525641025641026	0.3	156
0.35064935064935066	0.4	77
0.6216216216216216	0.5	37
0.5333333333333333	0.6	15
0.6153846153846154	0.7	13
1.0	0.8	7
0.5	0.9	2
0.19607843137254902	0.0	51
0.1554054054054054	0.1	148
0.29411764705882354	0.2	170
0.27848101265822783	0.3	158
0.4225352112676056	0.4	71
0.5428571428571428	0.5	35
0.6896551724137931	0.6	29
0.8461538461538461	0.7	13
0.8	0.8	5
0.16326530612244897	0.0	49
0.19230769230769232	0.1	130
0.2346368715083799	0.2	179
0.34375	0.3	160
0.4	0.4	85
0.5135135135135135	0.5	37
0.6	0.6	20
0.75	0.7	12
1.0	0.8	6
0.5	0.9	2
0.2222222222222222	0.0	45
0.19827586206896552	0.1	116
0.23243243243243245	0.2	185
0.3157894736842105	0.3	152
0.37755102040816324	0.4	98
0.5227272727272727	0.5	44
0.5555555555555556	0.6	18
0.75	0.7	16
0.8333333333333334	0.8	6
0.19607843137254902	0.0	51
0.2	0.1	135
0.2554347826086957	0.2	184
0.3246753246753247	0.3	154
0.3717948717948718	0.4	78
0.5897435897435898	0.5	39
0.5454545454545454	0.6	22
0.7692307692307693	0.7	13
0.75	0.8	4
0.18604651162790697	0.0	43
0.17699115044247787	0.1	113
0.28160919540229884	0.2	174
0.3026315789473684	0.3	152
0.3119266055045872	0.4	109
0.5348837209302325	0.5	43
0.56	0.6	25
0.8	0.7	15
0.8	0.8	5
1.0	0.9	1
0.15384615384615385	0.0	52
0.19827586206896552	0.1	116
0.24193548387096775	0.2	186
0.348993288590604	0.3	149
0.34782608695652173	0.4	92
0.46511627906976744	0.5	43
0.7142857142857143	0.6	21
0.75	0.7	16
0.8	0.8	5
0.2391304347826087	0.0	46
0.18032786885245902	0.1	122
0.2541436464088398	0.2	181
0.31125827814569534	0.3	151
0.36363636363636365	0.4	88
0.4897959183673469	0.5	49
0.5652173913043478	0.6	23
0.7857142857142857	0.7	14
0.8	0.8	5
1.0	0.9	1
0.23076923076923078	0.0	52
0.12295081967213115	0.1	122
0.27	0.2	200
0.34965034965034963	0.3	143
0.3953488372093023	0.4	86
0.5609756097560976	0.5	41
0.55	0.6	20
0.75	0.7	12
0.75	0.8	4
0.13846153846153847	0.0	65
0.225	0.1	160
0.2802547770700637	0.2	157
0.3435114503816794	0.3	131
0.2903225806451613	0.4	93
0.5555555555555556	0.5	36
0.7333333333333333	0.6	15
0.8235294117647058	0.7	17
0.8333333333333334	0.8	6
0.17543859649122806	0.0	57
0.145985401459854	0.1	137
0.3050847457627119	0.2	177
0.3006993006993007	0.3	143
0.425	0.4	80
0.4418604651162791	0.5	43
0.65	0.6	20
0.75	0.7	16
0.8333333333333334	0.8	6
1.0	0.9	1
0.140625	0.0	64
0.1935483870967742	0.1	124
0.2411764705882353	0.2	170
0.35185185185185186	0.3	162
0.4567901234567901	0.4	81
0.37777777777777777	0.5	45
0.6363636363636364	0.6	11
0.7	0.7	10
1.0	0.8	10
0.6666666666666666	0.9	3
0.18604651162790697	0.0	43
0.19008264462809918	0.1	121
0.24324324324324326	0.2	185
0.2922077922077922	0.3	154
0.38636363636363635	0.4	88
0.5102040816326531	0.5	49
0.6956521739130435	0.6	23
0.9090909090909091	0.7	11
0.8333333333333334	0.8	6
0.2	0.0	45
0.16964285714285715	0.1	112
0.24691358024691357	0.2	162
0.3067484662576687	0.3	163
0.3490566037735849	0.4	106
0.54	0.5	50
0.5909090909090909	0.6	22
0.8125	0.7	16
0.75	0.8	4
0.19607843137254902	0.0	51
0.17355371900826447	0.1	121
0.2571428571428571	0.2	175
0.35119047619047616	0.3	168
0.2891566265060241	0.4	83
0.5128205128205128	0.5	39
0.6818181818181818	0.6	22
0.7	0.7	10
0.9	0.8	10
1.0	0.9	1
0.17307692307692307	0.0	52
0.1875	0.1	128
0.25824175824175827	0.2	182
0.3181818181818182	0.3	154
0.38202247191011235	0.4	89
0.5384615384615384	0.5	39
0.6842105263157895	0.6	19
0.8571428571428571	0.7	14
0.6666666666666666	0.8	3
0.16981132075471697	0.0	53
0.2014388489208633	0.1	139
0.27564102564102566	0.2	156
0.3076923076923077	0.3	169
0.3563218390804598	0.4	87
0.6190476190476191	0.5	42
0.3888888888888889	0.6	18
1.0	0.7	13
0.6666666666666666	0.8	3
0.20833333333333334	0.0	48
0.15714285714285714	0.1	140
0.25806451612903225	0.2	155
0.35714285714285715	0.3	182
0.3	0.4	80
0.6	0.5	35
0.7142857142857143	0.6	21
0.7272727272727273	0.7	11
0.8	0.8	5
0.6666666666666666	0.9	3
0.22	0.0	50
0.2	0.1	115
0.22105263157894736	0.2	190
0.3464052287581699	0.3	153
0.35789473684210527	0.4	95
0.5476190476190477	0.5	42
0.5882352941176471	0.6	17
0.8461538461538461	0.7	13
0.8	0.8	5
0.24	0.0	50
0.16279069767441862	0.1	129
0.2677595628415301	0.2	183
0.30201342281879195	0.3	149
0.40860215053763443	0.4	93
0.5853658536585366	0.5	41
0.4	0.6	15
0.8125	0.7	16
0.75	0.8	4
0.15	0.0	60
0.2116788321167883	0.1	137
0.2857142857142857	0.2	175
0.3161764705882353	0.3	136
0.34782608695652173	0.4	92
0.5116279069767442	0.5	43
0.5882352941176471	0.6	17
0.7857142857142857	0.7	14
0.8	0.8	5
1.0	0.9	1
0.17647058823529413	0.0	51
0.15384615384615385	0.1	130
0.27906976744186046	0.2	172
0.3225806451612903	0.3	155
0.3870967741935484	0.4	93
0.55	0.5	40
0.5714285714285714	0.6	21
0.7692307692307693	0.7	13
0.75	0.8	4
1.0	0.9	1
0.16417910447761194	0.0	67
0.1870967741935484	0.1	155
0.2658959537572254	0.2	173
0.3383458646616541	0.3	133
0.4117647058823529	0.4	68
0.5238095238095238	0.5	42
0.625	0.6	24
0.8461538461538461	0.7	13
0.8	0.8	5
0.11666666666666667	0.0	60
0.20610687022900764	0.1	131
0.26229508196721313	0.2	183
0.3541666666666667	0.3	144
0.36046511627906974	0.4	86
0.46153846153846156	0.5	39
0.8	0.6	15
0.7272727272727273	0.7	11
0.875	0.8	8
0.6666666666666666	0.9	3
0.15789473684210525	0.0	57
0.15833333333333333	0.1	120
0.29545454545454547	0.2	176
0.32666666666666666	0.3	150
0.3173076923076923	0.4	104
0.6	0.5	30
0.6923076923076923	0.6	26
0.7692307692307693	0.7	13
0.75	0.8	4
0.1746031746031746	0.0	63
0.22875816993464052	0.1	153
0.22950819672131148	0.2	183
0.34965034965034963	0.3	143
0.43283582089552236	0.4	67
0.5	0.5	38
0.6666666666666666	0.6	12
0.7272727272727273	0.7	11
0.8888888888888888	0.8	9
1.0	0.9	1
0.14925373134328357	0.0	67
0.21428571428571427	0.1	140
0.2543352601156069	0.2	173
0.375886524822695	0.3	141
0.32926829268292684	0.4	82
0.5897435897435898	0.5	39
0.55	0.6	20
0.42857142857142855	0.7	7
1.0	0.8	9
0.5	0.9	2
0.18604651162790697	0.0	43
0.2109375	0.1	128
0.2154696132596685	0.2	181
0.35119047619047616	0.3	168
0.36585365853658536	0.4	82
0.5116279069767442	0.5	43
0.7058823529411765	0.6	17
0.7692307692307693	0.7	13
0.8	0.8	5
0.21875	0.0	64
0.1702127659574468	0.1	141
0.2807017543859649	0.2	171
0.3141025641025641	0.3	156
0.40963855421686746	0.4	83
0.5357142857142857	0.5	28
0.6	0.6	20
0.9	0.7	10
0.8571428571428571	0.8	7
0.21568627450980393	0.0	51
0.16806722689075632	0.1	119
0.25625	0.2	160
0.3254437869822485	0.3	169
0.3838383838383838	0.4	99
0.4318181818181818	0.5	44
0.625	0.6	16
0.7333333333333333	0.7	15
0.8571428571428571	0.8	7
0.20408163265306123	0.0	49
0.1702127659574468	0.1	141
0.2765957446808511	0.2	188
0.31333333333333335	0.3	150
0.40789473684210525	0.4	76
0.6153846153846154	0.5	39
0.47619047619047616	0.6	21
0.7142857142857143	0.7	7
1.0	0.8	7
0.5	0.9	2
0.1875	0.0	48
0.19298245614035087	0.1	114
0.27071823204419887	0.2	181
0.2822085889570552	0.3	163
0.3877551020408163	0.4	98
0.5384615384615384	0.5	39
0.5	0.6	14
0.8181818181818182	0.7	11
0.8181818181818182	0.8	11
1.0	0.9	1
0.20408163265306123	0.0	49
0.19205298013245034	0.1	151
0.25882352941176473	0.2	170
0.3509933774834437	0.3	151
0.3023255813953488	0.4	86
0.631578947368421	0.5	38
0.5714285714285714	0.6	14
0.6666666666666666	0.7	9
1.0	0.8	9
0.6666666666666666	0.9	3
0.14814814814814814	0.0	54
0.1926605504587156	0.1	109
0.23497267759562843	0.2	183
0.3673469387755102	0.3	147
0.32978723404255317	0.4	94
0.5454545454545454	0.5	55
0.375	0.6	16
0.8	0.7	15
0.8571428571428571	0.8	7
0.19148936170212766	0.0	47
0.16279069767441862	0.1	129
0.26285714285714284	0.2	175
0.35172413793103446	0.3	145
0.3	0.4	100
0.5652173913043478	0.5	46
0.6666666666666666	0.6	18
0.7692307692307693	0.7	13
0.8333333333333334	0.8	6
1.0	0.9	1
0.20754716981132076	0.0	53
0.19696969696969696	0.1	132
0.2897727272727273	0.2	176
0.29931972789115646	0.3	147
0.3404255319148936	0.4	94
0.5581395348837209	0.5	43
0.4666666666666667	0.6	15
0.8	0.7	15
0.8	0.8	5
0.1836734693877551	0.0	49
0.16101694915254236	0.1	118
0.2947976878612717	0.2	173
0.28187919463087246	0.3	149
0.3434343434343434	0.4	99
0.5384615384615384	0.5	52
0.6111111111111112	0.6	18
0.7333333333333333	0.7	15
0.8571428571428571	0.8	7
0.18333333333333332	0.0	60
0.16393442622950818	0.1	122
0.22580645161290322	0.2	155
0.36486486486486486	0.3	148
0.32653061224489793	0.4	98
0.5789473684210527	0.5	57
0.4375	0.6	16
0.7647058823529411	0.7	17
0.8333333333333334	0.8	6
1.0	0.9	1
0.17543859649122806	0.0	57
0.16535433070866143	0.1	127
0.28888888888888886	0.2	180
0.33557046979865773	0.3	149
0.3373493975903614	0.4	83
0.5	0.5	44
0.6666666666666666	0.6	24
0.7272727272727273	0.7	11
0.8	0.8	5
0.17073170731707318	0.0	41
0.19852941176470587	0.1	136
0.24022346368715083	0.2	179
0.31645569620253167	0.3	158
0.44047619047619047	0.4	84
0.47368421052631576	0.5	38
0.56	0.6	25
0.7272727272727273	0.7	11
1.0	0.8	6
0.5	0.9	2
0.17391304347826086	0.0	46
0.2076923076923077	0.1	130
0.24444444444444444	0.2	180
0.34394904458598724	0.3	157
0.35789473684210527	0.4	95
0.5277777777777778	0.5	36
0.625	0.6	24
0.8181818181818182	0.7	11
1.0	0.8	1
0.14814814814814814	0.0	54
0.21705426356589147	0.1	129
0.24096385542168675	0.2	166
0.34	0.3	150
0.3584905660377358	0.4	106
0.475	0.5	40
0.75	0.6	12
0.8	0.7	20
0.6666666666666666	0.8	3
0.19607843137254902	0.0	51
0.16981132075471697	0.1	159
0.3	0.2	180
0.33774834437086093	0.3	151
0.35384615384615387	0.4	65
0.5526315789473685	0.5	38
0.5238095238095238	0.6	21
1.0	0.7	11
0.75	0.8	4
0.21428571428571427	0.0	42
0.20588235294117646	0.1	136
0.24444444444444444	0.2	180
0.3375	0.3	160
0.32954545454545453	0.4	88
0.5294117647058824	0.5	34
0.6956521739130435	0.6	23
0.7857142857142857	0.7	14
0.6666666666666666	0.8	3
0.24074074074074073	0.0	54
0.14705882352941177	0.1	136
0.2887700534759358	0.2	187
0.3129251700680272	0.3	147
0.4155844155844156	0.4	77
0.5384615384615384	0.5	39
0.5	0.6	22
0.75	0.7	12
0.8333333333333334	0.8	6
0.21052631578947367	0.0	38
0.15454545454545454	0.1	110
0.2342857142857143	0.2	175
0.33125	0.3	160
0.3673469387755102	0.4	98
0.45454545454545453	0.5	55
0.6666666666666666	0.6	21
0.7368421052631579	0.7	19
1.0	0.8	2
0.5	0.9	2
0.17857142857142858	0.0	56
0.14074074074074075	0.1	135
0.2916666666666667	0.2	168
0.32075471698113206	0.3	159
0.3888888888888889	0.4	72
0.5555555555555556	0.5	45
0.5416666666666666	0.6	24
0.7333333333333333	0.7	15
0.8333333333333334	0.8	6
0.20454545454545456	0.0	44
0.2	0.1	120
0.2222222222222222	0.2	180
0.3372093023255814	0.3	172
0.3488372093023256	0.4	86
0.5217391304347826	0.5	46
0.8	0.6	15
0.8181818181818182	0.7	11
0.8333333333333334	0.8	6
0.1724137931034483	0.0	58
0.1891891891891892	0.1	111
0.2594594594594595	0.2	185
0.3087248322147651	0.3	149
0.3763440860215054	0.4	93
0.5208333333333334	0.5	48
0.6818181818181818	0.6	22
0.8181818181818182	0.7	11
0.6666666666666666	0.8	3
0.21428571428571427	0.0	42
0.1810344827586207	0.1	116
0.2484472049689441	0.2	161
0.33714285714285713	0.3	175
0.3076923076923077	0.4	104
0.5	0.5	36
0.625	0.6	24
0.7333333333333333	0.7	15
0.8571428571428571	0.8	7
0.2	0.0	55
0.16666666666666666	0.1	132
0.22807017543859648	0.2	171
0.36942675159235666	0.3	157
0.37333333333333335	0.4	75
0.5531914893617021	0.5	47
0.5	0.6	22
0.7333333333333333	0.7	15
0.8333333333333334	0.8	6
0.20689655172413793	0.0	58
0.16911764705882354	0.1	136
0.2631578947368421	0.2	171
0.32903225806451614	0.3	155
0.36470588235294116	0.4	85
0.5789473684210527	0.5	38
0.6	0.6	20
0.9230769230769231	0.7	13
1.0	0.8	2
0.5	0.9	2
0.22	0.0	50
0.17073170731707318	0.1	123
0.25136612021857924	0.2	183
0.3103448275862069	0.3	145
0.3763440860215054	0.4	93
0.5476190476190477	0.5	42
0.5769230769230769	0.6	26
0.8666666666666667	0.7	15
1.0	0.8	1
0.5	0.9	2
0.1836734693877551	0.0	49
0.16428571428571428	0.1	140
0.2934131736526946	0.2	167
0.3448275862068966	0.3	145
0.28865979381443296	0.4	97
0.5675675675675675	0.5	37
0.5909090909090909	0.6	22
0.7333333333333333	0.7	15
0.875	0.8	8
0.17307692307692307	0.0	52
0.16312056737588654	0.1	141
0.3181818181818182	0.2	176
0.28368794326241137	0.3	141
0.3888888888888889	0.4	90
0.5128205128205128	0.5	39
0.6190476190476191	0.6	21
0.75	0.7	8
0.8	0.8	10
0.5	0.9	2
0.20408163265306123	0.0	49
0.15602836879432624	0.1	141
0.25308641975308643	0.2	162
0.34375	0.3	160
0.37037037037037035	0.4	81
0.5116279069767442	0.5	43
0.5454545454545454	0.6	22
0.8666666666666667	0.7	15
0.8333333333333334	0.8	6
1.0	0.9	1
0.16981132075471697	0.0	53
0.19834710743801653	0.1	121
0.27624309392265195	0.2	181
0.3197278911564626	0.3	147
0.313953488372093	0.4	86
0.5227272727272727	0.5	44
0.56	0.6	25
0.75	0.7	20
0.6666666666666666	0.8	3
0.1568627450980392	0.0	51
0.171875	0.1	128
0.2647058823529412	0.2	170
0.3581081081081081	0.3	148
0.3258426966292135	0.4	89
0.46511627906976744	0.5	43
0.6129032258064516	0.6	31
0.75	0.7	16
0.75	0.8	4
0.19672131147540983	0.0	61
0.20161290322580644	0.1	124
0.27218934911242604	0.2	169
0.33548387096774196	0.3	155
0.3	0.4	90
0.525	0.5	40
0.5652173913043478	0.6	23
0.8	0.7	10
1.0	0.8	6
0.5	0.9	2
0.18867924528301888	0.0	53
0.1693548387096774	0.1	124
0.2568306010928962	0.2	183
0.33962264150943394	0.3	159
0.3614457831325301	0.4	83
0.5526315789473685	0.5	38
0.5909090909090909	0.6	22
0.8461538461538461	0.7	13
1.0	0.8	2
0.6666666666666666	0.9	3
0.17857142857142858	0.0	56
0.17006802721088435	0.1	147
0.29411764705882354	0.2	187
0.3161764705882353	0.3	136
0.4090909090909091	0.4	88
0.5161290322580645	0.5	31
0.5789473684210527	0.6	19
1.0	0.7	10
0.8333333333333334	0.8	6
0.17543859649122806	0.0	57
0.16666666666666666	0.1	132
0.2857142857142857	0.2	182
0.3333333333333333	0.3	147
0.36363636363636365	0.4	88
0.5675675675675675	0.5	37
0.5909090909090909	0.6	22
0.8333333333333334	0.7	12
0.6666666666666666	0.8	3
0.20833333333333334	0.0	48
0.1623931623931624	0.1	117
0.23952095808383234	0.2	167
0.325	0.3	160
0.3786407766990291	0.4	103
0.5434782608695652	0.5	46
0.6666666666666666	0.6	15
0.5625	0.7	16
0.8571428571428571	0.8	7
1.0	0.9	1
0.19607843137254902	0.0	51
0.16037735849056603	0.1	106
0.2608695652173913	0.2	184
0.35135135135135137	0.3	148
0.31	0.4	100
0.46938775510204084	0.5	49
0.65	0.6	20
0.75	0.7	16
0.8333333333333334	0.8	6
0.17857142857142858	0.0	56
0.16296296296296298	0.1	135
0.2541436464088398	0.2	181
0.3629032258064516	0.3	124
0.3684210526315789	0.4	95
0.5116279069767442	0.5	43
0.5263157894736842	0.6	19
0.75	0.7	20
0.8571428571428571	0.8	7
0.15517241379310345	0.0	58
0.23275862068965517	0.1	116
0.25287356321839083	0.2	174
0.2903225806451613	0.3	155
0.4020618556701031	0.4	97
0.4878048780487805	0.5	41
0.55	0.6	20
0.8571428571428571	0.7	14
0.8	0.8	5
0.19230769230769232	0.0	52
0.208955223880597	0.1	134
0.2620320855614973	0.2	187
0.30128205128205127	0.3	156
0.36764705882352944	0.4	68
0.6046511627906976	0.5	43
0.5555555555555556	0.6	18
0.5	0.7	10
1.0	0.8	10
0.5	0.9	2
0.16279069767441862	0.0	43
0.16279069767441862	0.1	129
0.2616279069767442	0.2	172
0.35	0.3	160
0.37755102040816324	0.4	98
0.4411764705882353	0.5	34
0.5517241379310345	0.6	29
1.0	0.7	10
0.75	0.8	4
1.0	0.9	1
0.18181818181818182	0.0	66
0.208955223880597	0.1	134
0.2611111111111111	0.2	180
0.34074074074074073	0.3	135
0.313953488372093	0.4	86
0.5813953488372093	0.5	43
0.7368421052631579	0.6	19
0.6363636363636364	0.7	11
0.8333333333333334	0.8	6
0.17307692307692307	0.0	52
0.20149253731343283	0.1	134
0.24731182795698925	0.2	186
0.348993288590604	0.3	149
0.39080459770114945	0.4	87
0.45454545454545453	0.5	33
0.6666666666666666	0.6	18
0.7692307692307693	0.7	13
0.6666666666666666	0.8	6
1.0	0.9	1
1.0	1.0	1
0.17543859649122806	0.0	57
0.21705426356589147	0.1	129
0.22905027932960895	0.2	179
0.3509933774834437	0.3	151
0.3146067415730337	0.4	89
0.5882352941176471	0.5	34
0.7391304347826086	0.6	23
0.625	0.7	8
0.9	0.8	10
0.18032786885245902	0.0	61
0.19718309859154928	0.1	142
0.24193548387096775	0.2	186
0.34532374100719426	0.3	139
0.39436619718309857	0.4	71
0.5142857142857142	0.5	35
0.6206896551724138	0.6	29
0.9	0.7	10
0.8571428571428571	0.8	7
0.16666666666666666	0.0	54
0.2	0.1	115
0.2554347826086957	0.2	184
0.32075471698113206	0.3	159
0.3626373626373626	0.4	91
0.5581395348837209	0.5	43
0.6111111111111112	0.6	18
0.8333333333333334	0.7	12
1.0	0.8	2
0.5	0.9	2
0.16666666666666666	0.0	54
0.19548872180451127	0.1	133
0.2857142857142857	0.2	175
0.28205128205128205	0.3	156
0.4125	0.4	80
0.4473684210526316	0.5	38
0.7083333333333334	0.6	24
0.7142857142857143	0.7	14
0.8	0.8	5
1.0	0.9	1
0.18518518518518517	0.0	54
0.1746031746031746	0.1	126
0.21511627906976744	0.2	172
0.35443037974683544	0.3	158
0.4186046511627907	0.4	86
0.5128205128205128	0.5	39
0.5517241379310345	0.6	29
0.875	0.7	8
0.875	0.8	8
0.2	0.0	55
0.18699186991869918	0.1	123
0.24043715846994534	0.2	183
0.3355263157894737	0.3	152
0.3763440860215054	0.4	93
0.625	0.5	32
0.5416666666666666	0.6	24
0.7857142857142857	0.7	14
0.75	0.8	4
0.16393442622950818	0.0	61
0.19696969696969696	0.1	132
0.2903225806451613	0.2	186
0.2949640287769784	0.3	139
0.3953488372093023	0.4	86
0.43243243243243246	0.5	37
0.7142857142857143	0.6	21
0.8333333333333334	0.7	12
0.8333333333333334	0.8	6
0.20454545454545456	0.0	44
0.19548872180451127	0.1	133
0.27167630057803466	0.2	173
0.29605263157894735	0.3	152
0.33707865168539325	0.4	89
0.5777777777777777	0.5	45
0.5416666666666666	0.6	24
0.7142857142857143	0.7	14
0.8333333333333334	0.8	6
0.16666666666666666	0.0	48
0.17857142857142858	0.1	112
0.28205128205128205	0.2	195
0.3150684931506849	0.3	146
0.28421052631578947	0.4	95
0.5555555555555556	0.5	45
0.7777777777777778	0.6	18
0.7142857142857143	0.7	14
1.0	0.8	5
0.5	0.9	2
0.18867924528301888	0.0	53
0.1640625	0.1	128
0.25	0.2	160
0.3355263157894737	0.3	152
0.35789473684210527	0.4	95
0.5094339622641509	0.5	53
0.6666666666666666	0.6	24
0.8333333333333334	0.7	12
0.6666666666666666	0.8	3
0.20454545454545456	0.0	44
0.1746031746031746	0.1	126
0.27011494252873564	0.2	174
0.3132530120481928	0.3	166
0.375	0.4	88
0.475	0.5	40
0.6	0.6	25
0.8181818181818182	0.7	11
0.8333333333333334	0.8	6
0.17142857142857143	0.0	70
0.18548387096774194	0.1	124
0.2710843373493976	0.2	166
0.29936305732484075	0.3	157
0.3764705882352941	0.4	85
0.625	0.5	40
0.6111111111111112	0.6	18
0.7857142857142857	0.7	14
0.8333333333333334	0.8	6
0.19298245614035087	0.0	57
0.1746031746031746	0.1	126
0.24848484848484848	0.2	165
0.32903225806451614	0.3	155
0.40217391304347827	0.4	92
0.4222222222222222	0.5	45
0.6470588235294118	0.6	17
0.8235294117647058	0.7	17
0.8333333333333334	0.8	6
0.1875	0.0	48
0.21481481481481482	0.1	135
0.24375	0.2	160
0.2913907284768212	0.3	151
0.37755102040816324	0.4	98
0.5	0.5	50
0.7083333333333334	0.6	24
0.7	0.7	10
1.0	0.8	4
0.23529411764705882	0.0	51
0.17557251908396945	0.1	131
0.2711864406779661	0.2	177
0.3013698630136986	0.3	146
0.34782608695652173	0.4	92
0.5555555555555556	0.5	45
0.55	0.6	20
0.9285714285714286	0.7	14
1.0	0.8	2
0.5	0.9	2
0.1702127659574468	0.0	47
0.1732283464566929	0.1	127
0.2606060606060606	0.2	165
0.3392857142857143	0.3	168
0.35555555555555557	0.4	90
0.44680851063829785	0.5	47
0.7222222222222222	0.6	18
0.7142857142857143	0.7	7
1.0	0.8	9
0.5	0.9	2
0.23255813953488372	0.0	43
0.16279069767441862	0.1	129
0.2631578947368421	0.2	190
0.28859060402684567	0.3	149
0.43478260869565216	0.4	92
0.43243243243243246	0.5	37
0.6818181818181818	0.6	22
0.9285714285714286	0.7	14
0.75	0.8	4
0.16981132075471697	0.0	53
0.19863013698630136	0.1	146
0.24050632911392406	0.2	158
0.3146853146853147	0.3	143
0.42391304347826086	0.4	92
0.5	0.5	48
0.6086956521739131	0.6	23
0.7333333333333333	0.7	15
1.0	0.8	2
0.1935483870967742	0.0	62
0.22077922077922077	0.1	154
0.23529411764705882	0.2	170
0.27906976744186046	0.3	129
0.4888888888888889	0.4	90
0.5128205128205128	0.5	39
0.5	0.6	18
0.9166666666666666	0.7	12
0.8333333333333334	0.8	6
0.21666666666666667	0.0	60
0.17293233082706766	0.1	133
0.30726256983240224	0.2	179
0.29333333333333333	0.3	150
0.3076923076923077	0.4	78
0.5675675675675675	0.5	37
0.6666666666666666	0.6	18
0.7368421052631579	0.7	19
0.8	0.8	5
1.0	0.9	1
0.12280701754385964	0.0	57
0.192	0.1	125
0.24550898203592814	0.2	167
0.3176470588235294	0.3	170
0.4523809523809524	0.4	84
0.5	0.5	38
0.6086956521739131	0.6	23
0.9	0.7	10
0.8333333333333334	0.8	6
0.18867924528301888	0.0	53
0.18253968253968253	0.1	126
0.24719101123595505	0.2	178
0.33125	0.3	160
0.3793103448275862	0.4	87
0.5227272727272727	0.5	44
0.7619047619047619	0.6	21
0.875	0.7	8
0.6666666666666666	0.8	3
0.19298245614035087	0.0	57
0.13970588235294118	0.1	136
0.3216374269005848	0.2	171
0.2986111111111111	0.3	144
0.35714285714285715	0.4	84
0.5116279069767442	0.5	43
0.5217391304347826	0.6	23
0.8461538461538461	0.7	13
0.875	0.8	8
1.0	0.9	1
0.15789473684210525	0.0	57
0.20454545454545456	0.1	132
0.25842696629213485	0.2	178
0.3263888888888889	0.3	144
0.3626373626373626	0.4	91
0.5714285714285714	0.5	42
0.5555555555555556	0.6	18
0.8461538461538461	0.7	13
0.8	0.8	5
0.23404255319148937	0.0	47
0.17054263565891473	0.1	129
0.27325581395348836	0.2	172
0.30864197530864196	0.3	162
0.34408602150537637	0.4	93
0.5853658536585366	0.5	41
0.6	0.6	20
0.8461538461538461	0.7	13
0.6666666666666666	0.8	3
0.2	0.0	50
0.20161290322580644	0.1	124
0.2681564245810056	0.2	179
0.32934131736526945	0.3	167
0.3333333333333333	0.4	90
0.5	0.5	40
0.7727272727272727	0.6	22
0.6666666666666666	0.7	6
1.0	0.8	2
0.2033898305084746	0.0	59
0.16666666666666666	0.1	126
0.2736318407960199	0.2	201
0.34782608695652173	0.3	161
0.35384615384615387	0.4	65
0.5789473684210527	0.5	38
0.5882352941176471	0.6	17
1.0	0.7	7
0.8333333333333334	0.8	6
0.17857142857142858	0.0	56
0.2	0.1	130
0.26881720430107525	0.2	186
0.3287671232876712	0.3	146
0.3448275862068966	0.4	87
0.5	0.5	40
0.6842105263157895	0.6	19
0.9090909090909091	0.7	11
0.8	0.8	5
0.19230769230769232	0.0	52
0.18181818181818182	0.1	132
0.27071823204419887	0.2	181
0.34394904458598724	0.3	157
0.32051282051282054	0.4	78
0.55	0.5	40
0.5	0.6	18
0.7857142857142857	0.7	14
0.8333333333333334	0.8	6
1.0	0.9	2
0.15384615384615385	0.0	52
0.19117647058823528	0.1	136
0.2727272727272727	0.2	187
0.3161290322580645	0.3	155
0.4025974025974026	0.4	77
0.4411764705882353	0.5	34
0.76	0.6	25
0.8571428571428571	0.7	7
0.8571428571428571	0.8	7
0.19148936170212766	0.0	47
0.1794871794871795	0.1	117
0.22839506172839505	0.2	162
0.3583815028901734	0.3	173
0.3364485981308411	0.4	107
0.5128205128205128	0.5	39
0.6190476190476191	0.6	21
1.0	0.7	9
0.8	0.8	5
0.14754098360655737	0.0	61
0.1693548387096774	0.1	124
0.29120879120879123	0.2	182
0.3219178082191781	0.3	146
0.32098765432098764	0.4	81
0.5869565217391305	0.5	46
0.5217391304347826	0.6	23
0.9285714285714286	0.7	14
1.0	0.8	3
0.22033898305084745	0.0	59
0.1810344827586207	0.1	116
0.23076923076923078	0.2	182
0.32413793103448274	0.3	145
0.3763440860215054	0.4	93
0.5625	0.5	48
0.6111111111111112	0.6	18
0.8125	0.7	16
0.6666666666666666	0.8	3
0.20408163265306123	0.0	49
0.17123287671232876	0.1	146
0.25153374233128833	0.2	163
0.35403726708074534	0.3	161
0.3333333333333333	0.4	84
0.575	0.5	40
0.625	0.6	16
0.7692307692307693	0.7	13
1.0	0.8	6
0.5	0.9	2
0.18867924528301888	0.0	53
0.20149253731343283	0.1	134
0.24043715846994534	0.2	183
0.3392857142857143	0.3	168
0.4	0.4	70
0.525	0.5	40
0.5833333333333334	0.6	12
0.8571428571428571	0.7	14
0.8333333333333334	0.8	6
0.23529411764705882	0.0	51
0.16546762589928057	0.1	139
0.24175824175824176	0.2	182
0.35333333333333333	0.3	150
0.3780487804878049	0.4	82
0.5142857142857142	0.5	35
0.7619047619047619	0.6	21
0.6666666666666666	0.7	15
0.8	0.8	5
0.1875	0.0	48
0.16	0.1	125
0.25595238095238093	0.2	168
0.33125	0.3	160
0.38636363636363635	0.4	88
0.3958333333333333	0.5	48
0.7272727272727273	0.6	22
0.8333333333333334	0.7	18
0.6666666666666666	0.8	3
0.14	0.0	50
0.19696969696969696	0.1	132
0.28484848484848485	0.2	165
0.2787878787878788	0.3	165
0.3888888888888889	0.4	90
0.5952380952380952	0.5	42
0.6875	0.6	16
0.6153846153846154	0.7	13
0.8571428571428571	0.8	7
0.17543859649122806	0.0	57
0.15447154471544716	0.1	123
0.2681564245810056	0.2	179
0.31756756756756754	0.3	148
0.367816091954023	0.4	87
0.6458333333333334	0.5	48
0.5	0.6	18
0.7142857142857143	0.7	14
1.0	0.8	4
0.5	0.9	2
0.17307692307692307	0.0	52
0.19083969465648856	0.1	131
0.25668449197860965	0.2	187
0.2972972972972973	0.3	148
0.43209876543209874	0.4	81
0.46153846153846156	0.5	39
0.6818181818181818	0.6	22
0.8333333333333334	0.7	12
0.875	0.8	8
0.20967741935483872	0.0	62
0.1597222222222222	0.1	144
0.30864197530864196	0.2	162
0.3129251700680272	0.3	147
0.32098765432098764	0.4	81
0.5609756097560976	0.5	41
0.6896551724137931	0.6	29
0.6666666666666666	0.7	9
0.8	0.8	5
0.19230769230769232	0.0	52
0.16260162601626016	0.1	123
0.26285714285714284	0.2	175
0.32051282051282054	0.3	156
0.3958333333333333	0.4	96
0.5	0.5	36
0.5909090909090909	0.6	22
0.8	0.7	15
0.8	0.8	5
0.21052631578947367	0.0	57
0.16176470588235295	0.1	136
0.2777777777777778	0.2	180
0.3561643835616438	0.3	146
0.3176470588235294	0.4	85
0.5428571428571428	0.5	35
0.6190476190476191	0.6	21
0.8	0.7	15
0.8	0.8	5
0.18518518518518517	0.0	54
0.1693548387096774	0.1	124
0.2918918918918919	0.2	185
0.3313253012048193	0.3	166
0.32894736842105265	0.4	76
0.5121951219512195	0.5	41
0.6666666666666666	0.6	15
0.75	0.7	12
1.0	0.8	5
0.5	0.9	2
0.21818181818181817	0.0	55
0.1640625	0.1	128
0.2578947368421053	0.2	190
0.32450331125827814	0.3	151
0.47619047619047616	0.4	84
0.3939393939393939	0.5	33
0.5555555555555556	0.6	18
0.8	0.7	15
1.0	0.8	4
0.5	0.9	2
0.14545454545454545	0.0	55
0.175	0.1	120
0.24404761904761904	0.2	168
0.34285714285714286	0.3	175
0.38461538461538464	0.4	78
0.5652173913043478	0.5	46
0.4444444444444444	0.6	18
0.8823529411764706	0.7	17
0.6666666666666666	0.8	3
0.21052631578947367	0.0	57
0.18045112781954886	0.1	133
0.23857868020304568	0.2	197
0.4	0.3	150
0.2878787878787879	0.4	66
0.6	0.5	45
0.4666666666666667	0.6	15
0.9230769230769231	0.7	13
0.75	0.8	4
0.16326530612244897	0.0	49
0.16666666666666666	0.1	132
0.2512820512820513	0.2	195
0.3576158940397351	0.3	151
0.3815789473684211	0.4	76
0.5526315789473685	0.5	38
0.6363636363636364	0.6	22
0.8181818181818182	0.7	11
0.75	0.8	4
1.0	0.9	2
0.18421052631578946	0.0	38
0.17592592592592593	0.1	108
0.2513089005235602	0.2	191
0.32075471698113206	0.3	159
0.3469387755102041	0.4	98
0.5	0.5	52
0.75	0.6	24
0.75	0.7	8
1.0	0.8	1
1.0	0.9	1
0.19230769230769232	0.0	52
0.16101694915254236	0.1	118
0.2542372881355932	0.2	177
0.3493150684931507	0.3	146
0.3238095238095238	0.4	105
0.5365853658536586	0.5	41
0.6363636363636364	0.6	22
0.875	0.7	16
0.6666666666666666	0.8	3
0.17307692307692307	0.0	52
0.192	0.1	125
0.2254335260115607	0.2	173
0.35333333333333333	0.3	150
0.35106382978723405	0.4	94
0.5714285714285714	0.5	42
0.5833333333333334	0.6	24
0.7142857142857143	0.7	14
0.8333333333333334	0.8	6
0.15384615384615385	0.0	52
0.18487394957983194	0.1	119
0.25268817204301075	0.2	186
0.3197278911564626	0.3	147
0.40217391304347827	0.4	92
0.5	0.5	46
0.5882352941176471	0.6	17
0.8	0.7	15
0.8333333333333334	0.8	6
0.17647058823529413	0.0	51
0.1984126984126984	0.1	126
0.24260355029585798	0.2	169
0.3192771084337349	0.3	166
0.40229885057471265	0.4	87
0.5	0.5	48
0.631578947368421	0.6	19
0.9090909090909091	0.7	11
0.6666666666666666	0.8	3
0.18518518518518517	0.0	54
0.22058823529411764	0.1	136
0.23863636363636365	0.2	176
0.2875	0.3	160
0.47058823529411764	0.4	85
0.5609756097560976	0.5	41
0.7058823529411765	0.6	17
0.6666666666666666	0.7	9
1.0	0.8	2
0.21052631578947367	0.0	38
0.17857142857142858	0.1	112
0.23469387755102042	0.2	196
0.3212121212121212	0.3	165
0.3595505617977528	0.4	89
0.5945945945945946	0.5	37
0.6296296296296297	0.6	27
0.7692307692307693	0.7	13
1.0	0.8	3
0.14814814814814814	0.0	54
0.17266187050359713	0.1	139
0.27624309392265195	0.2	181
0.34810126582278483	0.3	158
0.3783783783783784	0.4	74
0.5384615384615384	0.5	39
0.5625	0.6	16
0.9	0.7	10
0.8333333333333334	0.8	6
0.6666666666666666	0.9	3
0.18518518518518517	0.0	54
0.1746031746031746	0.1	126
0.26744186046511625	0.2	172
0.3246753246753247	0.3	154
0.36046511627906974	0.4	86
0.4782608695652174	0.5	46
0.6428571428571429	0.6	28
0.8888888888888888	0.7	9
0.8	0.8	5
0.1935483870967742	0.0	62
0.23015873015873015	0.1	126
0.23668639053254437	0.2	169
0.325	0.3	160
0.325	0.4	80
0.5531914893617021	0.5	47
0.75	0.6	12
0.7142857142857143	0.7	21
0.6666666666666666	0.8	3
0.16981132075471697	0.0	53
0.18309859154929578	0.1	142
0.28205128205128205	0.2	195
0.33783783783783783	0.3	148
0.373134328358209	0.4	67
0.55	0.5	40
0.5333333333333333	0.6	15
0.7692307692307693	0.7	13
0.8571428571428571	0.8	7
0.16363636363636364	0.0	55
0.1746031746031746	0.1	126
0.2784090909090909	0.2	176
0.32666666666666666	0.3	150
0.3763440860215054	0.4	93
0.4	0.5	35
0.7272727272727273	0.6	22
0.6666666666666666	0.7	15
1.0	0.8	6
0.5	0.9	2
0.19230769230769232	0.0	52
0.19047619047619047	0.1	126
0.22404371584699453	0.2	183
0.3312883435582822	0.3	163
0.41333333333333333	0.4	75
0.631578947368421	0.5	38
0.48	0.6	25
0.8571428571428571	0.7	14
0.75	0.8	4
0.1702127659574468	0.0	47
0.1640625	0.1	128
0.22285714285714286	0.2	175
0.35570469798657717	0.3	149
0.422680412371134	0.4	97
0.46808510638297873	0.5	47
0.68	0.6	25
0.8	0.7	10
1.0	0.8	2
0.22	0.0	50
0.15671641791044777	0.1	134
0.2727272727272727	0.2	165
0.3157894736842105	0.3	152
0.32954545454545453	0.4	88
0.5813953488372093	0.5	43
0.43478260869565216	0.6	23
0.9	0.7	20
0.8	0.8	5
0.19607843137254902	0.0	51
0.176	0.1	125
0.25842696629213485	0.2	178
0.3225806451612903	0.3	155
0.3763440860215054	0.4	93
0.5714285714285714	0.5	35
0.4444444444444444	0.6	18
0.8333333333333334	0.7	18
0.7142857142857143	0.8	7
0.16129032258064516	0.0	62
0.17482517482517482	0.1	143
0.26857142857142857	0.2	175
0.3873239436619718	0.3	142
0.32	0.4	75
0.43902439024390244	0.5	41
0.72	0.6	25
0.8333333333333334	0.7	6
0.8888888888888888	0.8	9
0.5	0.9	2
0.22448979591836735	0.0	49
0.17073170731707318	0.1	123
0.2655367231638418	0.2	177
0.31976744186046513	0.3	172
0.34210526315789475	0.4	76
0.5333333333333333	0.5	45
0.5294117647058824	0.6	17
0.7777777777777778	0.7	9
0.9	0.8	10
1.0	0.9	2
0.16981132075471697	0.0	53
0.18439716312056736	0.1	141
0.24043715846994534	0.2	183
0.37012987012987014	0.3	154
0.34782608695652173	0.4	69
0.5405405405405406	0.5	37
0.6086956521739131	0.6	23
0.8461538461538461	0.7	13
0.8333333333333334	0.8	6
1.0	0.9	1
0.19230769230769232	0.0	52
0.16666666666666666	0.1	120
0.23863636363636365	0.2	176
0.35714285714285715	0.3	140
0.3434343434343434	0.4	99
0.5102040816326531	0.5	49
0.5882352941176471	0.6	17
0.6666666666666666	0.7	15
0.8181818181818182	0.8	11
1.0	0.9	1
0.18518518518518517	0.0	54
0.18032786885245902	0.1	122
0.25	0.2	168
0.34375	0.3	160
0.3111111111111111	0.4	90
0.5897435897435898	0.5	39
0.5517241379310345	0.6	29
0.8333333333333334	0.7	12
0.8	0.8	5
1.0	0.9	1
0.17307692307692307	0.0	52
0.1888111888111888	0.1	143
0.25	0.2	160
0.34965034965034963	0.3	143
0.37254901960784315	0.4	102
0.42857142857142855	0.5	35
0.56	0.6	25
0.9	0.7	10
1.0	0.8	8
0.5	0.9	2
0.18867924528301888	0.0	53
0.18803418803418803	0.1	117
0.25405405405405407	0.2	185
0.2981366459627329	0.3	161
0.4186046511627907	0.4	86
0.5263157894736842	0.5	38
0.5882352941176471	0.6	17
0.7647058823529411	0.7	17
0.8	0.8	5
1.0	0.9	1
0.16666666666666666	0.0	42
0.1935483870967742	0.1	124
0.26436781609195403	0.2	174
0.30405405405405406	0.3	148
0.35514018691588783	0.4	107
0.5106382978723404	0.5	47
0.6470588235294118	0.6	17
0.75	0.7	16
0.8	0.8	5
0.16	0.0	50
0.15671641791044777	0.1	134
0.2849162011173184	0.2	179
0.3525641025641026	0.3	156
0.32894736842105265	0.4	76
0.5	0.5	44
0.6666666666666666	0.6	18
0.6428571428571429	0.7	14
0.8333333333333334	0.8	6
1.0	0.9	3
0.18333333333333332	0.0	60
0.16428571428571428	0.1	140
0.23952095808383234	0.2	167
0.35502958579881655	0.3	169
0.4788732394366197	0.4	71
0.48717948717948717	0.5	39
0.5333333333333333	0.6	15
0.8571428571428571	0.7	14
0.8	0.8	5
0.20833333333333334	0.0	48
0.16521739130434782	0.1	115
0.2712765957446808	0.2	188
0.3221476510067114	0.3	149
0.3469387755102041	0.4	98
0.4772727272727273	0.5	44
0.6111111111111112	0.6	18
0.75	0.7	8
1.0	0.8	8
0.75	0.9	4
0.1875	0.0	48
0.168141592920354	0.1	113
0.24719101123595505	0.2	178
0.310126582278481	0.3	158
0.43333333333333335	0.4	90
0.4897959183673469	0.5	49
0.3684210526315789	0.6	19
0.7894736842105263	0.7	19
0.8333333333333334	0.8	6
0.16279069767441862	0.0	43
0.203125	0.1	128
0.25136612021857924	0.2	183
0.30128205128205127	0.3	156
0.40217391304347827	0.4	92
0.5641025641025641	0.5	39
0.5714285714285714	0.6	21
0.75	0.7	12
0.8333333333333334	0.8	6
0.16666666666666666	0.0	54
0.18181818181818182	0.1	132
0.2603550295857988	0.2	169
0.34810126582278483	0.3	158
0.34146341463414637	0.4	82
0.5116279069767442	0.5	43
0.6	0.6	20
0.7142857142857143	0.7	14
1.0	0.8	6
0.5	0.9	2
0.16666666666666666	0.0	54
0.21138211382113822	0.1	123
0.22285714285714286	0.2	175
0.35064935064935066	0.3	154
0.38095238095238093	0.4	84
0.5102040816326531	0.5	49
0.48148148148148145	0.6	27
1.0	0.7	10
0.75	0.8	4
0.2608695652173913	0.0	46
0.1746031746031746	0.1	126
0.22988505747126436	0.2	174
0.33121019108280253	0.3	157
0.3655913978494624	0.4	93
0.5531914893617021	0.5	47
0.5294117647058824	0.6	17
0.8	0.7	15
0.8	0.8	5
0.16666666666666666	0.0	54
0.18110236220472442	0.1	127
0.25555555555555554	0.2	180
0.32919254658385094	0.3	161
0.40963855421686746	0.4	83
0.5121951219512195	0.5	41
0.6	0.6	15
0.8461538461538461	0.7	13
0.8333333333333334	0.8	6
0.17307692307692307	0.0	52
0.1791044776119403	0.1	134
0.2727272727272727	0.2	176
0.33548387096774196	0.3	155
0.3855421686746988	0.4	83
0.47619047619047616	0.5	42
0.625	0.6	16
0.6875	0.7	16
0.8333333333333334	0.8	6
0.18181818181818182	0.0	55
0.19047619047619047	0.1	126
0.2967032967032967	0.2	182
0.3181818181818182	0.3	132
0.2815533980582524	0.4	103
0.5555555555555556	0.5	45
0.5714285714285714	0.6	14
0.8235294117647058	0.7	17
0.8333333333333334	0.8	6
0.18518518518518517	0.0	54
0.1984126984126984	0.1	126
0.25139664804469275	0.2	179
0.30405405405405406	0.3	148
0.3645833333333333	0.4	96
0.6097560975609756	0.5	41
0.65	0.6	20
0.8461538461538461	0.7	13
0.6666666666666666	0.8	3
0.2	0.0	40
0.18382352941176472	0.1	136
0.273224043715847	0.2	183
0.2913907284768212	0.3	151
0.4044943820224719	0.4	89
0.425531914893617	0.5	47
0.8461538461538461	0.6	26
0.8	0.7	5
0.6666666666666666	0.8	3
0.18181818181818182	0.0	55
0.19117647058823528	0.1	136
0.2598870056497175	0.2	177
0.32653061224489793	0.3	147
0.32051282051282054	0.4	78
0.5652173913043478	0.5	46
0.625	0.6	24
0.9230769230769231	0.7	13
1.0	0.8	2
0.5	0.9	2
0.18	0.0	50
0.15966386554621848	0.1	119
0.30601092896174864	0.2	183
0.29936305732484075	0.3	157
0.33707865168539325	0.4	89
0.5263157894736842	0.5	38
0.5238095238095238	0.6	21
0.7272727272727273	0.7	11
1.0	0.8	8
0.75	0.9	4
0.18181818181818182	0.0	44
0.18803418803418803	0.1	117
0.23295454545454544	0.2	176
0.33986928104575165	0.3	153
0.38095238095238093	0.4	105
0.4782608695652174	0.5	46
0.5625	0.6	16
0.6428571428571429	0.7	14
0.8888888888888888	0.8	9
0.1864406779661017	0.0	59
0.18518518518518517	0.1	135
0.25	0.2	172
0.35333333333333333	0.3	150
0.345679012345679	0.4	81
0.525	0.5	40
0.6363636363636364	0.6	22
0.6363636363636364	0.7	11
1.0	0.8	7
0.6666666666666666	0.9	3
0.22448979591836735	0.0	49
0.1693548387096774	0.1	124
0.2569832402234637	0.2	179
0.3246753246753247	0.3	154
0.3595505617977528	0.4	89
0.5306122448979592	0.5	49
0.6666666666666666	0.6	21
0.75	0.7	12
0.6666666666666666	0.8	3
0.16	0.0	50
0.1885245901639344	0.1	122
0.2864321608040201	0.2	199
0.3221476510067114	0.3	149
0.3488372093023256	0.4	86
0.5277777777777778	0.5	36
0.5789473684210527	0.6	19
0.8125	0.7	16
0.6666666666666666	0.8	3
0.2127659574468085	0.0	47
0.19718309859154928	0.1	142
0.25609756097560976	0.2	164
0.3352941176470588	0.3	170
0.2987012987012987	0.4	77
0.5869565217391305	0.5	46
0.6363636363636364	0.6	22
0.8	0.7	5
0.8571428571428571	0.8	7
0.18604651162790697	0.0	43
0.17054263565891473	0.1	129
0.281437125748503	0.2	167
0.2994011976047904	0.3	167
0.3645833333333333	0.4	96
0.5	0.5	40
0.75	0.6	20
0.7142857142857143	0.7	7
0.875	0.8	8
0.6666666666666666	0.9	3
0.17857142857142858	0.0	56
0.16923076923076924	0.1	130
0.3010752688172043	0.2	186
0.29931972789115646	0.3	147
0.3764705882352941	0.4	85
0.5454545454545454	0.5	33
0.5454545454545454	0.6	22
0.7857142857142857	0.7	14
0.8571428571428571	0.8	7
0.1509433962264151	0.0	53
0.1640625	0.1	128
0.2857142857142857	0.2	182
0.33557046979865773	0.3	149
0.35526315789473684	0.4	76
0.46938775510204084	0.5	49
0.6296296296296297	0.6	27
0.8333333333333334	0.7	12
0.75	0.8	4
0.21951219512195122	0.0	41
0.19424460431654678	0.1	139
0.2781065088757396	0.2	169
0.2919254658385093	0.3	161
0.3253012048192771	0.4	83
0.5714285714285714	0.5	42
0.5454545454545454	0.6	22
0.6363636363636364	0.7	11
0.8888888888888888	0.8	9
1.0	0.9	3
0.1702127659574468	0.0	47
0.19130434782608696	0.1	115
0.26881720430107525	0.2	186
0.3116883116883117	0.3	154
0.3563218390804598	0.4	87
0.48333333333333334	0.5	60
0.6153846153846154	0.6	13
0.8333333333333334	0.7	12
0.8333333333333334	0.8	6
0.189873417721519	0.0	79
0.21238938053097345	0.1	113
0.2261904761904762	0.2	168
0.32515337423312884	0.3	163
0.40789473684210525	0.4	76
0.5348837209302325	0.5	43
0.5882352941176471	0.6	17
0.7272727272727273	0.7	11
0.8888888888888888	0.8	9
1.0	0.9	1
0.1568627450980392	0.0	51
0.1953125	0.1	128
0.22727272727272727	0.2	176
0.32679738562091504	0.3	153
0.4024390243902439	0.4	82
0.5510204081632653	0.5	49
0.5	0.6	22
0.9333333333333333	0.7	15
0.75	0.8	4
0.22448979591836735	0.0	49
0.15447154471544716	0.1	123
0.22807017543859648	0.2	171
0.36363636363636365	0.3	165
0.3707865168539326	0.4	89
0.5121951219512195	0.5	41
0.5652173913043478	0.6	23
0.7692307692307693	0.7	13
0.8333333333333334	0.8	6
0.18518518518518517	0.0	54
0.18309859154929578	0.1	142
0.2756756756756757	0.2	185
0.32679738562091504	0.3	153
0.4057971014492754	0.4	69
0.5555555555555556	0.5	36
0.5666666666666667	0.6	30
0.875	0.7	8
0.6666666666666666	0.8	3
0.1702127659574468	0.0	47
0.2	0.1	110
0.19883040935672514	0.2	171
0.367816091954023	0.3	174
0.3473684210526316	0.4	95
0.5416666666666666	0.5	48
0.5555555555555556	0.6	18
0.8571428571428571	0.7	14
0.6666666666666666	0.8	3
0.13793103448275862	0.0	58
0.2116788321167883	0.1	137
0.24561403508771928	0.2	171
0.3246753246753247	0.3	154
0.36046511627906974	0.4	86
0.6578947368421053	0.5	38
0.631578947368421	0.6	19
0.7142857142857143	0.7	7
1.0	0.8	8
0.5	0.9	2
0.23076923076923078	0.0	52
0.19852941176470587	0.1	136
0.2155688622754491	0.2	167
0.32298136645962733	0.3	161
0.42168674698795183	0.4	83
0.48717948717948717	0.5	39
0.7368421052631579	0.6	19
0.625	0.7	16
0.8333333333333334	0.8	6
1.0	0.9	1
0.1951219512195122	0.0	41
0.192	0.1	125
0.23668639053254437	0.2	169
0.3067484662576687	0.3	163
0.3939393939393939	0.4	99
0.48717948717948717	0.5	39
0.6153846153846154	0.6	26
0.8571428571428571	0.7	14
0.75	0.8	4
0.2222222222222222	0.0	45
0.18253968253968253	0.1	126
0.25139664804469275	0.2	179
0.3142857142857143	0.3	140
0.375	0.4	88
0.423728813559322	0.5	59
0.6153846153846154	0.6	26
0.8333333333333334	0.7	6
1.0	0.8	8
0.6666666666666666	0.9	3
0.20454545454545456	0.0	44
0.18803418803418803	0.1	117
0.24083769633507854	0.2	191
0.32051282051282054	0.3	156
0.39325842696629215	0.4	89
0.5227272727272727	0.5	44
0.6206896551724138	0.6	29
0.8333333333333334	0.7	6
0.75	0.8	4
0.17073170731707318	0.0	41
0.1721311475409836	0.1	122
0.25	0.2	164
0.3116883116883117	0.3	154
0.34	0.4	100
0.5	0.5	48
0.6363636363636364	0.6	33
0.8333333333333334	0.7	12
0.8333333333333334	0.8	6
0.15789473684210525	0.0	57
0.19047619047619047	0.1	126
0.2894736842105263	0.2	190
0.3269230769230769	0.3	156
0.32051282051282054	0.4	78
0.5789473684210527	0.5	38
0.6086956521739131	0.6	23
0.8888888888888888	0.7	9
1.0	0.8	3
0.21818181818181817	0.0	55
0.15873015873015872	0.1	126
0.28654970760233917	0.2	171
0.2857142857142857	0.3	168
0.4146341463414634	0.4	82
0.5714285714285714	0.5	35
0.52	0.6	25
0.8333333333333334	0.7	12
0.8333333333333334	0.8	6
0.24489795918367346	0.0	49
0.17054263565891473	0.1	129
0.25280898876404495	0.2	178
0.3248407643312102	0.3	157
0.3617021276595745	0.4	94
0.5526315789473685	0.5	38
0.7142857142857143	0.6	21
0.7777777777777778	0.7	9
0.8	0.8	5
0.19047619047619047	0.0	42
0.17424242424242425	0.1	132
0.26900584795321636	0.2	171
0.2903225806451613	0.3	155
0.39361702127659576	0.4	94
0.5348837209302325	0.5	43
0.5217391304347826	0.6	23
0.8461538461538461	0.7	13
1.0	0.8	5
0.5	0.9	2
0.17647058823529413	0.0	51
0.17692307692307693	0.1	130
0.27167630057803466	0.2	173
0.3141025641025641	0.3	156
0.3176470588235294	0.4	85
0.5897435897435898	0.5	39
0.6086956521739131	0.6	23
0.7	0.7	10
1.0	0.8	11
0.5	0.9	2
0.17647058823529413	0.0	51
0.18461538461538463	0.1	130
0.28888888888888886	0.2	180
0.34782608695652173	0.3	138
0.24742268041237114	0.4	97
0.5416666666666666	0.5	48
0.8333333333333334	0.6	12
0.7222222222222222	0.7	18
0.8333333333333334	0.8	6
0.19230769230769232	0.0	52
0.13846153846153847	0.1	130
0.29559748427672955	0.2	159
0.348993288590604	0.3	149
0.28846153846153844	0.4	104
0.5217391304347826	0.5	46
0.6111111111111112	0.6	18
0.8181818181818182	0.7	11
1.0	0.8	8
0.6666666666666666	0.9	3
0.19298245614035087	0.0	57
0.16911764705882354	0.1	136
0.2598870056497175	0.2	177
0.3670886075949367	0.3	158
0.2876712328767123	0.4	73
0.5641025641025641	0.5	39
0.6666666666666666	0.6	18
0.8125	0.7	16
0.8333333333333334	0.8	6
0.16923076923076924	0.0	65
0.18518518518518517	0.1	135
0.281437125748503	0.2	167
0.33112582781456956	0.3	151
0.34146341463414637	0.4	82
0.6046511627906976	0.5	43
0.5833333333333334	0.6	24
0.8	0.7	10
0.6666666666666666	0.8	3
0.17391304347826086	0.0	46
0.20689655172413793	0.1	116
0.23595505617977527	0.2	178
0.30303030303030304	0.3	165
0.3522727272727273	0.4	88
0.5333333333333333	0.5	45
0.6842105263157895	0.6	19
0.8	0.7	15
0.8571428571428571	0.8	7
1.0	0.9	1
0.19047619047619047	0.0	42
0.1724137931034483	0.1	116
0.23333333333333334	0.2	180
0.3855421686746988	0.3	166
0.30526315789473685	0.4	95
0.5	0.5	40
0.55	0.6	20
0.8	0.7	15
0.8333333333333334	0.8	6
0.1956521739130435	0.0	46
0.192	0.1	125
0.2692307692307692	0.2	182
0.3048780487804878	0.3	164
0.3116883116883117	0.4	77
0.5849056603773585	0.5	53
0.5882352941176471	0.6	17
0.9230769230769231	0.7	13
0.6666666666666666	0.8	3
0.14	0.0	50
0.18421052631578946	0.1	114
0.22282608695652173	0.2	184
0.36904761904761907	0.3	168
0.35365853658536583	0.4	82
0.5853658536585366	0.5	41
0.45	0.6	20
0.875	0.7	16
0.8	0.8	5
0.19230769230769232	0.0	52
0.19008264462809918	0.1	121
0.24550898203592814	0.2	167
0.3225806451612903	0.3	155
0.34408602150537637	0.4	93
0.4897959183673469	0.5	49
0.6818181818181818	0.6	22
0.75	0.7	16
0.8	0.8	5
0.2	0.0	50
0.1724137931034483	0.1	116
0.26256983240223464	0.2	179
0.31210191082802546	0.3	157
0.3763440860215054	0.4	93
0.4878048780487805	0.5	41
0.5789473684210527	0.6	19
0.7058823529411765	0.7	17
0.875	0.8	8
0.2127659574468085	0.0	47
0.1826086956521739	0.1	115
0.25287356321839083	0.2	174
0.3141025641025641	0.3	156
0.34951456310679613	0.4	103
0.46808510638297873	0.5	47
0.7142857142857143	0.6	21
0.8571428571428571	0.7	14
0.6666666666666666	0.8	3
0.16	0.0	50
0.1836734693877551	0.1	147
0.2603550295857988	0.2	169
0.34146341463414637	0.3	164
0.38666666666666666	0.4	75
0.5	0.5	40
0.75	0.6	16
0.6666666666666666	0.7	6
0.8181818181818182	0.8	11
1.0	0.9	2
0.20454545454545456	0.0	44
0.15267175572519084	0.1	131
0.30177514792899407	0.2	169
0.3270440251572327	0.3	159
0.3225806451612903	0.4	93
0.45454545454545453	0.5	44
0.6	0.6	20
0.8571428571428571	0.7	14
0.8333333333333334	0.8	6
0.21428571428571427	0.0	42
0.1484375	0.1	128
0.2556818181818182	0.2	176
0.3373493975903614	0.3	166
0.3170731707317073	0.4	82
0.5714285714285714	0.5	42
0.6190476190476191	0.6	21
0.8	0.7	15
0.8571428571428571	0.8	7
1.0	0.9	1
0.17307692307692307	0.0	52
0.16379310344827586	0.1	116
0.2543352601156069	0.2	173
0.3615819209039548	0.3	177
0.3409090909090909	0.4	88
0.5294117647058824	0.5	34
0.5238095238095238	0.6	21
0.8666666666666667	0.7	15
1.0	0.8	2
0.5	0.9	2
0.17391304347826086	0.0	46
0.18421052631578946	0.1	114
0.2598870056497175	0.2	177
0.28662420382165604	0.3	157
0.37755102040816324	0.4	98
0.4444444444444444	0.5	45
0.8421052631578947	0.6	19
0.75	0.7	20
0.75	0.8	4
0.1956521739130435	0.0	46
0.1968503937007874	0.1	127
0.2822085889570552	0.2	163
0.3048780487804878	0.3	164
0.3269230769230769	0.4	104
0.4473684210526316	0.5	38
0.7368421052631579	0.6	19
0.7142857142857143	0.7	7
1.0	0.8	9
0.6666666666666666	0.9	3
0.1956521739130435	0.0	46
0.16666666666666666	0.1	120
0.2712765957446808	0.2	188
0.3057324840764331	0.3	157
0.37777777777777777	0.4	90
0.5897435897435898	0.5	39
0.5652173913043478	0.6	23
0.7272727272727273	0.7	11
0.8333333333333334	0.8	6
0.21568627450980393	0.0	51
0.16666666666666666	0.1	120
0.2558139534883721	0.2	172
0.3404255319148936	0.3	141
0.2962962962962963	0.4	108
0.5476190476190477	0.5	42
0.68	0.6	25
0.7333333333333333	0.7	15
0.8333333333333334	0.8	6
