Actual ICU	Estimated ICU	Counts
0.07119741100323625	0.0	309
0.11020408163265306	0.1	245
0.1590909090909091	0.2	88
0.2857142857142857	0.3	28
0.14285714285714285	0.4	7
1.0	0.5	3
0.07191780821917808	0.0	292
0.104	0.1	250
0.14130434782608695	0.2	92
0.2727272727272727	0.3	33
0.36363636363636365	0.4	11
1.0	0.5	2
0.07168458781362007	0.0	279
0.10714285714285714	0.1	252
0.14423076923076922	0.2	104
0.20588235294117646	0.3	34
0.42857142857142855	0.4	7
0.75	0.5	4
0.07516339869281045	0.0	306
0.09876543209876543	0.1	243
0.1724137931034483	0.2	87
0.22857142857142856	0.3	35
0.3333333333333333	0.4	6
1.0	0.5	2
1.0	0.6	1
0.06569343065693431	0.0	274
0.11290322580645161	0.1	248
0.1559633027522936	0.2	109
0.17073170731707318	0.3	41
0.4	0.4	5
1.0	0.5	3
0.06031746031746032	0.0	315
0.13274336283185842	0.1	226
0.10752688172043011	0.2	93
0.2727272727272727	0.3	33
0.45454545454545453	0.4	11
1.0	0.5	2
0.07317073170731707	0.0	287
0.10245901639344263	0.1	244
0.1717171717171717	0.2	99
0.15789473684210525	0.3	38
0.2857142857142857	0.4	7
0.6666666666666666	0.5	3
1.0	0.6	2
0.07692307692307693	0.0	273
0.0984251968503937	0.1	254
0.1320754716981132	0.2	106
0.24324324324324326	0.3	37
0.5	0.4	4
0.6666666666666666	0.5	3
0.6666666666666666	0.6	3
0.06418918918918919	0.0	296
0.10638297872340426	0.1	235
0.16326530612244897	0.2	98
0.23809523809523808	0.3	42
0.4	0.4	5
0.6666666666666666	0.5	3
1.0	0.6	1
0.06985294117647059	0.0	272
0.09765625	0.1	256
0.2037037037037037	0.2	108
0.13513513513513514	0.3	37
0.4	0.4	5
1.0	0.5	2
0.07419354838709677	0.0	310
0.11440677966101695	0.1	236
0.11827956989247312	0.2	93
0.3	0.3	30
0.14285714285714285	0.4	7
1.0	0.5	4
0.07236842105263158	0.0	304
0.1220472440944882	0.1	254
0.12643678160919541	0.2	87
0.15384615384615385	0.3	26
0.8	0.4	5
0.6666666666666666	0.5	3
1.0	0.6	1
0.0684931506849315	0.0	292
0.10526315789473684	0.1	247
0.16161616161616163	0.2	99
0.2571428571428571	0.3	35
0.4	0.4	5
1.0	0.5	2
0.0706713780918728	0.0	283
0.10040160642570281	0.1	249
0.15841584158415842	0.2	101
0.24324324324324326	0.3	37
0.16666666666666666	0.4	6
1.0	0.5	4
0.07876712328767123	0.0	292
0.08979591836734693	0.1	245
0.1595744680851064	0.2	94
0.25	0.3	36
0.25	0.4	8
0.75	0.5	4
1.0	0.6	1
0.0781758957654723	0.0	307
0.09745762711864407	0.1	236
0.15555555555555556	0.2	90
0.2631578947368421	0.3	38
0.2857142857142857	0.4	7
1.0	0.5	1
1.0	0.6	1
0.06230529595015576	0.0	321
0.12334801762114538	0.1	227
0.1595744680851064	0.2	94
0.25	0.3	32
0.5	0.4	4
1.0	0.5	2
0.06734006734006734	0.0	297
0.09349593495934959	0.1	246
0.18556701030927836	0.2	97
0.2962962962962963	0.3	27
0.4444444444444444	0.4	9
0.3333333333333333	0.5	3
1.0	0.6	1
0.06514657980456026	0.0	307
0.1125	0.1	240
0.1326530612244898	0.2	98
0.4230769230769231	0.3	26
0.0	0.4	4
0.75	0.5	4
1.0	0.6	1
0.06551724137931035	0.0	290
0.1091703056768559	0.1	229
0.14414414414414414	0.2	111
0.2564102564102564	0.3	39
0.16666666666666666	0.4	6
0.6666666666666666	0.5	3
1.0	0.6	2
0.06934306569343066	0.0	274
0.10416666666666667	0.1	240
0.13513513513513514	0.2	111
0.2222222222222222	0.3	45
0.4	0.4	5
0.75	0.5	4
1.0	0.6	1
0.06188925081433225	0.0	307
0.1308016877637131	0.1	237
0.13333333333333333	0.2	90
0.2222222222222222	0.3	36
0.4444444444444444	0.4	9
1.0	0.5	1
0.05574912891986063	0.0	287
0.12987012987012986	0.1	231
0.13274336283185842	0.2	113
0.24324324324324326	0.3	37
0.3	0.4	10
1.0	0.5	2
0.05825242718446602	0.0	309
0.11428571428571428	0.1	245
0.14772727272727273	0.2	88
0.37037037037037035	0.3	27
0.375	0.4	8
1.0	0.5	2
1.0	0.6	1
0.07308970099667775	0.0	301
0.11353711790393013	0.1	229
0.1308411214953271	0.2	107
0.2	0.3	30
0.5	0.4	8
0.5	0.5	2
0.6666666666666666	0.6	3
0.06872852233676977	0.0	291
0.10843373493975904	0.1	249
0.15463917525773196	0.2	97
0.25	0.3	32
0.42857142857142855	0.4	7
0.0	0.5	2
1.0	0.6	2
0.06206896551724138	0.0	290
0.112	0.1	250
0.16842105263157894	0.2	95
0.21621621621621623	0.3	37
0.25	0.4	4
1.0	0.5	3
1.0	0.6	1
0.06840390879478828	0.0	307
0.12133891213389121	0.1	239
0.13186813186813187	0.2	91
0.2777777777777778	0.3	36
0.0	0.4	4
1.0	0.5	2
1.0	0.6	1
0.05921052631578947	0.0	304
0.11904761904761904	0.1	252
0.14473684210526316	0.2	76
0.2857142857142857	0.3	35
0.2222222222222222	0.4	9
1.0	0.5	3
1.0	0.6	1
0.0627062706270627	0.0	303
0.10699588477366255	0.1	243
0.17204301075268819	0.2	93
0.30303030303030304	0.3	33
0.2	0.4	5
1.0	0.5	3
0.0798611111111111	0.0	288
0.09465020576131687	0.1	243
0.14563106796116504	0.2	103
0.2702702702702703	0.3	37
0.16666666666666666	0.4	6
1.0	0.5	2
1.0	0.6	1
0.07553956834532374	0.0	278
0.10526315789473684	0.1	247
0.11538461538461539	0.2	104
0.28205128205128205	0.3	39
0.25	0.4	8
0.6666666666666666	0.5	3
1.0	0.6	1
0.06666666666666667	0.0	300
0.11646586345381527	0.1	249
0.1276595744680851	0.2	94
0.3333333333333333	0.3	27
0.2857142857142857	0.4	7
1.0	0.5	3
0.05787781350482315	0.0	311
0.13135593220338984	0.1	236
0.11956521739130435	0.2	92
0.3333333333333333	0.3	30
0.2	0.4	5
0.6	0.5	5
1.0	0.6	1
0.05730659025787966	0.0	349
0.13636363636363635	0.1	220
0.16216216216216217	0.2	74
0.32142857142857145	0.3	28
0.0	0.4	4
0.8	0.5	5
0.0664451827242525	0.0	301
0.108	0.1	250
0.15217391304347827	0.2	92
0.37037037037037035	0.3	27
0.0	0.4	5
0.75	0.5	4
1.0	0.6	1
0.07246376811594203	0.0	276
0.10040160642570281	0.1	249
0.1346153846153846	0.2	104
0.2631578947368421	0.3	38
0.14285714285714285	0.4	7
0.75	0.5	4
1.0	0.6	2
0.06643356643356643	0.0	286
0.0963855421686747	0.1	249
0.18446601941747573	0.2	103
0.16666666666666666	0.3	30
0.625	0.4	8
1.0	0.5	1
0.6666666666666666	0.6	3
0.0728476821192053	0.0	302
0.0954356846473029	0.1	241
0.16129032258064516	0.2	93
0.25	0.3	36
0.8	0.4	5
0.6666666666666666	0.5	3
0.0763888888888889	0.0	288
0.10245901639344263	0.1	244
0.13636363636363635	0.2	110
0.26666666666666666	0.3	30
0.5	0.4	6
1.0	0.5	2
0.05825242718446602	0.0	309
0.1322314049586777	0.1	242
0.13095238095238096	0.2	84
0.23529411764705882	0.3	34
0.25	0.4	4
0.6666666666666666	0.5	6
1.0	0.6	1
0.056074766355140186	0.0	321
0.14583333333333334	0.1	240
0.09523809523809523	0.2	84
0.34782608695652173	0.3	23
0.375	0.4	8
0.5	0.5	2
1.0	0.6	2
0.07590759075907591	0.0	303
0.08906882591093117	0.1	247
0.2413793103448276	0.2	87
0.0967741935483871	0.3	31
0.375	0.4	8
0.6666666666666666	0.5	3
1.0	0.6	1
0.0576271186440678	0.0	295
0.1141732283464567	0.1	254
0.16279069767441862	0.2	86
0.29411764705882354	0.3	34
0.3333333333333333	0.4	6
0.5	0.5	4
1.0	0.6	1
0.08362369337979095	0.0	287
0.09163346613545817	0.1	251
0.15151515151515152	0.2	99
0.2647058823529412	0.3	34
0.25	0.4	4
0.5	0.5	4
1.0	0.6	1
0.07829181494661921	0.0	281
0.0995850622406639	0.1	241
0.1262135922330097	0.2	103
0.2558139534883721	0.3	43
0.2222222222222222	0.4	9
1.0	0.5	3
0.08304498269896193	0.0	289
0.09411764705882353	0.1	255
0.17708333333333334	0.2	96
0.15625	0.3	32
0.5	0.4	4
0.6666666666666666	0.5	3
1.0	0.6	1
0.07023411371237458	0.0	299
0.12295081967213115	0.1	244
0.10526315789473684	0.2	95
0.29411764705882354	0.3	34
0.2	0.4	5
1.0	0.5	2
1.0	0.6	1
0.07457627118644068	0.0	295
0.0992063492063492	0.1	252
0.14444444444444443	0.2	90
0.25	0.3	32
0.5	0.4	6
0.6666666666666666	0.5	3
1.0	0.6	2
0.06666666666666667	0.0	285
0.11336032388663968	0.1	247
0.16037735849056603	0.2	106
0.16129032258064516	0.3	31
0.4444444444444444	0.4	9
1.0	0.5	1
1.0	0.6	1
0.06802721088435375	0.0	294
0.11618257261410789	0.1	241
0.12244897959183673	0.2	98
0.2571428571428571	0.3	35
0.375	0.4	8
0.75	0.5	4
0.06825938566552901	0.0	293
0.10434782608695652	0.1	230
0.16346153846153846	0.2	104
0.23255813953488372	0.3	43
0.0	0.4	6
1.0	0.5	3
1.0	0.6	1
0.07	0.0	300
0.0963855421686747	0.1	249
0.16279069767441862	0.2	86
0.30303030303030304	0.3	33
0.2857142857142857	0.4	7
0.6666666666666666	0.5	3
1.0	0.6	2
0.06620209059233449	0.0	287
0.10569105691056911	0.1	246
0.17647058823529413	0.2	102
0.2	0.3	35
0.16666666666666666	0.4	6
1.0	0.5	4
0.05723905723905724	0.0	297
0.1134453781512605	0.1	238
0.17708333333333334	0.2	96
0.23684210526315788	0.3	38
0.14285714285714285	0.4	7
1.0	0.5	3
1.0	0.6	1
0.055900621118012424	0.0	322
0.12334801762114538	0.1	227
0.2087912087912088	0.2	91
0.16666666666666666	0.3	30
0.2857142857142857	0.4	7
1.0	0.5	2
1.0	0.6	1
0.06329113924050633	0.0	316
0.13675213675213677	0.1	234
0.09782608695652174	0.2	92
0.3103448275862069	0.3	29
0.2	0.4	5
1.0	0.5	4
0.06918238993710692	0.0	318
0.10212765957446808	0.1	235
0.18518518518518517	0.2	81
0.2702702702702703	0.3	37
0.3333333333333333	0.4	6
0.6666666666666666	0.5	3
0.06944444444444445	0.0	288
0.10843373493975904	0.1	249
0.16483516483516483	0.2	91
0.14634146341463414	0.3	41
0.4	0.4	5
0.8	0.5	5
1.0	0.6	1
0.06209150326797386	0.0	306
0.10970464135021098	0.1	237
0.17708333333333334	0.2	96
0.27586206896551724	0.3	29
0.3	0.4	10
1.0	0.5	2
0.0738255033557047	0.0	298
0.09565217391304348	0.1	230
0.16981132075471697	0.2	106
0.2571428571428571	0.3	35
0.2222222222222222	0.4	9
1.0	0.5	2
0.0625	0.0	304
0.12653061224489795	0.1	245
0.13043478260869565	0.2	92
0.25806451612903225	0.3	31
0.7142857142857143	0.4	7
0.0	0.5	1
0.05970149253731343	0.0	268
0.11583011583011583	0.1	259
0.17	0.2	100
0.14634146341463414	0.3	41
0.3333333333333333	0.4	9
1.0	0.5	2
1.0	0.6	1
0.06597222222222222	0.0	288
0.10441767068273092	0.1	249
0.17	0.2	100
0.21875	0.3	32
0.5	0.4	6
0.3333333333333333	0.5	3
1.0	0.6	2
0.06796116504854369	0.0	309
0.1038961038961039	0.1	231
0.16129032258064516	0.2	93
0.24324324324324326	0.3	37
0.3333333333333333	0.4	6
1.0	0.5	3
1.0	0.6	1
0.07094594594594594	0.0	296
0.11618257261410789	0.1	241
0.10752688172043011	0.2	93
0.28205128205128205	0.3	39
0.3333333333333333	0.4	9
1.0	0.5	2
0.07119741100323625	0.0	309
0.1059322033898305	0.1	236
0.15476190476190477	0.2	84
0.2564102564102564	0.3	39
0.125	0.4	8
1.0	0.5	3
1.0	0.6	1
0.05821917808219178	0.0	292
0.12033195020746888	0.1	241
0.12962962962962962	0.2	108
0.35714285714285715	0.3	28
0.25	0.4	8
1.0	0.5	2
1.0	0.6	1
0.07668711656441718	0.0	326
0.09913793103448276	0.1	232
0.1927710843373494	0.2	83
0.1935483870967742	0.3	31
0.5	0.4	6
1.0	0.5	2
0.056716417910447764	0.0	335
0.12	0.1	225
0.2125	0.2	80
0.23333333333333334	0.3	30
0.25	0.4	4
0.6666666666666666	0.5	3
0.6666666666666666	0.6	3
0.06349206349206349	0.0	315
0.11688311688311688	0.1	231
0.14285714285714285	0.2	84
0.275	0.3	40
0.3333333333333333	0.4	6
0.6666666666666666	0.5	3
1.0	0.6	1
0.07142857142857142	0.0	294
0.10204081632653061	0.1	245
0.16666666666666666	0.2	102
0.24242424242424243	0.3	33
0.3333333333333333	0.4	3
1.0	0.5	3
0.06291390728476821	0.0	302
0.11618257261410789	0.1	241
0.12222222222222222	0.2	90
0.2894736842105263	0.3	38
0.6	0.4	5
0.75	0.5	4
0.06375838926174497	0.0	298
0.10040160642570281	0.1	249
0.18823529411764706	0.2	85
0.2702702702702703	0.3	37
0.14285714285714285	0.4	7
1.0	0.5	3
1.0	0.6	1
0.0711864406779661	0.0	295
0.10887096774193548	0.1	248
0.15789473684210525	0.2	95
0.2727272727272727	0.3	33
0.14285714285714285	0.4	7
1.0	0.5	1
1.0	0.6	1
0.0625	0.0	320
0.1187214611872146	0.1	219
0.17204301075268819	0.2	93
0.2	0.3	35
0.375	0.4	8
0.6666666666666666	0.5	3
0.5	0.6	2
0.08108108108108109	0.0	333
0.0867579908675799	0.1	219
0.1875	0.2	80
0.2222222222222222	0.3	36
0.2857142857142857	0.4	7
0.6666666666666666	0.5	3
1.0	0.6	2
0.07246376811594203	0.0	276
0.1015625	0.1	256
0.15384615384615385	0.2	104
0.22857142857142856	0.3	35
0.5	0.4	8
1.0	0.5	1
0.05574912891986063	0.0	287
0.11904761904761904	0.1	252
0.15789473684210525	0.2	95
0.23529411764705882	0.3	34
0.2857142857142857	0.4	7
0.6666666666666666	0.5	3
1.0	0.6	2
0.06440677966101695	0.0	295
0.10869565217391304	0.1	230
0.1523809523809524	0.2	105
0.28205128205128205	0.3	39
0.0	0.4	7
1.0	0.5	3
1.0	0.6	1
0.06451612903225806	0.0	279
0.11290322580645161	0.1	248
0.1485148514851485	0.2	101
0.21428571428571427	0.3	42
0.25	0.4	4
0.6666666666666666	0.5	6
0.06930693069306931	0.0	303
0.11403508771929824	0.1	228
0.1388888888888889	0.2	108
0.28125	0.3	32
0.0	0.4	3
0.6	0.5	5
1.0	0.6	1
0.06481481481481481	0.0	324
0.12444444444444444	0.1	225
0.15730337078651685	0.2	89
0.29411764705882354	0.3	34
0.25	0.4	8
0.07092198581560284	0.0	282
0.096	0.1	250
0.16831683168316833	0.2	101
0.2222222222222222	0.3	36
0.375	0.4	8
1.0	0.5	2
1.0	0.6	1
0.06802721088435375	0.0	294
0.09876543209876543	0.1	243
0.17525773195876287	0.2	97
0.24324324324324326	0.3	37
0.5	0.4	8
1.0	0.5	1
0.0625	0.0	288
0.11475409836065574	0.1	244
0.1523809523809524	0.2	105
0.22857142857142856	0.3	35
0.5	0.4	6
1.0	0.5	2
0.07446808510638298	0.0	282
0.1016260162601626	0.1	246
0.16346153846153846	0.2	104
0.2	0.3	35
0.1111111111111111	0.4	9
1.0	0.5	3
1.0	0.6	1
0.059800664451827246	0.0	301
0.11553784860557768	0.1	251
0.16470588235294117	0.2	85
0.28125	0.3	32
0.3333333333333333	0.4	9
1.0	0.5	2
0.06418918918918919	0.0	296
0.1078838174273859	0.1	241
0.1414141414141414	0.2	99
0.3235294117647059	0.3	34
0.2857142857142857	0.4	7
1.0	0.5	2
1.0	0.6	1
0.06597222222222222	0.0	288
0.10743801652892562	0.1	242
0.14	0.2	100
0.3	0.3	40
0.2	0.4	5
0.5	0.5	4
1.0	0.6	1
0.06382978723404255	0.0	282
0.11067193675889328	0.1	253
0.1326530612244898	0.2	98
0.2777777777777778	0.3	36
0.42857142857142855	0.4	7
0.75	0.5	4
0.060498220640569395	0.0	281
0.12295081967213115	0.1	244
0.12871287128712872	0.2	101
0.20930232558139536	0.3	43
0.5	0.4	6
0.6666666666666666	0.5	3
0.5	0.6	2
0.07407407407407407	0.0	297
0.11627906976744186	0.1	258
0.13793103448275862	0.2	87
0.2	0.3	30
0.3333333333333333	0.4	3
0.6666666666666666	0.5	3
1.0	0.6	2
0.05423728813559322	0.0	295
0.1285140562248996	0.1	249
0.1368421052631579	0.2	95
0.28125	0.3	32
0.25	0.4	4
0.75	0.5	4
1.0	0.6	1
0.0695970695970696	0.0	273
0.09716599190283401	0.1	247
0.14953271028037382	0.2	107
0.2631578947368421	0.3	38
0.3	0.4	10
0.6	0.5	5
0.0684931506849315	0.0	292
0.10236220472440945	0.1	254
0.17204301075268819	0.2	93
0.22580645161290322	0.3	31
0.6666666666666666	0.4	6
0.0	0.5	2
1.0	0.6	2
0.0711743772241993	0.0	281
0.09387755102040816	0.1	245
0.16666666666666666	0.2	102
0.20512820512820512	0.3	39
0.42857142857142855	0.4	7
0.6666666666666666	0.5	6
0.05228758169934641	0.0	306
0.124	0.1	250
0.16483516483516483	0.2	91
0.3333333333333333	0.3	24
0.3333333333333333	0.4	6
1.0	0.5	2
1.0	0.6	1
0.06397306397306397	0.0	297
0.11952191235059761	0.1	251
0.12087912087912088	0.2	91
0.26666666666666666	0.3	30
0.6	0.4	5
0.5	0.5	4
1.0	0.6	2
0.07017543859649122	0.0	285
0.10330578512396695	0.1	242
0.1388888888888889	0.2	108
0.2727272727272727	0.3	33
0.375	0.4	8
0.5	0.5	2
1.0	0.6	2
0.06545454545454546	0.0	275
0.10080645161290322	0.1	248
0.18269230769230768	0.2	104
0.14634146341463414	0.3	41
0.5714285714285714	0.4	7
0.6	0.5	5
0.06642066420664207	0.0	271
0.10887096774193548	0.1	248
0.14035087719298245	0.2	114
0.24324324324324326	0.3	37
0.3333333333333333	0.4	6
0.75	0.5	4
0.0627062706270627	0.0	303
0.12184873949579832	0.1	238
0.13043478260869565	0.2	92
0.2631578947368421	0.3	38
0.4	0.4	5
0.6666666666666666	0.5	3
1.0	0.6	1
0.06993006993006994	0.0	286
0.11020408163265306	0.1	245
0.12	0.2	100
0.275	0.3	40
0.3333333333333333	0.4	6
1.0	0.5	2
1.0	0.6	1
0.06643356643356643	0.0	286
0.10699588477366255	0.1	243
0.14285714285714285	0.2	98
0.23809523809523808	0.3	42
0.3333333333333333	0.4	6
0.6666666666666666	0.5	3
1.0	0.6	2
0.07191780821917808	0.0	292
0.09917355371900827	0.1	242
0.16666666666666666	0.2	96
0.23076923076923078	0.3	39
0.16666666666666666	0.4	6
0.8	0.5	5
0.0777027027027027	0.0	296
0.10256410256410256	0.1	234
0.10377358490566038	0.2	106
0.3333333333333333	0.3	36
0.25	0.4	4
1.0	0.5	3
1.0	0.6	1
0.07894736842105263	0.0	304
0.1016260162601626	0.1	246
0.13186813186813187	0.2	91
0.3	0.3	30
0.4	0.4	5
0.75	0.5	4
0.07829181494661921	0.0	281
0.0931174089068826	0.1	247
0.1553398058252427	0.2	103
0.21621621621621623	0.3	37
0.42857142857142855	0.4	7
0.3333333333333333	0.5	3
1.0	0.6	2
0.07446808510638298	0.0	282
0.10465116279069768	0.1	258
0.15555555555555556	0.2	90
0.2	0.3	40
0.2857142857142857	0.4	7
1.0	0.5	3
0.06535947712418301	0.0	306
0.0995850622406639	0.1	241
0.1797752808988764	0.2	89
0.3125	0.3	32
0.2222222222222222	0.4	9
1.0	0.5	3
0.07142857142857142	0.0	294
0.11336032388663968	0.1	247
0.09782608695652174	0.2	92
0.2894736842105263	0.3	38
0.5714285714285714	0.4	7
1.0	0.5	2
0.06325301204819277	0.0	332
0.11607142857142858	0.1	224
0.14130434782608695	0.2	92
0.45454545454545453	0.3	22
0.2	0.4	5
0.75	0.5	4
1.0	0.6	1
0.07482993197278912	0.0	294
0.11244979919678715	0.1	249
0.11235955056179775	0.2	89
0.25	0.3	40
0.4	0.4	5
1.0	0.5	2
1.0	0.6	1
0.07167235494880546	0.0	293
0.10358565737051793	0.1	251
0.1595744680851064	0.2	94
0.23529411764705882	0.3	34
0.25	0.4	4
1.0	0.5	3
1.0	0.6	1
0.08118081180811808	0.0	271
0.09765625	0.1	256
0.1574074074074074	0.2	108
0.1891891891891892	0.3	37
0.0	0.4	4
1.0	0.5	3
1.0	0.6	1
0.06713780918727916	0.0	283
0.10756972111553785	0.1	251
0.14285714285714285	0.2	105
0.28125	0.3	32
0.25	0.4	4
0.75	0.5	4
1.0	0.6	1
0.07142857142857142	0.0	294
0.10894941634241245	0.1	257
0.15151515151515152	0.2	99
0.3181818181818182	0.3	22
0.4	0.4	5
0.6666666666666666	0.5	3
0.06273062730627306	0.0	271
0.10852713178294573	0.1	258
0.16666666666666666	0.2	108
0.17647058823529413	0.3	34
0.6	0.4	5
0.75	0.5	4
0.06862745098039216	0.0	306
0.11618257261410789	0.1	241
0.13636363636363635	0.2	88
0.21212121212121213	0.3	33
0.6666666666666666	0.4	9
0.3333333333333333	0.5	3
0.06896551724137931	0.0	290
0.0992063492063492	0.1	252
0.17894736842105263	0.2	95
0.25	0.3	32
0.0	0.4	4
0.75	0.5	4
0.6666666666666666	0.6	3
0.08116883116883117	0.0	308
0.10087719298245613	0.1	228
0.13131313131313133	0.2	99
0.2857142857142857	0.3	35
0.0	0.4	6
1.0	0.5	3
1.0	0.6	1
0.07796610169491526	0.0	295
0.09836065573770492	0.1	244
0.1368421052631579	0.2	95
0.2702702702702703	0.3	37
0.25	0.4	4
0.75	0.5	4
1.0	0.6	1
0.07407407407407407	0.0	297
0.10975609756097561	0.1	246
0.1523809523809524	0.2	105
0.2608695652173913	0.3	23
0.16666666666666666	0.4	6
1.0	0.5	3
0.06620209059233449	0.0	287
0.10756972111553785	0.1	251
0.17	0.2	100
0.21875	0.3	32
0.375	0.4	8
1.0	0.5	2
0.07796610169491526	0.0	295
0.10040160642570281	0.1	249
0.14130434782608695	0.2	92
0.2571428571428571	0.3	35
0.2	0.4	5
1.0	0.5	2
1.0	0.6	2
0.07746478873239436	0.0	284
0.0984251968503937	0.1	254
0.15306122448979592	0.2	98
0.25	0.3	32
0.16666666666666666	0.4	6
0.6666666666666666	0.5	6
0.06930693069306931	0.0	303
0.10040160642570281	0.1	249
0.18604651162790697	0.2	86
0.27586206896551724	0.3	29
0.2727272727272727	0.4	11
1.0	0.5	1
1.0	0.6	1
0.06845238095238096	0.0	336
0.11555555555555555	0.1	225
0.1728395061728395	0.2	81
0.2413793103448276	0.3	29
0.4	0.4	5
0.6666666666666666	0.5	3
1.0	0.6	1
0.06354515050167224	0.0	299
0.11553784860557768	0.1	251
0.13095238095238096	0.2	84
0.2702702702702703	0.3	37
0.3333333333333333	0.4	3
0.8	0.5	5
1.0	0.6	1
0.06227106227106227	0.0	273
0.109375	0.1	256
0.16326530612244897	0.2	98
0.2	0.3	40
0.3333333333333333	0.4	9
0.75	0.5	4
0.0625	0.0	304
0.1072961373390558	0.1	233
0.17391304347826086	0.2	92
0.2	0.3	40
0.5	0.4	8
1.0	0.5	2
1.0	0.6	1
0.07194244604316546	0.0	278
0.10646387832699619	0.1	263
0.1368421052631579	0.2	95
0.22857142857142856	0.3	35
0.4	0.4	5
1.0	0.5	3
1.0	0.6	1
0.05405405405405406	0.0	296
0.1308016877637131	0.1	237
0.12871287128712872	0.2	101
0.2571428571428571	0.3	35
0.2857142857142857	0.4	7
1.0	0.5	3
1.0	0.6	1
0.05647840531561462	0.0	301
0.1271186440677966	0.1	236
0.125	0.2	96
0.2894736842105263	0.3	38
0.2	0.4	5
1.0	0.5	4
0.06840390879478828	0.0	307
0.11504424778761062	0.1	226
0.14705882352941177	0.2	102
0.2647058823529412	0.3	34
0.14285714285714285	0.4	7
0.75	0.5	4
0.06405693950177936	0.0	281
0.10714285714285714	0.1	252
0.13402061855670103	0.2	97
0.3076923076923077	0.3	39
0.2	0.4	5
0.6666666666666666	0.5	6
0.06578947368421052	0.0	304
0.10612244897959183	0.1	245
0.1590909090909091	0.2	88
0.2903225806451613	0.3	31
0.375	0.4	8
0.6666666666666666	0.5	3
1.0	0.6	1
0.0673076923076923	0.0	312
0.12173913043478261	0.1	230
0.12222222222222222	0.2	90
0.23684210526315788	0.3	38
0.5	0.4	4
0.5	0.5	4
1.0	0.6	2
0.07540983606557378	0.0	305
0.11740890688259109	0.1	247
0.13186813186813187	0.2	91
0.23333333333333334	0.3	30
0.5714285714285714	0.4	7
0.06711409395973154	0.0	298
0.125	0.1	248
0.12	0.2	100
0.28	0.3	25
0.42857142857142855	0.4	7
1.0	0.5	1
1.0	0.6	1
0.07886435331230283	0.0	317
0.10480349344978165	0.1	229
0.13978494623655913	0.2	93
0.2857142857142857	0.3	35
0.4	0.4	5
1.0	0.5	1
0.07119741100323625	0.0	309
0.11570247933884298	0.1	242
0.14942528735632185	0.2	87
0.2	0.3	35
0.5	0.4	4
1.0	0.5	2
1.0	0.6	1
0.06432748538011696	0.0	342
0.11467889908256881	0.1	218
0.17073170731707318	0.2	82
0.3225806451612903	0.3	31
0.3333333333333333	0.4	3
0.75	0.5	4
0.06529209621993128	0.0	291
0.10699588477366255	0.1	243
0.15463917525773196	0.2	97
0.2631578947368421	0.3	38
0.25	0.4	8
1.0	0.5	3
0.06206896551724138	0.0	290
0.10204081632653061	0.1	245
0.16666666666666666	0.2	90
0.24390243902439024	0.3	41
0.4444444444444444	0.4	9
0.5	0.5	4
1.0	0.6	1
0.07744107744107744	0.0	297
0.0931174089068826	0.1	247
0.16483516483516483	0.2	91
0.2727272727272727	0.3	33
0.125	0.4	8
1.0	0.5	4
0.06944444444444445	0.0	288
0.10588235294117647	0.1	255
0.16483516483516483	0.2	91
0.23529411764705882	0.3	34
0.2857142857142857	0.4	7
0.6	0.5	5
0.06884057971014493	0.0	276
0.1015625	0.1	256
0.16161616161616163	0.2	99
0.22857142857142856	0.3	35
0.2	0.4	10
1.0	0.5	3
1.0	0.6	1
0.07220216606498195	0.0	277
0.100418410041841	0.1	239
0.1452991452991453	0.2	117
0.21212121212121213	0.3	33
0.4	0.4	10
0.75	0.5	4
0.07291666666666667	0.0	288
0.09615384615384616	0.1	260
0.20224719101123595	0.2	89
0.15625	0.3	32
0.5	0.4	10
1.0	0.5	1
0.06451612903225806	0.0	279
0.10699588477366255	0.1	243
0.14678899082568808	0.2	109
0.23684210526315788	0.3	38
0.375	0.4	8
1.0	0.5	1
1.0	0.6	2
0.06643356643356643	0.0	286
0.104	0.1	250
0.16483516483516483	0.2	91
0.21428571428571427	0.3	42
0.3333333333333333	0.4	6
0.8	0.5	5
0.0707070707070707	0.0	297
0.10612244897959183	0.1	245
0.16666666666666666	0.2	90
0.21052631578947367	0.3	38
0.4	0.4	5
0.6	0.5	5
0.0763888888888889	0.0	288
0.0975609756097561	0.1	246
0.1792452830188679	0.2	106
0.16666666666666666	0.3	30
0.4	0.4	5
0.3333333333333333	0.5	3
1.0	0.6	2
0.07046979865771812	0.0	298
0.10931174089068826	0.1	247
0.15463917525773196	0.2	97
0.2413793103448276	0.3	29
0.3333333333333333	0.4	6
1.0	0.5	3
0.06690140845070422	0.0	284
0.109375	0.1	256
0.11702127659574468	0.2	94
0.29411764705882354	0.3	34
0.5714285714285714	0.4	7
0.5	0.5	4
1.0	0.6	1
0.060714285714285714	0.0	280
0.11715481171548117	0.1	239
0.13636363636363635	0.2	110
0.275	0.3	40
0.0	0.4	7
1.0	0.5	3
1.0	0.6	1
0.06070287539936102	0.0	313
0.11952191235059761	0.1	251
0.14102564102564102	0.2	78
0.3448275862068966	0.3	29
0.3333333333333333	0.4	6
1.0	0.5	2
1.0	0.6	1
0.07194244604316546	0.0	278
0.10483870967741936	0.1	248
0.1574074074074074	0.2	108
0.17142857142857143	0.3	35
0.3333333333333333	0.4	6
0.6666666666666666	0.5	3
1.0	0.6	2
0.07023411371237458	0.0	299
0.10887096774193548	0.1	248
0.13333333333333333	0.2	90
0.3125	0.3	32
0.14285714285714285	0.4	7
1.0	0.5	3
1.0	0.6	1
0.07666666666666666	0.0	300
0.09795918367346938	0.1	245
0.13333333333333333	0.2	90
0.3333333333333333	0.3	33
0.14285714285714285	0.4	7
0.75	0.5	4
1.0	0.6	1
0.06309148264984227	0.0	317
0.11814345991561181	0.1	237
0.1797752808988764	0.2	89
0.17857142857142858	0.3	28
0.5	0.4	6
1.0	0.5	3
0.06060606060606061	0.0	297
0.11020408163265306	0.1	245
0.1958762886597938	0.2	97
0.22857142857142856	0.3	35
0.4	0.4	5
1.0	0.5	1
0.07023411371237458	0.0	299
0.10460251046025104	0.1	239
0.1595744680851064	0.2	94
0.22857142857142856	0.3	35
0.3333333333333333	0.4	9
0.5	0.5	2
1.0	0.6	2
0.07339449541284404	0.0	327
0.10822510822510822	0.1	231
0.11627906976744186	0.2	86
0.41379310344827586	0.3	29
0.3333333333333333	0.4	3
0.6666666666666666	0.5	3
1.0	0.6	1
0.08201892744479496	0.0	317
0.08786610878661087	0.1	239
0.16304347826086957	0.2	92
0.4166666666666667	0.3	24
0.16666666666666666	0.4	6
1.0	0.5	2
0.06859205776173286	0.0	277
0.1111111111111111	0.1	252
0.13131313131313133	0.2	99
0.22727272727272727	0.3	44
0.4	0.4	5
1.0	0.5	3
0.06428571428571428	0.0	280
0.108	0.1	250
0.17525773195876287	0.2	97
0.175	0.3	40
0.3333333333333333	0.4	9
0.75	0.5	4
0.0701219512195122	0.0	328
0.125	0.1	232
0.12658227848101267	0.2	79
0.25	0.3	32
0.3333333333333333	0.4	3
0.6666666666666666	0.5	6
0.06020066889632107	0.0	299
0.11740890688259109	0.1	247
0.16853932584269662	0.2	89
0.2571428571428571	0.3	35
0.14285714285714285	0.4	7
1.0	0.5	3
0.06291390728476821	0.0	302
0.11063829787234042	0.1	235
0.16666666666666666	0.2	96
0.2222222222222222	0.3	36
0.5	0.4	6
0.6	0.5	5
0.07720588235294118	0.0	272
0.11152416356877323	0.1	269
0.125	0.2	96
0.21212121212121213	0.3	33
0.16666666666666666	0.4	6
1.0	0.5	3
1.0	0.6	1
0.07357859531772576	0.0	299
0.1134453781512605	0.1	238
0.11827956989247312	0.2	93
0.2702702702702703	0.3	37
0.25	0.4	8
0.6	0.5	5
0.07042253521126761	0.0	284
0.1037344398340249	0.1	241
0.14782608695652175	0.2	115
0.3	0.3	30
0.3333333333333333	0.4	9
1.0	0.6	1
0.0749185667752443	0.0	307
0.1087866108786611	0.1	239
0.11827956989247312	0.2	93
0.3333333333333333	0.3	30
0.25	0.4	8
1.0	0.5	2
1.0	0.6	1
0.07260726072607261	0.0	303
0.0995850622406639	0.1	241
0.14893617021276595	0.2	94
0.3125	0.3	32
0.16666666666666666	0.4	6
1.0	0.5	4
0.07608695652173914	0.0	276
0.09243697478991597	0.1	238
0.14545454545454545	0.2	110
0.24444444444444444	0.3	45
0.14285714285714285	0.4	7
1.0	0.5	3
1.0	0.6	1
0.0594059405940594	0.0	303
0.12448132780082988	0.1	241
0.1368421052631579	0.2	95
0.2857142857142857	0.3	28
0.25	0.4	8
0.75	0.5	4
1.0	0.6	1
0.07420494699646643	0.0	283
0.09055118110236221	0.1	254
0.14893617021276595	0.2	94
0.3333333333333333	0.3	36
0.3333333333333333	0.4	9
0.5	0.5	4
0.06535947712418301	0.0	306
0.11158798283261803	0.1	233
0.1717171717171717	0.2	99
0.23529411764705882	0.3	34
0.2	0.4	5
1.0	0.5	2
1.0	0.6	1
0.0657439446366782	0.0	289
0.10887096774193548	0.1	248
0.1326530612244898	0.2	98
0.2727272727272727	0.3	33
0.4	0.4	5
0.6666666666666666	0.5	6
1.0	0.6	1
0.07641196013289037	0.0	301
0.10526315789473684	0.1	247
0.14606741573033707	0.2	89
0.22580645161290322	0.3	31
0.2	0.4	5
0.75	0.5	4
0.6666666666666666	0.6	3
0.06620209059233449	0.0	287
0.10204081632653061	0.1	245
0.16	0.2	100
0.2222222222222222	0.3	36
0.4	0.4	5
0.75	0.5	4
0.6666666666666666	0.6	3
0.0684931506849315	0.0	292
0.10126582278481013	0.1	237
0.15306122448979592	0.2	98
0.2619047619047619	0.3	42
0.25	0.4	8
1.0	0.5	2
1.0	0.6	1
0.05642633228840126	0.0	319
0.12552301255230125	0.1	239
0.15	0.2	80
0.3225806451612903	0.3	31
0.14285714285714285	0.4	7
1.0	0.5	3
1.0	0.6	1
0.06451612903225806	0.0	279
0.10121457489878542	0.1	247
0.16346153846153846	0.2	104
0.2702702702702703	0.3	37
0.14285714285714285	0.4	7
0.6	0.5	5
1.0	0.6	1
0.0673758865248227	0.0	282
0.10756972111553785	0.1	251
0.17	0.2	100
0.21052631578947367	0.3	38
0.2857142857142857	0.4	7
1.0	0.5	2
0.06405693950177936	0.0	281
0.1220472440944882	0.1	254
0.1595744680851064	0.2	94
0.14634146341463414	0.3	41
0.42857142857142855	0.4	7
0.6666666666666666	0.5	3
0.07	0.0	300
0.10212765957446808	0.1	235
0.17777777777777778	0.2	90
0.18604651162790697	0.3	43
0.375	0.4	8
0.75	0.5	4
0.0636042402826855	0.0	283
0.10116731517509728	0.1	257
0.14942528735632185	0.2	87
0.2857142857142857	0.3	42
0.4	0.4	5
0.5	0.5	4
1.0	0.6	2
0.05985915492957746	0.0	284
0.11788617886178862	0.1	246
0.15384615384615385	0.2	104
0.21212121212121213	0.3	33
0.25	0.4	8
0.6666666666666666	0.5	3
1.0	0.6	2
0.05448717948717949	0.0	312
0.12184873949579832	0.1	238
0.1686746987951807	0.2	83
0.21212121212121213	0.3	33
0.4444444444444444	0.4	9
0.75	0.5	4
1.0	0.6	1
0.06666666666666667	0.0	315
0.1078838174273859	0.1	241
0.20689655172413793	0.2	87
0.21428571428571427	0.3	28
0.2857142857142857	0.4	7
1.0	0.5	2
0.06521739130434782	0.0	276
0.10931174089068826	0.1	247
0.14414414414414414	0.2	111
0.2727272727272727	0.3	33
0.2727272727272727	0.4	11
1.0	0.5	2
0.06557377049180328	0.0	305
0.09871244635193133	0.1	233
0.18478260869565216	0.2	92
0.23684210526315788	0.3	38
0.2857142857142857	0.4	7
0.6666666666666666	0.5	3
1.0	0.6	2
0.06930693069306931	0.0	303
0.11382113821138211	0.1	246
0.16483516483516483	0.2	91
0.2631578947368421	0.3	38
0.5	0.4	2
0.06711409395973154	0.0	298
0.1037344398340249	0.1	241
0.16842105263157894	0.2	95
0.21621621621621623	0.3	37
0.6	0.4	5
0.6666666666666666	0.5	3
1.0	0.6	1
0.06498194945848375	0.0	277
0.1067193675889328	0.1	253
0.13861386138613863	0.2	101
0.2571428571428571	0.3	35
0.3333333333333333	0.4	9
0.6666666666666666	0.5	3
1.0	0.6	2
0.08571428571428572	0.0	280
0.08870967741935484	0.1	248
0.15454545454545454	0.2	110
0.2413793103448276	0.3	29
0.2	0.4	10
1.0	0.5	2
1.0	0.6	1
0.05776173285198556	0.0	277
0.10612244897959183	0.1	245
0.1743119266055046	0.2	109
0.2222222222222222	0.3	36
0.2857142857142857	0.4	7
0.6666666666666666	0.5	6
0.07612456747404844	0.0	289
0.10612244897959183	0.1	245
0.10989010989010989	0.2	91
0.2608695652173913	0.3	46
0.3333333333333333	0.4	6
1.0	0.5	2
1.0	0.6	1
0.060714285714285714	0.0	280
0.1076923076923077	0.1	260
0.17391304347826086	0.2	92
0.23684210526315788	0.3	38
0.4	0.4	5
0.5	0.5	4
1.0	0.6	1
0.07046979865771812	0.0	298
0.12704918032786885	0.1	244
0.08045977011494253	0.2	87
0.2702702702702703	0.3	37
0.3	0.4	10
0.75	0.5	4
0.07903780068728522	0.0	291
0.0963855421686747	0.1	249
0.1326530612244898	0.2	98
0.3333333333333333	0.3	30
0.25	0.4	8
0.6666666666666666	0.5	3
1.0	0.6	1
0.06397306397306397	0.0	297
0.10810810810810811	0.1	222
0.16216216216216217	0.2	111
0.2631578947368421	0.3	38
0.1111111111111111	0.4	9
1.0	0.5	2
1.0	0.6	1
0.07667731629392971	0.0	313
0.10964912280701754	0.1	228
0.1523809523809524	0.2	105
0.25	0.3	28
0.4	0.4	5
1.0	0.5	1
0.06885245901639345	0.0	305
0.10612244897959183	0.1	245
0.17045454545454544	0.2	88
0.25	0.3	32
0.16666666666666666	0.4	6
1.0	0.5	3
1.0	0.6	1
0.06713780918727916	0.0	283
0.1015625	0.1	256
0.17204301075268819	0.2	93
0.25	0.3	36
0.14285714285714285	0.4	7
0.75	0.5	4
1.0	0.6	1
0.06993006993006994	0.0	286
0.10196078431372549	0.1	255
0.16	0.2	100
0.2692307692307692	0.3	26
0.3	0.4	10
1.0	0.5	3
0.057432432432432436	0.0	296
0.12345679012345678	0.1	243
0.1414141414141414	0.2	99
0.2903225806451613	0.3	31
0.2857142857142857	0.4	7
0.6666666666666666	0.5	3
1.0	0.6	1
0.07168458781362007	0.0	279
0.10810810810810811	0.1	259
0.1326530612244898	0.2	98
0.30303030303030304	0.3	33
0.125	0.4	8
1.0	0.5	2
1.0	0.6	1
0.06228373702422145	0.0	289
0.12359550561797752	0.1	267
0.12790697674418605	0.2	86
0.2962962962962963	0.3	27
0.25	0.4	8
1.0	0.5	2
1.0	0.6	1
0.07	0.0	300
0.09387755102040816	0.1	245
0.21052631578947367	0.2	95
0.17857142857142858	0.3	28
0.375	0.4	8
1.0	0.5	1
0.6666666666666666	0.6	3
0.0673076923076923	0.0	312
0.11666666666666667	0.1	240
0.16483516483516483	0.2	91
0.25	0.3	28
0.2857142857142857	0.4	7
1.0	0.5	2
0.054838709677419356	0.0	310
0.12863070539419086	0.1	241
0.15730337078651685	0.2	89
0.3103448275862069	0.3	29
0.2222222222222222	0.4	9
1.0	0.5	2
0.0732484076433121	0.0	314
0.1134453781512605	0.1	238
0.1348314606741573	0.2	89
0.3103448275862069	0.3	29
0.0	0.4	5
0.75	0.5	4
1.0	0.6	1
0.07216494845360824	0.0	291
0.1067193675889328	0.1	253
0.15555555555555556	0.2	90
0.2222222222222222	0.3	36
0.3333333333333333	0.4	6
0.75	0.5	4
0.06228373702422145	0.0	289
0.10894941634241245	0.1	257
0.18181818181818182	0.2	88
0.18181818181818182	0.3	33
0.42857142857142855	0.4	7
0.5	0.5	4
1.0	0.6	2
0.08421052631578947	0.0	285
0.08433734939759036	0.1	249
0.16129032258064516	0.2	93
0.24390243902439024	0.3	41
0.125	0.4	8
1.0	0.5	4
0.06405693950177936	0.0	281
0.10931174089068826	0.1	247
0.14814814814814814	0.2	108
0.25806451612903225	0.3	31
0.25	0.4	8
0.6666666666666666	0.5	3
1.0	0.6	2
0.06785714285714285	0.0	280
0.10569105691056911	0.1	246
0.1188118811881188	0.2	101
0.3170731707317073	0.3	41
0.16666666666666666	0.4	6
0.5	0.5	4
1.0	0.6	2
0.06204379562043796	0.0	274
0.11153846153846154	0.1	260
0.15789473684210525	0.2	95
0.21621621621621623	0.3	37
0.2	0.4	10
1.0	0.5	3
1.0	0.6	1
0.07167235494880546	0.0	293
0.09387755102040816	0.1	245
0.1935483870967742	0.2	93
0.21621621621621623	0.3	37
0.125	0.4	8
1.0	0.5	4
0.06462585034013606	0.0	294
0.10460251046025104	0.1	239
0.16666666666666666	0.2	102
0.2777777777777778	0.3	36
0.3333333333333333	0.4	6
0.6666666666666666	0.5	3
0.07849829351535836	0.0	293
0.09016393442622951	0.1	244
0.16129032258064516	0.2	93
0.24390243902439024	0.3	41
0.3333333333333333	0.4	3
0.6666666666666666	0.5	6
0.06825938566552901	0.0	293
0.09795918367346938	0.1	245
0.19607843137254902	0.2	102
0.1935483870967742	0.3	31
0.3333333333333333	0.4	6
1.0	0.5	3
0.060126582278481014	0.0	316
0.12083333333333333	0.1	240
0.19101123595505617	0.2	89
0.17857142857142858	0.3	28
0.3333333333333333	0.4	3
1.0	0.5	4
0.06291390728476821	0.0	302
0.11203319502074689	0.1	241
0.21	0.2	100
0.14285714285714285	0.3	28
0.16666666666666666	0.4	6
1.0	0.5	3
0.07829181494661921	0.0	281
0.09523809523809523	0.1	252
0.14583333333333334	0.2	96
0.21428571428571427	0.3	42
0.5	0.4	6
1.0	0.5	3
0.06428571428571428	0.0	280
0.11952191235059761	0.1	251
0.13861386138613863	0.2	101
0.21212121212121213	0.3	33
0.3076923076923077	0.4	13
1.0	0.5	2
0.06551724137931035	0.0	290
0.09795918367346938	0.1	245
0.17525773195876287	0.2	97
0.24324324324324326	0.3	37
0.5	0.4	6
0.6	0.5	5
0.07092198581560284	0.0	282
0.10714285714285714	0.1	252
0.1485148514851485	0.2	101
0.21212121212121213	0.3	33
0.25	0.4	8
1.0	0.5	2
1.0	0.6	2
0.06993006993006994	0.0	286
0.09745762711864407	0.1	236
0.18421052631578946	0.2	114
0.15151515151515152	0.3	33
0.375	0.4	8
1.0	0.5	2
1.0	0.6	1
0.07692307692307693	0.0	312
0.11814345991561181	0.1	237
0.1	0.2	90
0.3448275862068966	0.3	29
0.2	0.4	10
1.0	0.5	2
0.06209150326797386	0.0	306
0.12554112554112554	0.1	231
0.1414141414141414	0.2	99
0.20588235294117646	0.3	34
0.4	0.4	5
0.6666666666666666	0.5	3
1.0	0.6	2
0.06666666666666667	0.0	285
0.1078838174273859	0.1	241
0.15	0.2	100
0.23255813953488372	0.3	43
0.14285714285714285	0.4	7
1.0	0.5	3
1.0	0.6	1
0.07407407407407407	0.0	297
0.0931174089068826	0.1	247
0.16666666666666666	0.2	84
0.24390243902439024	0.3	41
0.5	0.4	6
0.5	0.5	4
1.0	0.6	1
0.07046979865771812	0.0	298
0.10683760683760683	0.1	234
0.15151515151515152	0.2	99
0.23076923076923078	0.3	39
0.2857142857142857	0.4	7
1.0	0.5	1
1.0	0.6	2
0.06461538461538462	0.0	325
0.13513513513513514	0.1	222
0.10843373493975904	0.2	83
0.2564102564102564	0.3	39
0.25	0.4	8
1.0	0.5	3
0.07741935483870968	0.0	310
0.11063829787234042	0.1	235
0.0851063829787234	0.2	94
0.3870967741935484	0.3	31
0.2857142857142857	0.4	7
1.0	0.5	2
1.0	0.6	1
0.06918238993710692	0.0	318
0.11158798283261803	0.1	233
0.14942528735632185	0.2	87
0.25	0.3	32
0.5	0.4	6
0.75	0.5	4
0.06293706293706294	0.0	286
0.11290322580645161	0.1	248
0.15789473684210525	0.2	95
0.21621621621621623	0.3	37
0.3333333333333333	0.4	9
0.6	0.5	5
0.0627177700348432	0.0	287
0.10756972111553785	0.1	251
0.19540229885057472	0.2	87
0.20512820512820512	0.3	39
0.16666666666666666	0.4	12
0.6666666666666666	0.5	3
1.0	0.6	1
0.06569343065693431	0.0	274
0.10483870967741936	0.1	248
0.17592592592592593	0.2	108
0.15384615384615385	0.3	39
0.3333333333333333	0.4	6
0.6666666666666666	0.5	3
1.0	0.6	2
0.06620209059233449	0.0	287
0.11462450592885376	0.1	253
0.13541666666666666	0.2	96
0.22857142857142856	0.3	35
0.4	0.4	5
1.0	0.5	3
1.0	0.6	1
0.05714285714285714	0.0	280
0.12195121951219512	0.1	246
0.14285714285714285	0.2	105
0.24324324324324326	0.3	37
0.2222222222222222	0.4	9
1.0	0.5	3
0.07665505226480836	0.0	287
0.10236220472440945	0.1	254
0.13829787234042554	0.2	94
0.2571428571428571	0.3	35
0.16666666666666666	0.4	6
1.0	0.5	3
1.0	0.6	1
0.07368421052631578	0.0	285
0.0954356846473029	0.1	241
0.1592920353982301	0.2	113
0.21428571428571427	0.3	28
0.45454545454545453	0.4	11
1.0	0.5	2
0.06620209059233449	0.0	287
0.109375	0.1	256
0.15730337078651685	0.2	89
0.2631578947368421	0.3	38
0.375	0.4	8
0.5	0.5	2
0.066006600660066	0.0	303
0.11063829787234042	0.1	235
0.14893617021276595	0.2	94
0.2702702702702703	0.3	37
0.14285714285714285	0.4	7
1.0	0.5	3
1.0	0.6	1
0.09375	0.0	320
0.09322033898305085	0.1	236
0.13978494623655913	0.2	93
0.25	0.3	24
0.5	0.4	4
0.6666666666666666	0.5	3
0.08231707317073171	0.0	328
0.0995850622406639	0.1	241
0.17567567567567569	0.2	74
0.25	0.3	28
0.16666666666666666	0.4	6
1.0	0.5	2
1.0	0.6	1
0.07692307692307693	0.0	312
0.1115702479338843	0.1	242
0.14130434782608695	0.2	92
0.24	0.3	25
0.5714285714285714	0.4	7
0.5	0.5	2
0.06896551724137931	0.0	290
0.10887096774193548	0.1	248
0.14736842105263157	0.2	95
0.22857142857142856	0.3	35
0.3333333333333333	0.4	6
0.5	0.5	4
1.0	0.6	2
0.06382978723404255	0.0	282
0.10330578512396695	0.1	242
0.14150943396226415	0.2	106
0.2702702702702703	0.3	37
0.42857142857142855	0.4	7
0.6666666666666666	0.5	3
0.6666666666666666	0.6	3
0.061855670103092786	0.0	291
0.11475409836065574	0.1	244
0.15463917525773196	0.2	97
0.20588235294117646	0.3	34
0.375	0.4	8
0.5	0.5	4
1.0	0.6	2
0.058823529411764705	0.0	306
0.14224137931034483	0.1	232
0.0891089108910891	0.2	101
0.3103448275862069	0.3	29
0.3333333333333333	0.4	6
0.6666666666666666	0.5	3
0.6666666666666666	0.6	3
0.06968641114982578	0.0	287
0.116	0.1	250
0.15151515151515152	0.2	99
0.17647058823529413	0.3	34
0.4	0.4	5
0.6	0.5	5
0.07165109034267912	0.0	321
0.11013215859030837	0.1	227
0.14444444444444443	0.2	90
0.2903225806451613	0.3	31
0.25	0.4	8
1.0	0.5	3
0.06484641638225255	0.0	293
0.10655737704918032	0.1	244
0.14893617021276595	0.2	94
0.2702702702702703	0.3	37
0.2	0.4	5
0.75	0.5	4
0.6666666666666666	0.6	3
0.06620209059233449	0.0	287
0.11507936507936507	0.1	252
0.13541666666666666	0.2	96
0.29411764705882354	0.3	34
0.125	0.4	8
1.0	0.5	2
1.0	0.6	1
0.06354515050167224	0.0	299
0.1228813559322034	0.1	236
0.13725490196078433	0.2	102
0.21875	0.3	32
0.375	0.4	8
1.0	0.5	2
1.0	0.6	1
0.06802721088435375	0.0	294
0.1111111111111111	0.1	252
0.15053763440860216	0.2	93
0.23333333333333334	0.3	30
0.4	0.4	5
0.6	0.5	5
1.0	0.6	1
0.07885304659498207	0.0	279
0.09881422924901186	0.1	253
0.12	0.2	100
0.2972972972972973	0.3	37
0.2	0.4	5
0.6666666666666666	0.5	3
0.6666666666666666	0.6	3
0.0603448275862069	0.0	348
0.13304721030042918	0.1	233
0.2153846153846154	0.2	65
0.23076923076923078	0.3	26
0.0	0.4	4
0.6666666666666666	0.5	3
1.0	0.6	1
0.06315789473684211	0.0	285
0.11553784860557768	0.1	251
0.13861386138613863	0.2	101
0.25	0.3	32
0.3333333333333333	0.4	6
0.75	0.5	4
1.0	0.6	1
0.07	0.0	300
0.11155378486055777	0.1	251
0.16842105263157894	0.2	95
0.25	0.3	24
0.25	0.4	8
1.0	0.5	2
0.07973421926910298	0.0	301
0.09917355371900827	0.1	242
0.14583333333333334	0.2	96
0.2413793103448276	0.3	29
0.42857142857142855	0.4	7
0.6666666666666666	0.5	3
0.5	0.6	2
0.07368421052631578	0.0	285
0.10358565737051793	0.1	251
0.16161616161616163	0.2	99
0.17647058823529413	0.3	34
0.3333333333333333	0.4	6
0.75	0.5	4
1.0	0.6	1
0.0627062706270627	0.0	303
0.12448132780082988	0.1	241
0.15463917525773196	0.2	97
0.20689655172413793	0.3	29
0.2857142857142857	0.4	7
1.0	0.5	3
0.06713780918727916	0.0	283
0.09652509652509653	0.1	259
0.20689655172413793	0.2	87
0.1794871794871795	0.3	39
0.45454545454545453	0.4	11
1.0	0.5	1
0.05802047781569966	0.0	293
0.125	0.1	240
0.1588785046728972	0.2	107
0.25	0.3	32
0.2857142857142857	0.4	7
1.0	0.5	1
0.07407407407407407	0.0	270
0.10040160642570281	0.1	249
0.14035087719298245	0.2	114
0.24324324324324326	0.3	37
0.16666666666666666	0.4	6
1.0	0.5	3
1.0	0.6	1
0.08080808080808081	0.0	297
0.09881422924901186	0.1	253
0.18947368421052632	0.2	95
0.11538461538461539	0.3	26
0.6	0.4	5
0.3333333333333333	0.5	3
1.0	0.6	1
0.05714285714285714	0.0	280
0.116	0.1	250
0.12631578947368421	0.2	95
0.3023255813953488	0.3	43
0.125	0.4	8
1.0	0.5	3
1.0	0.6	1
0.07291666666666667	0.0	288
0.10384615384615385	0.1	260
0.17777777777777778	0.2	90
0.1875	0.3	32
0.2857142857142857	0.4	7
1.0	0.5	3
0.07534246575342465	0.0	292
0.09448818897637795	0.1	254
0.1797752808988764	0.2	89
0.15625	0.3	32
0.5555555555555556	0.4	9
0.75	0.5	4
0.061016949152542375	0.0	295
0.11983471074380166	0.1	242
0.16	0.2	100
0.21875	0.3	32
0.45454545454545453	0.4	11
0.059190031152647975	0.0	321
0.12554112554112554	0.1	231
0.14606741573033707	0.2	89
0.3548387096774194	0.3	31
0.2857142857142857	0.4	7
1.0	0.5	1
0.07636363636363637	0.0	275
0.096	0.1	250
0.1650485436893204	0.2	103
0.20512820512820512	0.3	39
0.2222222222222222	0.4	9
0.75	0.5	4
0.06093189964157706	0.0	279
0.11583011583011583	0.1	259
0.12244897959183673	0.2	98
0.3333333333333333	0.3	33
0.14285714285714285	0.4	7
1.0	0.5	3
1.0	0.6	1
0.07419354838709677	0.0	310
0.09803921568627451	0.1	255
0.16666666666666666	0.2	72
0.3142857142857143	0.3	35
0.5	0.4	8
0.07961783439490445	0.0	314
0.1016949152542373	0.1	236
0.13978494623655913	0.2	93
0.2857142857142857	0.3	28
0.3333333333333333	0.4	6
1.0	0.5	3
0.05776173285198556	0.0	277
0.11284046692607004	0.1	257
0.14285714285714285	0.2	98
0.2894736842105263	0.3	38
0.2	0.4	5
0.75	0.5	4
1.0	0.6	1
0.06188925081433225	0.0	307
0.11740890688259109	0.1	247
0.17777777777777778	0.2	90
0.23076923076923078	0.3	26
0.16666666666666666	0.4	6
1.0	0.5	3
1.0	0.6	1
0.07339449541284404	0.0	327
0.09375	0.1	224
0.20454545454545456	0.2	88
0.25	0.3	32
0.0	0.4	5
1.0	0.5	3
1.0	0.6	1
0.07017543859649122	0.0	285
0.09055118110236221	0.1	254
0.16831683168316833	0.2	101
0.3103448275862069	0.3	29
0.2	0.4	5
0.75	0.5	4
1.0	0.6	2
0.06418918918918919	0.0	296
0.10833333333333334	0.1	240
0.14432989690721648	0.2	97
0.2727272727272727	0.3	33
0.375	0.4	8
0.5	0.5	4
1.0	0.6	2
0.058823529411764705	0.0	289
0.11885245901639344	0.1	244
0.13829787234042554	0.2	94
0.2564102564102564	0.3	39
0.125	0.4	8
0.75	0.5	4
1.0	0.6	2
0.05714285714285714	0.0	280
0.1214574898785425	0.1	247
0.13333333333333333	0.2	105
0.24324324324324326	0.3	37
0.375	0.4	8
1.0	0.5	3
0.07028753993610223	0.0	313
0.11353711790393013	0.1	229
0.125	0.2	104
0.38461538461538464	0.3	26
0.3333333333333333	0.4	3
0.5	0.5	4
1.0	0.6	1
0.07560137457044673	0.0	291
0.10121457489878542	0.1	247
0.16346153846153846	0.2	104
0.21428571428571427	0.3	28
0.42857142857142855	0.4	7
0.6666666666666666	0.5	3
0.07037037037037037	0.0	270
0.102880658436214	0.1	243
0.14545454545454545	0.2	110
0.23255813953488372	0.3	43
0.18181818181818182	0.4	11
1.0	0.5	2
1.0	0.6	1
0.06115107913669065	0.0	278
0.10843373493975904	0.1	249
0.1619047619047619	0.2	105
0.21621621621621623	0.3	37
0.5	0.4	6
0.6	0.5	5
0.07042253521126761	0.0	284
0.10727969348659004	0.1	261
0.15789473684210525	0.2	95
0.24242424242424243	0.3	33
0.5	0.4	4
0.6666666666666666	0.5	3
0.076158940397351	0.0	302
0.10569105691056911	0.1	246
0.11578947368421053	0.2	95
0.34615384615384615	0.3	26
0.2857142857142857	0.4	7
1.0	0.5	3
1.0	0.6	1
0.056856187290969896	0.0	299
0.11284046692607004	0.1	257
0.2073170731707317	0.2	82
0.25	0.3	32
0.25	0.4	8
1.0	0.5	2
0.06569343065693431	0.0	274
0.11067193675889328	0.1	253
0.15	0.2	100
0.1951219512195122	0.3	41
0.2857142857142857	0.4	7
0.6666666666666666	0.5	3
1.0	0.6	2
0.06810035842293907	0.0	279
0.10441767068273092	0.1	249
0.14285714285714285	0.2	91
0.22	0.3	50
0.4	0.4	5
0.5	0.5	4
1.0	0.6	2
0.06896551724137931	0.0	290
0.11020408163265306	0.1	245
0.14705882352941177	0.2	102
0.18181818181818182	0.3	33
0.5714285714285714	0.4	7
1.0	0.5	3
0.058823529411764705	0.0	306
0.11304347826086956	0.1	230
0.14893617021276595	0.2	94
0.24324324324324326	0.3	37
0.5714285714285714	0.4	7
0.6666666666666666	0.5	3
0.6666666666666666	0.6	3
0.07420494699646643	0.0	283
0.1076923076923077	0.1	260
0.10416666666666667	0.2	96
0.34375	0.3	32
0.4	0.4	5
0.5	0.5	2
1.0	0.6	2
0.07046979865771812	0.0	298
0.11016949152542373	0.1	236
0.12871287128712872	0.2	101
0.2571428571428571	0.3	35
0.4	0.4	5
0.6666666666666666	0.5	3
1.0	0.6	2
0.07	0.0	300
0.10126582278481013	0.1	237
0.17	0.2	100
0.30303030303030304	0.3	33
0.2222222222222222	0.4	9
1.0	0.5	1
0.06296296296296296	0.0	270
0.10687022900763359	0.1	262
0.1595744680851064	0.2	94
0.1951219512195122	0.3	41
0.5	0.4	10
0.6666666666666666	0.5	3
0.06168831168831169	0.0	308
0.1134453781512605	0.1	238
0.14942528735632185	0.2	87
0.30303030303030304	0.3	33
0.2727272727272727	0.4	11
1.0	0.5	3
0.06206896551724138	0.0	290
0.11244979919678715	0.1	249
0.1875	0.2	96
0.17142857142857143	0.3	35
0.375	0.4	8
1.0	0.5	2
0.06172839506172839	0.0	324
0.10970464135021098	0.1	237
0.2222222222222222	0.2	81
0.23076923076923078	0.3	26
0.2222222222222222	0.4	9
1.0	0.5	3
0.06228373702422145	0.0	289
0.1134453781512605	0.1	238
0.1320754716981132	0.2	106
0.2647058823529412	0.3	34
0.42857142857142855	0.4	7
0.6666666666666666	0.5	3
0.6666666666666666	0.6	3
0.07643312101910828	0.0	314
0.09836065573770492	0.1	244
0.19047619047619047	0.2	84
0.25	0.3	32
0.3333333333333333	0.4	3
0.5	0.5	2
1.0	0.6	1
0.06690140845070422	0.0	284
0.104	0.1	250
0.16	0.2	100
0.2571428571428571	0.3	35
0.3333333333333333	0.4	9
1.0	0.5	2
0.0664451827242525	0.0	301
0.10655737704918032	0.1	244
0.15789473684210525	0.2	95
0.2222222222222222	0.3	27
0.5454545454545454	0.4	11
1.0	0.5	2
0.06451612903225806	0.0	279
0.10894941634241245	0.1	257
0.15306122448979592	0.2	98
0.21875	0.3	32
0.3	0.4	10
1.0	0.5	3
1.0	0.6	1
0.07744107744107744	0.0	297
0.09917355371900827	0.1	242
0.15053763440860216	0.2	93
0.21621621621621623	0.3	37
0.375	0.4	8
1.0	0.5	3
0.07560137457044673	0.0	291
0.08547008547008547	0.1	234
0.18867924528301888	0.2	106
0.225	0.3	40
0.2857142857142857	0.4	7
1.0	0.5	2
0.06405693950177936	0.0	281
0.11646586345381527	0.1	249
0.1346153846153846	0.2	104
0.22857142857142856	0.3	35
0.4	0.4	5
0.6	0.5	5
1.0	0.6	1
0.06859205776173286	0.0	277
0.11203319502074689	0.1	241
0.12745098039215685	0.2	102
0.22448979591836735	0.3	49
0.2857142857142857	0.4	7
0.75	0.5	4
0.0673758865248227	0.0	282
0.11155378486055777	0.1	251
0.13131313131313133	0.2	99
0.25	0.3	36
0.3333333333333333	0.4	9
1.0	0.5	2
1.0	0.6	1
0.07947019867549669	0.0	302
0.09465020576131687	0.1	243
0.17391304347826086	0.2	92
0.17142857142857143	0.3	35
0.6	0.4	5
1.0	0.5	3
0.06862745098039216	0.0	306
0.11764705882352941	0.1	255
0.14814814814814814	0.2	81
0.26666666666666666	0.3	30
0.4	0.4	5
1.0	0.5	1
0.5	0.6	2
0.06691449814126393	0.0	269
0.10317460317460317	0.1	252
0.1568627450980392	0.2	102
0.20454545454545456	0.3	44
0.375	0.4	8
0.5	0.5	2
0.6666666666666666	0.6	3
0.0858085808580858	0.0	303
0.09663865546218488	0.1	238
0.16161616161616163	0.2	99
0.18181818181818182	0.3	33
0.0	0.4	3
1.0	0.5	4
0.05555555555555555	0.0	306
0.11666666666666667	0.1	240
0.18888888888888888	0.2	90
0.22857142857142856	0.3	35
0.3333333333333333	0.4	6
1.0	0.5	2
1.0	0.6	1
0.05964912280701754	0.0	285
0.10655737704918032	0.1	244
0.17475728155339806	0.2	103
0.2	0.3	35
0.375	0.4	8
0.75	0.5	4
1.0	0.6	1
0.06521739130434782	0.0	322
0.1222707423580786	0.1	229
0.17204301075268819	0.2	93
0.21428571428571427	0.3	28
0.2	0.4	5
1.0	0.5	2
1.0	0.6	1
0.06840390879478828	0.0	307
0.0995850622406639	0.1	241
0.15555555555555556	0.2	90
0.3235294117647059	0.3	34
0.3333333333333333	0.4	3
0.75	0.5	4
1.0	0.6	1
0.06115107913669065	0.0	278
0.10546875	0.1	256
0.15625	0.2	96
0.2777777777777778	0.3	36
0.25	0.4	8
0.5	0.5	4
1.0	0.6	2
0.06578947368421052	0.0	304
0.11203319502074689	0.1	241
0.15625	0.2	96
0.25806451612903225	0.3	31
0.25	0.4	4
1.0	0.5	3
1.0	0.6	1
0.06506849315068493	0.0	292
0.11570247933884298	0.1	242
0.14285714285714285	0.2	91
0.16279069767441862	0.3	43
0.5714285714285714	0.4	7
0.6666666666666666	0.5	3
1.0	0.6	2
0.07046979865771812	0.0	298
0.09561752988047809	0.1	251
0.17045454545454544	0.2	88
0.2903225806451613	0.3	31
0.2857142857142857	0.4	7
0.6666666666666666	0.5	3
1.0	0.6	2
0.062111801242236024	0.0	322
0.12017167381974249	0.1	233
0.15476190476190477	0.2	84
0.3225806451612903	0.3	31
0.14285714285714285	0.4	7
1.0	0.5	2
1.0	0.6	1
0.07641196013289037	0.0	301
0.10483870967741936	0.1	248
0.13636363636363635	0.2	88
0.24242424242424243	0.3	33
0.5	0.4	6
0.6666666666666666	0.5	3
1.0	0.6	1
0.06020066889632107	0.0	299
0.11553784860557768	0.1	251
0.18181818181818182	0.2	88
0.21875	0.3	32
0.16666666666666666	0.4	6
1.0	0.5	4
0.06796116504854369	0.0	309
0.10204081632653061	0.1	245
0.16279069767441862	0.2	86
0.3333333333333333	0.3	27
0.375	0.4	8
0.5	0.5	4
1.0	0.6	1
0.07420494699646643	0.0	283
0.09166666666666666	0.1	240
0.1523809523809524	0.2	105
0.2682926829268293	0.3	41
0.16666666666666666	0.4	6
0.6666666666666666	0.5	3
1.0	0.6	2
0.06690140845070422	0.0	284
0.10931174089068826	0.1	247
0.1485148514851485	0.2	101
0.21052631578947367	0.3	38
0.5	0.4	6
0.75	0.5	4
0.07006369426751592	0.0	314
0.10775862068965517	0.1	232
0.17894736842105263	0.2	95
0.22580645161290322	0.3	31
0.2	0.4	5
1.0	0.5	2
1.0	0.6	1
0.07119741100323625	0.0	309
0.09956709956709957	0.1	231
0.14736842105263157	0.2	95
0.30303030303030304	0.3	33
0.375	0.4	8
0.75	0.5	4
0.0728476821192053	0.0	302
0.10416666666666667	0.1	240
0.16129032258064516	0.2	93
0.19444444444444445	0.3	36
0.5	0.4	4
0.8	0.5	5
0.06930693069306931	0.0	303
0.10526315789473684	0.1	228
0.1485148514851485	0.2	101
0.2857142857142857	0.3	35
0.2	0.4	10
1.0	0.5	3
0.06984126984126984	0.0	315
0.09829059829059829	0.1	234
0.19540229885057472	0.2	87
0.25	0.3	36
0.42857142857142855	0.4	7
1.0	0.6	1
0.07246376811594203	0.0	276
0.10196078431372549	0.1	255
0.1262135922330097	0.2	103
0.2647058823529412	0.3	34
0.5	0.4	8
0.6666666666666666	0.5	3
1.0	0.6	1
0.06430868167202572	0.0	311
0.12345679012345678	0.1	243
0.13924050632911392	0.2	79
0.2564102564102564	0.3	39
0.2	0.4	5
1.0	0.5	3
0.06181818181818182	0.0	275
0.12749003984063745	0.1	251
0.12264150943396226	0.2	106
0.19444444444444445	0.3	36
0.42857142857142855	0.4	7
0.3333333333333333	0.5	3
1.0	0.6	2
0.05387205387205387	0.0	297
0.11336032388663968	0.1	247
0.19540229885057472	0.2	87
0.24324324324324326	0.3	37
0.125	0.4	8
1.0	0.5	3
1.0	0.6	1
0.07861635220125786	0.0	318
0.09956709956709957	0.1	231
0.1595744680851064	0.2	94
0.27586206896551724	0.3	29
0.25	0.4	4
0.6666666666666666	0.5	3
1.0	0.6	1
0.05901639344262295	0.0	305
0.1306122448979592	0.1	245
0.13829787234042554	0.2	94
0.25925925925925924	0.3	27
0.3333333333333333	0.4	6
1.0	0.5	3
0.06319702602230483	0.0	269
0.10756972111553785	0.1	251
0.1619047619047619	0.2	105
0.18181818181818182	0.3	44
0.42857142857142855	0.4	7
0.5	0.5	2
1.0	0.6	2
0.06296296296296296	0.0	270
0.11583011583011583	0.1	259
0.12844036697247707	0.2	109
0.28125	0.3	32
0.16666666666666666	0.4	6
1.0	0.5	3
1.0	0.6	1
0.07094594594594594	0.0	296
0.12109375	0.1	256
0.12087912087912088	0.2	91
0.23333333333333334	0.3	30
0.6	0.4	5
1.0	0.5	2
0.05964912280701754	0.0	285
0.125	0.1	248
0.15	0.2	100
0.21621621621621623	0.3	37
0.0	0.4	4
0.6	0.5	5
1.0	0.6	1
0.0670926517571885	0.0	313
0.11637931034482758	0.1	232
0.10869565217391304	0.2	92
0.35294117647058826	0.3	34
0.2	0.4	5
1.0	0.5	3
1.0	0.6	1
0.06493506493506493	0.0	308
0.11538461538461539	0.1	234
0.1485148514851485	0.2	101
0.2608695652173913	0.3	23
0.4	0.4	10
1.0	0.5	1
0.6666666666666666	0.6	3
0.06620209059233449	0.0	287
0.11553784860557768	0.1	251
0.14285714285714285	0.2	105
0.2903225806451613	0.3	31
0.5	0.4	6
0.07096774193548387	0.0	310
0.1111111111111111	0.1	243
0.14606741573033707	0.2	89
0.2692307692307692	0.3	26
0.3333333333333333	0.4	6
0.6666666666666666	0.5	3
0.6666666666666666	0.6	3
0.06204379562043796	0.0	274
0.12648221343873517	0.1	253
0.11214953271028037	0.2	107
0.25	0.3	36
0.2857142857142857	0.4	7
1.0	0.5	3
0.06020066889632107	0.0	299
0.12448132780082988	0.1	241
0.1326530612244898	0.2	98
0.24242424242424243	0.3	33
0.5	0.4	4
0.8	0.5	5
0.06440677966101695	0.0	295
0.12704918032786885	0.1	244
0.13592233009708737	0.2	103
0.2413793103448276	0.3	29
0.2857142857142857	0.4	7
1.0	0.5	2
0.059375	0.0	320
0.11842105263157894	0.1	228
0.1411764705882353	0.2	85
0.32432432432432434	0.3	37
0.16666666666666666	0.4	6
1.0	0.5	3
1.0	0.6	1
0.06289308176100629	0.0	318
0.12184873949579832	0.1	238
0.18888888888888888	0.2	90
0.25	0.3	32
0.5	0.4	2
0.0711864406779661	0.0	295
0.1	0.1	250
0.17647058823529413	0.2	85
0.2564102564102564	0.3	39
0.0	0.4	6
0.75	0.5	4
1.0	0.6	1
0.06832298136645963	0.0	322
0.1125	0.1	240
0.1956521739130435	0.2	92
0.23809523809523808	0.3	21
0.3333333333333333	0.4	3
1.0	0.5	2
0.0572289156626506	0.0	332
0.13114754098360656	0.1	244
0.1323529411764706	0.2	68
0.36	0.3	25
0.3333333333333333	0.4	6
0.75	0.5	4
1.0	0.6	1
0.06506849315068493	0.0	292
0.10441767068273092	0.1	249
0.20212765957446807	0.2	94
0.17142857142857143	0.3	35
0.375	0.4	8
1.0	0.5	2
0.0695970695970696	0.0	273
0.09578544061302682	0.1	261
0.15463917525773196	0.2	97
0.22857142857142856	0.3	35
0.5	0.4	8
0.75	0.5	4
0.5	0.6	2
0.061224489795918366	0.0	294
0.11646586345381527	0.1	249
0.15384615384615385	0.2	91
0.21212121212121213	0.3	33
0.375	0.4	8
0.6666666666666666	0.5	3
1.0	0.6	2
0.06802721088435375	0.0	294
0.10416666666666667	0.1	240
0.14893617021276595	0.2	94
0.2682926829268293	0.3	41
0.14285714285714285	0.4	7
1.0	0.5	4
0.06796116504854369	0.0	309
0.11666666666666667	0.1	240
0.14893617021276595	0.2	94
0.27586206896551724	0.3	29
0.25	0.4	4
0.6666666666666666	0.5	3
1.0	0.6	1
0.08108108108108109	0.0	296
0.10196078431372549	0.1	255
0.13253012048192772	0.2	83
0.2631578947368421	0.3	38
0.2	0.4	5
1.0	0.5	2
1.0	0.6	1
0.07407407407407407	0.0	324
0.10970464135021098	0.1	237
0.15789473684210525	0.2	76
0.25	0.3	36
0.4	0.4	5
1.0	0.5	2
0.0706713780918728	0.0	283
0.10416666666666667	0.1	240
0.1568627450980392	0.2	102
0.20930232558139536	0.3	43
0.125	0.4	8
1.0	0.5	3
1.0	0.6	1
0.08099688473520249	0.0	321
0.09734513274336283	0.1	226
0.16831683168316833	0.2	101
0.22727272727272727	0.3	22
0.3333333333333333	0.4	6
0.5	0.5	2
1.0	0.6	2
0.07516339869281045	0.0	306
0.1037344398340249	0.1	241
0.17777777777777778	0.2	90
0.21621621621621623	0.3	37
0.5	0.4	6
0.05573770491803279	0.0	305
0.13278008298755187	0.1	241
0.1368421052631579	0.2	95
0.25	0.3	28
0.4	0.4	5
0.6	0.5	5
1.0	0.6	1
0.057432432432432436	0.0	296
0.12350597609561753	0.1	251
0.1511627906976744	0.2	86
0.24324324324324326	0.3	37
0.3333333333333333	0.4	6
0.6666666666666666	0.5	3
1.0	0.6	1
0.0670926517571885	0.0	313
0.12133891213389121	0.1	239
0.13333333333333333	0.2	90
0.25925925925925924	0.3	27
0.2	0.4	5
0.8	0.5	5
1.0	0.6	1
0.06498194945848375	0.0	277
0.10245901639344263	0.1	244
0.1568627450980392	0.2	102
0.2222222222222222	0.3	45
0.25	0.4	8
1.0	0.5	3
1.0	0.6	1
0.052805280528052806	0.0	303
0.13821138211382114	0.1	246
0.11956521739130435	0.2	92
0.2962962962962963	0.3	27
0.42857142857142855	0.4	7
0.3333333333333333	0.5	3
1.0	0.6	2
0.06666666666666667	0.0	285
0.10687022900763359	0.1	262
0.17204301075268819	0.2	93
0.18518518518518517	0.3	27
0.375	0.4	8
0.75	0.5	4
1.0	0.6	1
0.07540983606557378	0.0	305
0.09917355371900827	0.1	242
0.18811881188118812	0.2	101
0.24	0.3	25
0.3333333333333333	0.4	6
1.0	0.5	1
0.059375	0.0	320
0.11682242990654206	0.1	214
0.17525773195876287	0.2	97
0.225	0.3	40
0.3333333333333333	0.4	6
1.0	0.5	3
0.07042253521126761	0.0	284
0.11068702290076336	0.1	262
0.12903225806451613	0.2	93
0.2903225806451613	0.3	31
0.25	0.4	4
0.5	0.5	4
1.0	0.6	2
0.07371794871794872	0.0	312
0.1078838174273859	0.1	241
0.15384615384615385	0.2	91
0.3225806451612903	0.3	31
0.25	0.4	4
1.0	0.5	1
0.07432432432432433	0.0	296
0.09716599190283401	0.1	247
0.15384615384615385	0.2	91
0.2727272727272727	0.3	33
0.2222222222222222	0.4	9
1.0	0.5	3
1.0	0.6	1
0.06666666666666667	0.0	315
0.11522633744855967	0.1	243
0.15853658536585366	0.2	82
0.28125	0.3	32
0.2	0.4	5
1.0	0.5	2
1.0	0.6	1
0.06666666666666667	0.0	300
0.10204081632653061	0.1	245
0.18292682926829268	0.2	82
0.225	0.3	40
0.2857142857142857	0.4	7
0.6	0.5	5
1.0	0.6	1
0.061224489795918366	0.0	294
0.1134453781512605	0.1	238
0.1485148514851485	0.2	101
0.3	0.3	40
0.3333333333333333	0.4	6
1.0	0.5	1
0.05067567567567568	0.0	296
0.1322314049586777	0.1	242
0.13043478260869565	0.2	92
0.23529411764705882	0.3	34
0.4	0.4	10
0.3333333333333333	0.5	3
1.0	0.6	3
0.058823529411764705	0.0	323
0.13537117903930132	0.1	229
0.16666666666666666	0.2	90
0.21875	0.3	32
0.4	0.4	5
1.0	0.5	1
0.056666666666666664	0.0	300
0.10869565217391304	0.1	230
0.19	0.2	100
0.23684210526315788	0.3	38
0.125	0.4	8
1.0	0.5	4
0.058823529411764705	0.0	306
0.1148936170212766	0.1	235
0.1368421052631579	0.2	95
0.35294117647058826	0.3	34
0.16666666666666666	0.4	6
1.0	0.5	3
1.0	0.6	1
0.06315789473684211	0.0	285
0.10931174089068826	0.1	247
0.13793103448275862	0.2	87
0.2222222222222222	0.3	45
0.4	0.4	10
0.5	0.5	4
1.0	0.6	2
0.0641025641025641	0.0	312
0.1134453781512605	0.1	238
0.1797752808988764	0.2	89
0.21212121212121213	0.3	33
0.4	0.4	5
1.0	0.5	3
0.06785714285714285	0.0	280
0.0975609756097561	0.1	246
0.16494845360824742	0.2	97
0.18181818181818182	0.3	44
0.5714285714285714	0.4	7
0.6666666666666666	0.5	3
0.6666666666666666	0.6	3
0.06666666666666667	0.0	285
0.12	0.1	250
0.1111111111111111	0.2	108
0.4074074074074074	0.3	27
0.3	0.4	10
0.07092198581560284	0.0	282
0.10080645161290322	0.1	248
0.1792452830188679	0.2	106
0.17142857142857143	0.3	35
0.4	0.4	5
0.6666666666666666	0.5	3
1.0	0.6	1
0.06666666666666667	0.0	330
0.1059322033898305	0.1	236
0.15714285714285714	0.2	70
0.3055555555555556	0.3	36
0.6666666666666666	0.4	6
1.0	0.5	2
0.0695364238410596	0.0	302
0.1078838174273859	0.1	241
0.15555555555555556	0.2	90
0.23684210526315788	0.3	38
0.3333333333333333	0.4	3
0.6	0.5	5
1.0	0.6	1
0.06291390728476821	0.0	302
0.12446351931330472	0.1	233
0.14705882352941177	0.2	102
0.25	0.3	32
0.0	0.4	7
1.0	0.5	4
0.05750798722044728	0.0	313
0.12554112554112554	0.1	231
0.16483516483516483	0.2	91
0.22857142857142856	0.3	35
0.2857142857142857	0.4	7
1.0	0.5	2
1.0	0.6	1
0.06007067137809187	0.0	283
0.1078838174273859	0.1	241
0.1574074074074074	0.2	108
0.24242424242424243	0.3	33
0.2727272727272727	0.4	11
1.0	0.5	3
1.0	0.6	1
0.08571428571428572	0.0	315
0.09583333333333334	0.1	240
0.1282051282051282	0.2	78
0.25	0.3	36
0.2857142857142857	0.4	7
1.0	0.5	3
1.0	0.6	1
0.06785714285714285	0.0	280
0.10699588477366255	0.1	243
0.1509433962264151	0.2	106
0.23076923076923078	0.3	39
0.3	0.4	10
1.0	0.5	2
0.08280254777070063	0.0	314
0.08733624454148471	0.1	229
0.13402061855670103	0.2	97
0.3448275862068966	0.3	29
0.4	0.4	5
0.5	0.5	4
1.0	0.6	2
0.06338028169014084	0.0	284
0.11764705882352941	0.1	255
0.14583333333333334	0.2	96
0.14705882352941177	0.3	34
0.6666666666666666	0.4	6
0.75	0.5	4
1.0	0.6	1
0.05592105263157895	0.0	304
0.112	0.1	250
0.18604651162790697	0.2	86
0.25925925925925924	0.3	27
0.5	0.4	8
0.6	0.5	5
0.0625	0.0	320
0.13191489361702127	0.1	235
0.13580246913580246	0.2	81
0.22580645161290322	0.3	31
0.3	0.4	10
1.0	0.5	3
0.06785714285714285	0.0	280
0.09876543209876543	0.1	243
0.1574074074074074	0.2	108
0.2857142857142857	0.3	35
0.2	0.4	10
0.6666666666666666	0.5	3
1.0	0.6	1
0.06779661016949153	0.0	295
0.1115702479338843	0.1	242
0.1523809523809524	0.2	105
0.23333333333333334	0.3	30
0.25	0.4	4
1.0	0.5	2
1.0	0.6	2
0.06944444444444445	0.0	288
0.11673151750972763	0.1	257
0.1262135922330097	0.2	103
0.32	0.3	25
0.5714285714285714	0.4	7
0.06779661016949153	0.0	295
0.11158798283261803	0.1	233
0.16822429906542055	0.2	107
0.21212121212121213	0.3	33
0.1111111111111111	0.4	9
1.0	0.5	3
0.06506849315068493	0.0	292
0.11020408163265306	0.1	245
0.15151515151515152	0.2	99
0.25	0.3	32
0.3333333333333333	0.4	6
0.6	0.5	5
1.0	0.6	1
0.0777027027027027	0.0	296
0.09623430962343096	0.1	239
0.14736842105263157	0.2	95
0.2682926829268293	0.3	41
0.25	0.4	4
0.5	0.5	4
1.0	0.6	1
0.0648854961832061	0.0	262
0.10646387832699619	0.1	263
0.14705882352941177	0.2	102
0.24390243902439024	0.3	41
0.125	0.4	8
1.0	0.5	4
0.07482993197278912	0.0	294
0.10416666666666667	0.1	240
0.12631578947368421	0.2	95
0.24324324324324326	0.3	37
0.4444444444444444	0.4	9
0.3333333333333333	0.5	3
1.0	0.6	2
0.06506849315068493	0.0	292
0.10887096774193548	0.1	248
0.14285714285714285	0.2	91
0.28205128205128205	0.3	39
0.2857142857142857	0.4	7
1.0	0.5	3
0.07168458781362007	0.0	279
0.10384615384615385	0.1	260
0.16129032258064516	0.2	93
0.20512820512820512	0.3	39
0.42857142857142855	0.4	7
1.0	0.5	2
0.08012820512820513	0.0	312
0.08677685950413223	0.1	242
0.20481927710843373	0.2	83
0.16129032258064516	0.3	31
0.3333333333333333	0.4	6
0.8	0.5	5
1.0	0.6	1
0.06397306397306397	0.0	297
0.11983471074380166	0.1	242
0.13829787234042554	0.2	94
0.2777777777777778	0.3	36
0.2222222222222222	0.4	9
1.0	0.5	2
0.061224489795918366	0.0	294
0.11983471074380166	0.1	242
0.12871287128712872	0.2	101
0.25	0.3	32
0.6666666666666666	0.4	6
0.5	0.5	4
1.0	0.6	1
0.06713780918727916	0.0	283
0.11507936507936507	0.1	252
0.14563106796116504	0.2	103
0.23529411764705882	0.3	34
0.42857142857142855	0.4	7
1.0	0.5	1
0.06389776357827476	0.0	313
0.11353711790393013	0.1	229
0.18823529411764706	0.2	85
0.16666666666666666	0.3	42
0.375	0.4	8
1.0	0.5	2
1.0	0.6	1
0.0759493670886076	0.0	316
0.09876543209876543	0.1	243
0.2	0.2	80
0.23529411764705882	0.3	34
0.3333333333333333	0.4	6
1.0	0.5	1
0.07368421052631578	0.0	285
0.0967741935483871	0.1	248
0.12962962962962962	0.2	108
0.37037037037037035	0.3	27
0.2857142857142857	0.4	7
0.75	0.5	4
1.0	0.6	1
0.07042253521126761	0.0	284
0.11952191235059761	0.1	251
0.10679611650485436	0.2	103
0.26666666666666666	0.3	30
0.25	0.4	8
1.0	0.5	3
1.0	0.6	1
0.06319702602230483	0.0	269
0.1183206106870229	0.1	262
0.13	0.2	100
0.25	0.3	40
0.0	0.4	5
1.0	0.5	4
0.08041958041958042	0.0	286
0.099601593625498	0.1	251
0.15306122448979592	0.2	98
0.20588235294117646	0.3	34
0.25	0.4	8
1.0	0.5	3
0.06168831168831169	0.0	308
0.1225296442687747	0.1	253
0.16049382716049382	0.2	81
0.21739130434782608	0.3	23
0.3333333333333333	0.4	9
0.6666666666666666	0.5	3
0.6666666666666666	0.6	3
0.07333333333333333	0.0	300
0.1059322033898305	0.1	236
0.13541666666666666	0.2	96
0.2702702702702703	0.3	37
0.16666666666666666	0.4	6
0.75	0.5	4
1.0	0.6	1
0.0781758957654723	0.0	307
0.10743801652892562	0.1	242
0.14606741573033707	0.2	89
0.24242424242424243	0.3	33
0.16666666666666666	0.4	6
1.0	0.5	2
1.0	0.6	1
0.07317073170731707	0.0	287
0.10126582278481013	0.1	237
0.1559633027522936	0.2	109
0.2631578947368421	0.3	38
0.25	0.4	8
1.0	0.5	1
0.06159420289855073	0.0	276
0.11290322580645161	0.1	248
0.1308411214953271	0.2	107
0.28205128205128205	0.3	39
0.2	0.4	5
0.75	0.5	4
1.0	0.6	1
0.07168458781362007	0.0	279
0.096	0.1	250
0.15151515151515152	0.2	99
0.2564102564102564	0.3	39
0.2857142857142857	0.4	7
0.6666666666666666	0.5	3
0.6666666666666666	0.6	3
0.06484641638225255	0.0	293
0.11392405063291139	0.1	237
0.14285714285714285	0.2	105
0.2571428571428571	0.3	35
0.16666666666666666	0.4	6
1.0	0.5	3
1.0	0.6	1
0.0657439446366782	0.0	289
0.11740890688259109	0.1	247
0.11224489795918367	0.2	98
0.3235294117647059	0.3	34
0.2222222222222222	0.4	9
1.0	0.5	3
0.07590759075907591	0.0	303
0.10569105691056911	0.1	246
0.12048192771084337	0.2	83
0.3055555555555556	0.3	36
0.14285714285714285	0.4	7
0.75	0.5	4
1.0	0.6	1
0.05714285714285714	0.0	315
0.12236286919831224	0.1	237
0.16304347826086957	0.2	92
0.3333333333333333	0.3	24
0.2222222222222222	0.4	9
1.0	0.5	2
1.0	0.6	1
0.06984126984126984	0.0	315
0.11158798283261803	0.1	233
0.14772727272727273	0.2	88
0.2777777777777778	0.3	36
0.0	0.4	4
1.0	0.5	3
1.0	0.6	1
0.07407407407407407	0.0	297
0.09166666666666666	0.1	240
0.18556701030927836	0.2	97
0.20588235294117646	0.3	34
0.42857142857142855	0.4	7
0.3333333333333333	0.5	3
1.0	0.6	2
0.06506849315068493	0.0	292
0.11814345991561181	0.1	237
0.13131313131313133	0.2	99
0.23076923076923078	0.3	39
0.14285714285714285	0.4	7
0.8333333333333334	0.5	6
0.06375838926174497	0.0	298
0.125	0.1	256
0.10344827586206896	0.2	87
0.3103448275862069	0.3	29
0.42857142857142855	0.4	7
1.0	0.5	2
1.0	0.6	1
0.07419354838709677	0.0	310
0.10775862068965517	0.1	232
0.13043478260869565	0.2	92
0.25	0.3	36
0.4	0.4	5
1.0	0.5	2
0.6666666666666666	0.6	3
0.0684931506849315	0.0	292
0.10227272727272728	0.1	264
0.175	0.2	80
0.2647058823529412	0.3	34
0.16666666666666666	0.4	6
1.0	0.5	3
1.0	0.6	1
0.07849829351535836	0.0	293
0.09349593495934959	0.1	246
0.17307692307692307	0.2	104
0.20689655172413793	0.3	29
0.4	0.4	5
1.0	0.5	2
1.0	0.6	1
0.07165109034267912	0.0	321
0.1111111111111111	0.1	234
0.11764705882352941	0.2	85
0.375	0.3	32
0.2	0.4	5
1.0	0.5	3
0.07667731629392971	0.0	313
0.10569105691056911	0.1	246
0.14634146341463414	0.2	82
0.30303030303030304	0.3	33
0.0	0.4	2
0.6666666666666666	0.5	3
1.0	0.6	1
0.06159420289855073	0.0	276
0.108	0.1	250
0.16346153846153846	0.2	104
0.23076923076923078	0.3	39
0.25	0.4	8
1.0	0.5	2
1.0	0.6	1
0.07720588235294118	0.0	272
0.10344827586206896	0.1	261
0.13402061855670103	0.2	97
0.22857142857142856	0.3	35
0.125	0.4	8
0.75	0.5	4
0.6666666666666666	0.6	3
0.06484641638225255	0.0	293
0.1092436974789916	0.1	238
0.1588785046728972	0.2	107
0.2413793103448276	0.3	29
0.3	0.4	10
1.0	0.5	2
1.0	0.6	1
0.0707070707070707	0.0	297
0.10416666666666667	0.1	240
0.15151515151515152	0.2	99
0.25	0.3	32
0.375	0.4	8
0.5	0.5	2
1.0	0.6	2
0.054140127388535034	0.0	314
0.13478260869565217	0.1	230
0.1111111111111111	0.2	90
0.34285714285714286	0.3	35
0.16666666666666666	0.4	6
0.75	0.5	4
1.0	0.6	1
0.08544303797468354	0.0	316
0.09663865546218488	0.1	238
0.16129032258064516	0.2	93
0.25925925925925924	0.3	27
0.5	0.4	6
0.07665505226480836	0.0	287
0.09917355371900827	0.1	242
0.1509433962264151	0.2	106
0.24324324324324326	0.3	37
0.0	0.4	4
1.0	0.5	3
1.0	0.6	1
0.06338028169014084	0.0	284
0.11297071129707113	0.1	239
0.14814814814814814	0.2	108
0.225	0.3	40
0.5	0.4	8
1.0	0.5	1
0.05860805860805861	0.0	273
0.11904761904761904	0.1	252
0.1553398058252427	0.2	103
0.20512820512820512	0.3	39
0.2222222222222222	0.4	9
0.5	0.5	2
1.0	0.6	2
0.06529209621993128	0.0	291
0.11570247933884298	0.1	242
0.13333333333333333	0.2	90
0.22727272727272727	0.3	44
0.3	0.4	10
1.0	0.5	3
0.06382978723404255	0.0	282
0.1171875	0.1	256
0.13541666666666666	0.2	96
0.21212121212121213	0.3	33
0.5454545454545454	0.4	11
0.5	0.5	2
0.0711864406779661	0.0	295
0.09523809523809523	0.1	231
0.16037735849056603	0.2	106
0.2631578947368421	0.3	38
0.0	0.4	4
0.8	0.5	5
1.0	0.6	1
0.07216494845360824	0.0	291
0.10975609756097561	0.1	246
0.15841584158415842	0.2	101
0.1935483870967742	0.3	31
0.16666666666666666	0.4	6
0.75	0.5	4
1.0	0.6	1
0.06909090909090909	0.0	275
0.1067193675889328	0.1	253
0.12871287128712872	0.2	101
0.2564102564102564	0.3	39
0.25	0.4	8
1.0	0.5	3
1.0	0.6	1
0.07446808510638298	0.0	282
0.10526315789473684	0.1	247
0.1308411214953271	0.2	107
0.2647058823529412	0.3	34
0.3333333333333333	0.4	6
0.75	0.5	4
0.061855670103092786	0.0	291
0.11382113821138211	0.1	246
0.14736842105263157	0.2	95
0.22857142857142856	0.3	35
0.375	0.4	8
0.6666666666666666	0.5	3
1.0	0.6	2
0.0695364238410596	0.0	302
0.10040160642570281	0.1	249
0.16483516483516483	0.2	91
0.32142857142857145	0.3	28
0.16666666666666666	0.4	6
1.0	0.5	4
0.08250825082508251	0.0	303
0.10416666666666667	0.1	240
0.12244897959183673	0.2	98
0.3103448275862069	0.3	29
0.3333333333333333	0.4	6
0.0	0.5	2
1.0	0.6	2
0.057432432432432436	0.0	296
0.12345679012345678	0.1	243
0.12631578947368421	0.2	95
0.3142857142857143	0.3	35
0.25	0.4	8
1.0	0.5	3
0.06028368794326241	0.0	282
0.108	0.1	250
0.14285714285714285	0.2	98
0.2972972972972973	0.3	37
0.36363636363636365	0.4	11
1.0	0.5	2
0.07216494845360824	0.0	291
0.10612244897959183	0.1	245
0.15384615384615385	0.2	104
0.24242424242424243	0.3	33
0.4	0.4	5
1.0	0.5	2
0.06859205776173286	0.0	277
0.0963855421686747	0.1	249
0.18181818181818182	0.2	110
0.18181818181818182	0.3	33
0.5555555555555556	0.4	9
0.5	0.5	2
0.061371841155234655	0.0	277
0.11507936507936507	0.1	252
0.14285714285714285	0.2	98
0.2564102564102564	0.3	39
0.125	0.4	8
0.5	0.5	4
1.0	0.6	2
0.07641196013289037	0.0	301
0.102880658436214	0.1	243
0.15217391304347827	0.2	92
0.2571428571428571	0.3	35
0.2857142857142857	0.4	7
1.0	0.5	2
0.07046979865771812	0.0	298
0.10612244897959183	0.1	245
0.13541666666666666	0.2	96
0.3103448275862069	0.3	29
0.4444444444444444	0.4	9
0.0	0.5	1
1.0	0.6	2
0.08253968253968254	0.0	315
0.0912863070539419	0.1	241
0.15384615384615385	0.2	78
0.22857142857142856	0.3	35
0.5	0.4	6
0.75	0.5	4
1.0	0.6	1
0.06920415224913495	0.0	289
0.11290322580645161	0.1	248
0.15384615384615385	0.2	104
0.21212121212121213	0.3	33
0.6	0.4	5
1.0	0.5	1
0.053763440860215055	0.0	279
0.10743801652892562	0.1	242
0.16964285714285715	0.2	112
0.2777777777777778	0.3	36
0.14285714285714285	0.4	7
1.0	0.5	4
0.06620209059233449	0.0	287
0.1067193675889328	0.1	253
0.13186813186813187	0.2	91
0.3333333333333333	0.3	36
0.2222222222222222	0.4	9
0.75	0.5	4
0.07641196013289037	0.0	301
0.1037344398340249	0.1	241
0.14444444444444443	0.2	90
0.2702702702702703	0.3	37
0.0	0.4	7
1.0	0.5	4
0.06811145510835913	0.0	323
0.10964912280701754	0.1	228
0.17045454545454544	0.2	88
0.25806451612903225	0.3	31
0.3333333333333333	0.4	6
0.6666666666666666	0.5	3
1.0	0.6	1
0.07046979865771812	0.0	298
0.1037344398340249	0.1	241
0.15463917525773196	0.2	97
0.25	0.3	32
0.375	0.4	8
0.5	0.5	2
1.0	0.6	2
0.06430868167202572	0.0	311
0.11842105263157894	0.1	228
0.15217391304347827	0.2	92
0.18421052631578946	0.3	38
0.5	0.4	4
0.75	0.5	4
0.6666666666666666	0.6	3
0.0576271186440678	0.0	295
0.13278008298755187	0.1	241
0.10576923076923077	0.2	104
0.36666666666666664	0.3	30
0.0	0.4	4
0.6	0.5	5
1.0	0.6	1
0.07096774193548387	0.0	310
0.125	0.1	232
0.11650485436893204	0.2	103
0.27586206896551724	0.3	29
0.3333333333333333	0.4	3
1.0	0.5	3
0.06093189964157706	0.0	279
0.11567164179104478	0.1	268
0.15789473684210525	0.2	95
0.2222222222222222	0.3	27
0.2857142857142857	0.4	7
1.0	0.5	3
1.0	0.6	1
0.06785714285714285	0.0	280
0.099601593625498	0.1	251
0.16346153846153846	0.2	104
0.25	0.3	36
0.2	0.4	5
1.0	0.5	3
1.0	0.6	1
0.06228373702422145	0.0	289
0.10526315789473684	0.1	247
0.16494845360824742	0.2	97
0.21052631578947367	0.3	38
0.8	0.4	5
0.75	0.5	4
0.05860805860805861	0.0	273
0.12062256809338522	0.1	257
0.17	0.2	100
0.17073170731707318	0.3	41
0.375	0.4	8
1.0	0.5	1
0.08064516129032258	0.0	310
0.10043668122270742	0.1	229
0.13636363636363635	0.2	110
0.36363636363636365	0.3	22
0.4444444444444444	0.4	9
0.0738255033557047	0.0	298
0.10975609756097561	0.1	246
0.13402061855670103	0.2	97
0.3103448275862069	0.3	29
0.25	0.4	8
1.0	0.5	1
1.0	0.6	1
0.06181818181818182	0.0	275
0.10975609756097561	0.1	246
0.13636363636363635	0.2	110
0.2702702702702703	0.3	37
0.2857142857142857	0.4	7
0.6666666666666666	0.5	3
1.0	0.6	2
0.06405693950177936	0.0	281
0.125	0.1	264
0.10714285714285714	0.2	84
0.225	0.3	40
0.2	0.4	5
0.8	0.5	5
1.0	0.6	1
0.06498194945848375	0.0	277
0.1111111111111111	0.1	252
0.1485148514851485	0.2	101
0.2222222222222222	0.3	36
0.2222222222222222	0.4	9
0.6666666666666666	0.5	3
1.0	0.6	2
0.06293706293706294	0.0	286
0.10975609756097561	0.1	246
0.1651376146788991	0.2	109
0.27586206896551724	0.3	29
0.14285714285714285	0.4	7
1.0	0.5	3
0.07508532423208192	0.0	293
0.0963855421686747	0.1	249
0.1702127659574468	0.2	94
0.2222222222222222	0.3	36
0.5714285714285714	0.4	7
1.0	0.5	1
0.07342657342657342	0.0	286
0.10483870967741936	0.1	248
0.1188118811881188	0.2	101
0.2903225806451613	0.3	31
0.4	0.4	10
0.5	0.5	2
1.0	0.6	2
0.06785714285714285	0.0	280
0.1171875	0.1	256
0.1262135922330097	0.2	103
0.26666666666666666	0.3	30
0.3333333333333333	0.4	9
1.0	0.5	2
0.06333333333333334	0.0	300
0.11983471074380166	0.1	242
0.11578947368421053	0.2	95
0.3333333333333333	0.3	30
0.375	0.4	8
0.3333333333333333	0.5	3
1.0	0.6	2
0.07094594594594594	0.0	296
0.11740890688259109	0.1	247
0.13978494623655913	0.2	93
0.19444444444444445	0.3	36
0.25	0.4	4
1.0	0.5	3
1.0	0.6	1
0.061371841155234655	0.0	277
0.12350597609561753	0.1	251
0.12380952380952381	0.2	105
0.1935483870967742	0.3	31
0.45454545454545453	0.4	11
0.5	0.5	4
1.0	0.6	1
0.071875	0.0	320
0.112	0.1	250
0.16666666666666666	0.2	72
0.2413793103448276	0.3	29
0.4	0.4	5
0.6666666666666666	0.5	3
1.0	0.6	1
0.06643356643356643	0.0	286
0.11336032388663968	0.1	247
0.12121212121212122	0.2	99
0.2972972972972973	0.3	37
0.25	0.4	8
1.0	0.5	2
1.0	0.6	1
0.07	0.0	300
0.11507936507936507	0.1	252
0.12195121951219512	0.2	82
0.3055555555555556	0.3	36
0.14285714285714285	0.4	7
1.0	0.5	2
1.0	0.6	1
0.07213114754098361	0.0	305
0.11155378486055777	0.1	251
0.13095238095238096	0.2	84
0.25	0.3	28
0.5	0.4	8
0.75	0.5	4
0.07692307692307693	0.0	312
0.10569105691056911	0.1	246
0.18181818181818182	0.2	88
0.15384615384615385	0.3	26
0.5	0.4	4
0.75	0.5	4
0.07420494699646643	0.0	283
0.096	0.1	250
0.16161616161616163	0.2	99
0.25	0.3	40
0.3333333333333333	0.4	3
0.5	0.5	4
1.0	0.6	1
0.0657439446366782	0.0	289
0.10894941634241245	0.1	257
0.14893617021276595	0.2	94
0.25806451612903225	0.3	31
0.6666666666666666	0.4	3
0.6666666666666666	0.5	3
0.6666666666666666	0.6	3
0.07216494845360824	0.0	291
0.11328125	0.1	256
0.12087912087912088	0.2	91
0.30303030303030304	0.3	33
0.0	0.4	5
1.0	0.5	4
0.06428571428571428	0.0	280
0.112	0.1	250
0.16981132075471697	0.2	106
0.17647058823529413	0.3	34
0.42857142857142855	0.4	7
0.6666666666666666	0.5	3
0.0726643598615917	0.0	289
0.0984251968503937	0.1	254
0.16304347826086957	0.2	92
0.23529411764705882	0.3	34
0.5	0.4	10
1.0	0.5	1
0.07446808510638298	0.0	282
0.10121457489878542	0.1	247
0.14285714285714285	0.2	112
0.26666666666666666	0.3	30
0.25	0.4	4
0.75	0.5	4
1.0	0.6	1
0.06484641638225255	0.0	293
0.11673151750972763	0.1	257
0.14606741573033707	0.2	89
0.26666666666666666	0.3	30
0.42857142857142855	0.4	7
0.3333333333333333	0.5	3
1.0	0.6	1
0.06862745098039216	0.0	306
0.09876543209876543	0.1	243
0.19047619047619047	0.2	84
0.25	0.3	36
0.2	0.4	5
0.6	0.5	5
1.0	0.6	1
0.06885245901639345	0.0	305
0.08786610878661087	0.1	239
0.2159090909090909	0.2	88
0.2222222222222222	0.3	36
0.45454545454545453	0.4	11
1.0	0.5	1
0.07291666666666667	0.0	288
0.08641975308641975	0.1	243
0.17647058823529413	0.2	102
0.2647058823529412	0.3	34
0.14285714285714285	0.4	7
0.75	0.5	4
1.0	0.6	2
0.05723905723905724	0.0	297
0.11206896551724138	0.1	232
0.17346938775510204	0.2	98
0.225	0.3	40
0.2857142857142857	0.4	7
0.5	0.5	4
1.0	0.6	2
0.0738255033557047	0.0	298
0.10843373493975904	0.1	249
0.14583333333333334	0.2	96
0.2	0.3	25
0.42857142857142855	0.4	7
0.75	0.5	4
1.0	0.6	1
0.07942238267148015	0.0	277
0.1	0.1	250
0.1320754716981132	0.2	106
0.17142857142857143	0.3	35
0.5714285714285714	0.4	7
0.6666666666666666	0.5	3
1.0	0.6	2
0.0673758865248227	0.0	282
0.10204081632653061	0.1	245
0.17525773195876287	0.2	97
0.20454545454545456	0.3	44
0.125	0.4	8
1.0	0.5	3
1.0	0.6	1
0.06418918918918919	0.0	296
0.11016949152542373	0.1	236
0.15463917525773196	0.2	97
0.23076923076923078	0.3	39
0.2857142857142857	0.4	7
0.75	0.5	4
1.0	0.6	1
0.06293706293706294	0.0	286
0.11065573770491803	0.1	244
0.16161616161616163	0.2	99
0.225	0.3	40
0.3333333333333333	0.4	9
1.0	0.5	1
1.0	0.6	1
0.06545454545454546	0.0	275
0.09881422924901186	0.1	253
0.1568627450980392	0.2	102
0.2571428571428571	0.3	35
0.25	0.4	8
0.6	0.5	5
1.0	0.6	2
0.07241379310344828	0.0	290
0.10212765957446808	0.1	235
0.1485148514851485	0.2	101
0.21951219512195122	0.3	41
0.3333333333333333	0.4	9
0.5	0.5	2
1.0	0.6	2
0.06228373702422145	0.0	289
0.12096774193548387	0.1	248
0.12371134020618557	0.2	97
0.2647058823529412	0.3	34
0.2857142857142857	0.4	7
0.8	0.5	5
0.07046979865771812	0.0	298
0.09166666666666666	0.1	240
0.19148936170212766	0.2	94
0.25	0.3	36
0.125	0.4	8
1.0	0.5	3
1.0	0.6	1
0.061016949152542375	0.0	295
0.11693548387096774	0.1	248
0.15217391304347827	0.2	92
0.25	0.3	32
0.2222222222222222	0.4	9
1.0	0.5	3
1.0	0.6	1
0.07142857142857142	0.0	294
0.10040160642570281	0.1	249
0.1511627906976744	0.2	86
0.2682926829268293	0.3	41
0.16666666666666666	0.4	6
1.0	0.5	3
1.0	0.6	1
0.07534246575342465	0.0	292
0.10330578512396695	0.1	242
0.15	0.2	100
0.18181818181818182	0.3	33
0.5	0.4	8
0.5	0.5	2
0.6666666666666666	0.6	3
0.06338028169014084	0.0	284
0.11372549019607843	0.1	255
0.13043478260869565	0.2	92
0.2564102564102564	0.3	39
0.6	0.4	5
0.6	0.5	5
0.06040268456375839	0.0	298
0.1125	0.1	240
0.16483516483516483	0.2	91
0.23809523809523808	0.3	42
0.2	0.4	5
1.0	0.5	3
1.0	0.6	1
0.07092198581560284	0.0	282
0.10931174089068826	0.1	247
0.125	0.2	104
0.2777777777777778	0.3	36
0.16666666666666666	0.4	6
0.75	0.5	4
1.0	0.6	1
0.0673758865248227	0.0	282
0.09302325581395349	0.1	258
0.16470588235294117	0.2	85
0.3023255813953488	0.3	43
0.14285714285714285	0.4	7
0.75	0.5	4
1.0	0.6	1
0.0707070707070707	0.0	297
0.1078838174273859	0.1	241
0.1595744680851064	0.2	94
0.25	0.3	36
0.2222222222222222	0.4	9
0.5	0.5	2
1.0	0.6	1
0.06333333333333334	0.0	300
0.11864406779661017	0.1	236
0.16326530612244897	0.2	98
0.23076923076923078	0.3	39
0.3333333333333333	0.4	6
1.0	0.5	1
0.07586206896551724	0.0	290
0.10887096774193548	0.1	248
0.12871287128712872	0.2	101
0.2571428571428571	0.3	35
0.5	0.4	4
1.0	0.5	2
0.08609271523178808	0.0	302
0.09282700421940929	0.1	237
0.13541666666666666	0.2	96
0.22857142857142856	0.3	35
0.5	0.4	6
0.75	0.5	4
0.06968641114982578	0.0	287
0.10931174089068826	0.1	247
0.13131313131313133	0.2	99
0.2702702702702703	0.3	37
0.25	0.4	4
0.6666666666666666	0.5	6
0.06962025316455696	0.0	316
0.1059322033898305	0.1	236
0.17045454545454544	0.2	88
0.3	0.3	30
0.25	0.4	8
1.0	0.5	1
1.0	0.6	1
0.06756756756756757	0.0	296
0.10526315789473684	0.1	247
0.15555555555555556	0.2	90
0.2631578947368421	0.3	38
0.4	0.4	5
0.5	0.5	2
1.0	0.6	2
0.06643356643356643	0.0	286
0.11693548387096774	0.1	248
0.125	0.2	96
0.23684210526315788	0.3	38
0.5	0.4	8
0.5	0.5	4
0.07216494845360824	0.0	291
0.10756972111553785	0.1	251
0.16666666666666666	0.2	96
0.125	0.3	32
0.6666666666666666	0.4	3
0.75	0.5	4
0.6666666666666666	0.6	3
0.060498220640569395	0.0	281
0.12048192771084337	0.1	249
0.1414141414141414	0.2	99
0.225	0.3	40
0.25	0.4	8
1.0	0.5	3
0.06802721088435375	0.0	294
0.10245901639344263	0.1	244
0.15463917525773196	0.2	97
0.29411764705882354	0.3	34
0.25	0.4	8
1.0	0.5	2
1.0	0.6	1
0.0778816199376947	0.0	321
0.10699588477366255	0.1	243
0.15294117647058825	0.2	85
0.2727272727272727	0.3	22
0.25	0.4	4
0.8	0.5	5
0.06884057971014493	0.0	276
0.09561752988047809	0.1	251
0.17647058823529413	0.2	102
0.19047619047619047	0.3	42
0.6666666666666666	0.4	3
0.6666666666666666	0.5	6
0.0625	0.0	304
0.12875536480686695	0.1	233
0.16161616161616163	0.2	99
0.14285714285714285	0.3	35
0.42857142857142855	0.4	7
1.0	0.5	1
1.0	0.6	1
0.07142857142857142	0.0	280
0.10040160642570281	0.1	249
0.1568627450980392	0.2	102
0.25	0.3	40
0.16666666666666666	0.4	6
1.0	0.5	3
0.0576271186440678	0.0	295
0.12601626016260162	0.1	246
0.15217391304347827	0.2	92
0.2222222222222222	0.3	36
0.25	0.4	8
1.0	0.5	3
0.0670926517571885	0.0	313
0.11983471074380166	0.1	242
0.17391304347826086	0.2	92
0.20833333333333334	0.3	24
0.2857142857142857	0.4	7
1.0	0.5	2
0.06875	0.0	320
0.10548523206751055	0.1	237
0.18085106382978725	0.2	94
0.2857142857142857	0.3	21
0.6666666666666666	0.4	3
0.6	0.5	5
0.06325301204819277	0.0	332
0.12334801762114538	0.1	227
0.19318181818181818	0.2	88
0.21428571428571427	0.3	28
0.5	0.4	4
1.0	0.5	1
0.06666666666666667	0.0	315
0.10762331838565023	0.1	223
0.16494845360824742	0.2	97
0.25	0.3	36
0.5	0.4	4
0.6	0.5	5
0.07719298245614035	0.0	285
0.10743801652892562	0.1	242
0.1388888888888889	0.2	108
0.21875	0.3	32
0.25	0.4	8
0.5	0.5	4
1.0	0.6	1
0.05821917808219178	0.0	292
0.112	0.1	250
0.17894736842105263	0.2	95
0.25	0.3	32
0.25	0.4	8
1.0	0.5	2
1.0	0.6	1
0.06752411575562701	0.0	311
0.10612244897959183	0.1	245
0.1566265060240964	0.2	83
0.3548387096774194	0.3	31
0.3333333333333333	0.4	9
1.0	0.5	1
0.06666666666666667	0.0	285
0.11244979919678715	0.1	249
0.14736842105263157	0.2	95
0.21428571428571427	0.3	42
0.4	0.4	5
0.6666666666666666	0.5	3
1.0	0.6	1
0.06984126984126984	0.0	315
0.11255411255411256	0.1	231
0.16666666666666666	0.2	90
0.2	0.3	35
0.42857142857142855	0.4	7
1.0	0.5	2
0.0798611111111111	0.0	288
0.10116731517509728	0.1	257
0.15463917525773196	0.2	97
0.17857142857142858	0.3	28
0.4	0.4	5
0.75	0.5	4
1.0	0.6	1
0.06875	0.0	320
0.11297071129707113	0.1	239
0.16666666666666666	0.2	84
0.26666666666666666	0.3	30
0.4	0.4	5
1.0	0.5	2
0.06542056074766354	0.0	321
0.1013215859030837	0.1	227
0.19047619047619047	0.2	84
0.2222222222222222	0.3	36
0.375	0.4	8
1.0	0.5	3
1.0	0.6	1
0.06930693069306931	0.0	303
0.10441767068273092	0.1	249
0.16666666666666666	0.2	90
0.28	0.3	25
0.3333333333333333	0.4	9
0.0	0.5	1
1.0	0.6	3
0.07166123778501629	0.0	307
0.10833333333333334	0.1	240
0.14130434782608695	0.2	92
0.2903225806451613	0.3	31
0.16666666666666666	0.4	6
1.0	0.5	4
0.06884057971014493	0.0	276
0.10526315789473684	0.1	247
0.13725490196078433	0.2	102
0.24444444444444444	0.3	45
0.16666666666666666	0.4	6
1.0	0.5	3
1.0	0.6	1
0.07272727272727272	0.0	330
0.11009174311926606	0.1	218
0.1348314606741573	0.2	89
0.3125	0.3	32
0.14285714285714285	0.4	7
1.0	0.5	4
0.08389261744966443	0.0	298
0.09583333333333334	0.1	240
0.16666666666666666	0.2	90
0.16666666666666666	0.3	42
0.3333333333333333	0.4	6
0.75	0.5	4
0.056140350877192984	0.0	285
0.12195121951219512	0.1	246
0.1326530612244898	0.2	98
0.28205128205128205	0.3	39
0.125	0.4	8
1.0	0.5	3
1.0	0.6	1
0.0706713780918728	0.0	283
0.10276679841897234	0.1	253
0.15384615384615385	0.2	104
0.23333333333333334	0.3	30
0.6666666666666666	0.4	6
0.5	0.5	2
0.5	0.6	2
0.07766990291262135	0.0	309
0.10970464135021098	0.1	237
0.1411764705882353	0.2	85
0.21428571428571427	0.3	42
0.4	0.4	5
1.0	0.5	1
1.0	0.6	1
0.07241379310344828	0.0	290
0.09716599190283401	0.1	247
0.16494845360824742	0.2	97
0.2571428571428571	0.3	35
0.3333333333333333	0.4	9
1.0	0.5	2
0.06551724137931035	0.0	290
0.11428571428571428	0.1	245
0.14285714285714285	0.2	98
0.23076923076923078	0.3	39
0.5	0.4	6
1.0	0.5	2
0.07586206896551724	0.0	290
0.116	0.1	250
0.09782608695652174	0.2	92
0.2894736842105263	0.3	38
0.16666666666666666	0.4	6
0.6666666666666666	0.5	3
1.0	0.6	1
0.06007067137809187	0.0	283
0.10975609756097561	0.1	246
0.15	0.2	100
0.28205128205128205	0.3	39
0.14285714285714285	0.4	7
0.75	0.5	4
1.0	0.6	1
0.06802721088435375	0.0	294
0.0992063492063492	0.1	252
0.1744186046511628	0.2	86
0.2702702702702703	0.3	37
0.25	0.4	8
1.0	0.5	3
0.07	0.0	300
0.0975609756097561	0.1	246
0.16842105263157894	0.2	95
0.3103448275862069	0.3	29
0.2	0.4	5
0.75	0.5	4
1.0	0.6	1
0.06756756756756757	0.0	296
0.10212765957446808	0.1	235
0.1619047619047619	0.2	105
0.25	0.3	36
0.25	0.4	4
1.0	0.5	3
1.0	0.6	1
0.08273381294964029	0.0	278
0.08661417322834646	0.1	254
0.15463917525773196	0.2	97
0.2682926829268293	0.3	41
0.14285714285714285	0.4	7
1.0	0.5	3
0.06164383561643835	0.0	292
0.1072961373390558	0.1	233
0.15789473684210525	0.2	95
0.21739130434782608	0.3	46
0.3333333333333333	0.4	9
0.5	0.5	2
1.0	0.6	3
0.08250825082508251	0.0	303
0.08870967741935484	0.1	248
0.18085106382978725	0.2	94
0.2692307692307692	0.3	26
0.2	0.4	5
0.6666666666666666	0.5	3
1.0	0.6	1
0.05944055944055944	0.0	286
0.11203319502074689	0.1	241
0.15	0.2	100
0.23684210526315788	0.3	38
0.3	0.4	10
0.5	0.5	2
1.0	0.6	3
0.06472491909385113	0.0	309
0.10822510822510822	0.1	231
0.1827956989247312	0.2	93
0.2222222222222222	0.3	36
0.14285714285714285	0.4	7
1.0	0.5	3
1.0	0.6	1
0.07191780821917808	0.0	292
0.0967741935483871	0.1	248
0.17582417582417584	0.2	91
0.23076923076923078	0.3	39
0.3333333333333333	0.4	6
0.75	0.5	4
0.0695364238410596	0.0	302
0.10666666666666667	0.1	225
0.13333333333333333	0.2	105
0.3076923076923077	0.3	39
0.0	0.4	5
1.0	0.5	3
1.0	0.6	1
0.06451612903225806	0.0	279
0.10887096774193548	0.1	248
0.17	0.2	100
0.2	0.3	40
0.2222222222222222	0.4	9
0.5	0.5	2
1.0	0.6	2
0.07167235494880546	0.0	293
0.11203319502074689	0.1	241
0.1188118811881188	0.2	101
0.28125	0.3	32
0.3333333333333333	0.4	9
0.75	0.5	4
0.07	0.0	300
0.10416666666666667	0.1	240
0.1595744680851064	0.2	94
0.2702702702702703	0.3	37
0.0	0.4	4
0.75	0.5	4
1.0	0.6	1
0.09180327868852459	0.0	305
0.0815450643776824	0.1	233
0.12631578947368421	0.2	95
0.2777777777777778	0.3	36
0.4	0.4	5
0.5	0.5	4
1.0	0.6	2
0.07308970099667775	0.0	301
0.10460251046025104	0.1	239
0.12380952380952381	0.2	105
0.4090909090909091	0.3	22
0.16666666666666666	0.4	6
0.75	0.5	4
0.6666666666666666	0.6	3
0.07666666666666666	0.0	300
0.100418410041841	0.1	239
0.14736842105263157	0.2	95
0.2702702702702703	0.3	37
0.375	0.4	8
1.0	0.6	1
0.08363636363636363	0.0	275
0.09236947791164658	0.1	249
0.14423076923076922	0.2	104
0.2	0.3	40
0.3333333333333333	0.4	6
0.5	0.5	4
1.0	0.6	2
0.06622516556291391	0.0	302
0.11693548387096774	0.1	248
0.13592233009708737	0.2	103
0.3684210526315789	0.3	19
0.6	0.4	5
0.6666666666666666	0.5	3
0.0664451827242525	0.0	301
0.1038961038961039	0.1	231
0.13861386138613863	0.2	101
0.29411764705882354	0.3	34
0.3333333333333333	0.4	6
0.75	0.5	4
0.6666666666666666	0.6	3
0.06397306397306397	0.0	297
0.11788617886178862	0.1	246
0.10869565217391304	0.2	92
0.3333333333333333	0.3	36
0.4	0.4	5
0.6666666666666666	0.5	3
1.0	0.6	1
0.06920415224913495	0.0	289
0.11904761904761904	0.1	252
0.12087912087912088	0.2	91
0.24242424242424243	0.3	33
0.2	0.4	10
0.75	0.5	4
1.0	0.6	1
0.06484641638225255	0.0	293
0.11067193675889328	0.1	253
0.14893617021276595	0.2	94
0.27586206896551724	0.3	29
0.42857142857142855	0.4	7
0.5	0.5	2
1.0	0.6	2
0.06748466257668712	0.0	326
0.1277533039647577	0.1	227
0.13793103448275862	0.2	87
0.2727272727272727	0.3	33
0.3333333333333333	0.4	6
1.0	0.5	1
0.06535947712418301	0.0	306
0.1111111111111111	0.1	243
0.14772727272727273	0.2	88
0.26666666666666666	0.3	30
0.42857142857142855	0.4	7
0.6	0.5	5
1.0	0.6	1
0.06129032258064516	0.0	310
0.12236286919831224	0.1	237
0.13829787234042554	0.2	94
0.32142857142857145	0.3	28
0.3333333333333333	0.4	9
1.0	0.5	2
0.07308970099667775	0.0	301
0.102880658436214	0.1	243
0.16129032258064516	0.2	93
0.25	0.3	32
0.25	0.4	8
1.0	0.5	2
1.0	0.6	1
0.06997084548104957	0.0	343
0.13063063063063063	0.1	222
0.12048192771084337	0.2	83
0.36363636363636365	0.3	22
0.2857142857142857	0.4	7
0.5	0.5	2
1.0	0.6	1
0.06418918918918919	0.0	296
0.12955465587044535	0.1	247
0.10638297872340426	0.2	94
0.2647058823529412	0.3	34
0.25	0.4	4
0.75	0.5	4
1.0	0.6	1
0.07094594594594594	0.0	296
0.09623430962343096	0.1	239
0.17592592592592593	0.2	108
0.25	0.3	28
0.2	0.4	5
1.0	0.5	4
0.06209150326797386	0.0	306
0.11016949152542373	0.1	236
0.14772727272727273	0.2	88
0.2972972972972973	0.3	37
0.2222222222222222	0.4	9
1.0	0.5	3
1.0	0.6	1
0.06376811594202898	0.0	345
0.12903225806451613	0.1	217
0.13580246913580246	0.2	81
0.32142857142857145	0.3	28
0.4	0.4	5
0.6666666666666666	0.5	3
1.0	0.6	1
0.06440677966101695	0.0	295
0.09876543209876543	0.1	243
0.1978021978021978	0.2	91
0.21428571428571427	0.3	42
0.25	0.4	4
0.8	0.5	5
0.05673758865248227	0.0	282
0.11983471074380166	0.1	242
0.15151515151515152	0.2	99
0.2222222222222222	0.3	45
0.125	0.4	8
1.0	0.5	3
1.0	0.6	1
0.08433734939759036	0.0	332
0.1095890410958904	0.1	219
0.07954545454545454	0.2	88
0.36666666666666664	0.3	30
0.3333333333333333	0.4	6
0.3333333333333333	0.5	3
1.0	0.6	2
0.07581227436823104	0.0	277
0.09876543209876543	0.1	243
0.13513513513513514	0.2	111
0.2631578947368421	0.3	38
0.16666666666666666	0.4	6
0.75	0.5	4
1.0	0.6	1
0.06993006993006994	0.0	286
0.09836065573770492	0.1	244
0.16981132075471697	0.2	106
0.22857142857142856	0.3	35
0.3333333333333333	0.4	6
1.0	0.5	3
0.07394366197183098	0.0	284
0.10276679841897234	0.1	253
0.16494845360824742	0.2	97
0.21621621621621623	0.3	37
0.2857142857142857	0.4	7
1.0	0.5	1
1.0	0.6	1
0.06060606060606061	0.0	297
0.12096774193548387	0.1	248
0.14583333333333334	0.2	96
0.26666666666666666	0.3	30
0.42857142857142855	0.4	7
1.0	0.5	2
0.06802721088435375	0.0	294
0.09871244635193133	0.1	233
0.17307692307692307	0.2	104
0.1891891891891892	0.3	37
0.5	0.4	6
0.5	0.5	4
1.0	0.6	2
0.06209150326797386	0.0	306
0.10683760683760683	0.1	234
0.13978494623655913	0.2	93
0.4	0.3	35
0.0	0.4	8
1.0	0.5	3
1.0	0.6	1
0.08280254777070063	0.0	314
0.10245901639344263	0.1	244
0.12941176470588237	0.2	85
0.3225806451612903	0.3	31
0.5	0.4	4
0.5	0.5	2
0.06028368794326241	0.0	282
0.11244979919678715	0.1	249
0.15463917525773196	0.2	97
0.25	0.3	40
0.3333333333333333	0.4	9
0.6666666666666666	0.5	3
0.05755395683453238	0.0	278
0.10852713178294573	0.1	258
0.2	0.2	95
0.1388888888888889	0.3	36
0.375	0.4	8
0.6666666666666666	0.5	3
1.0	0.6	2
0.07342657342657342	0.0	286
0.10699588477366255	0.1	243
0.14018691588785046	0.2	107
0.21212121212121213	0.3	33
0.42857142857142855	0.4	7
0.5	0.5	2
1.0	0.6	2
0.06430868167202572	0.0	311
0.11203319502074689	0.1	241
0.16853932584269662	0.2	89
0.26666666666666666	0.3	30
0.3333333333333333	0.4	3
0.6666666666666666	0.5	6
0.07394366197183098	0.0	284
0.10743801652892562	0.1	242
0.11607142857142858	0.2	112
0.34375	0.3	32
0.16666666666666666	0.4	6
0.6666666666666666	0.5	3
1.0	0.6	1
0.05755395683453238	0.0	278
0.13147410358565736	0.1	251
0.1188118811881188	0.2	101
0.21052631578947367	0.3	38
0.2857142857142857	0.4	7
0.8	0.5	5
0.06884057971014493	0.0	276
0.0984251968503937	0.1	254
0.17475728155339806	0.2	103
0.22857142857142856	0.3	35
0.2857142857142857	0.4	7
0.6	0.5	5
0.05956112852664577	0.0	319
0.11864406779661017	0.1	236
0.17582417582417584	0.2	91
0.24	0.3	25
0.5714285714285714	0.4	7
1.0	0.5	2
0.0781758957654723	0.0	307
0.09417040358744394	0.1	223
0.15	0.2	100
0.2702702702702703	0.3	37
0.25	0.4	8
0.6666666666666666	0.5	3
0.5	0.6	2
0.06440677966101695	0.0	295
0.10655737704918032	0.1	244
0.16304347826086957	0.2	92
0.275	0.3	40
0.2	0.4	5
0.75	0.5	4
0.06164383561643835	0.0	292
0.12156862745098039	0.1	255
0.11827956989247312	0.2	93
0.3	0.3	30
0.4	0.4	5
0.6666666666666666	0.5	3
1.0	0.6	2
0.07666666666666666	0.0	300
0.10504201680672269	0.1	238
0.12631578947368421	0.2	95
0.2857142857142857	0.3	35
0.3333333333333333	0.4	9
0.5	0.5	2
1.0	0.6	1
0.056140350877192984	0.0	285
0.12301587301587301	0.1	252
0.13541666666666666	0.2	96
0.2222222222222222	0.3	36
0.5	0.4	6
0.6666666666666666	0.5	3
1.0	0.6	2
0.06484641638225255	0.0	293
0.10300429184549356	0.1	233
0.15384615384615385	0.2	104
0.24324324324324326	0.3	37
0.42857142857142855	0.4	7
0.6666666666666666	0.5	3
0.6666666666666666	0.6	3
0.0627062706270627	0.0	303
0.11440677966101695	0.1	236
0.18478260869565216	0.2	92
0.17142857142857143	0.3	35
0.4166666666666667	0.4	12
0.5	0.5	2
0.06228373702422145	0.0	289
0.11153846153846154	0.1	260
0.17525773195876287	0.2	97
0.20833333333333334	0.3	24
0.5	0.4	6
1.0	0.5	1
0.6666666666666666	0.6	3
0.059027777777777776	0.0	288
0.1062992125984252	0.1	254
0.18681318681318682	0.2	91
0.20588235294117646	0.3	34
0.5	0.4	8
0.6	0.5	5
0.07395498392282958	0.0	311
0.11158798283261803	0.1	233
0.13978494623655913	0.2	93
0.2647058823529412	0.3	34
0.16666666666666666	0.4	6
1.0	0.5	3
0.0627177700348432	0.0	287
0.11764705882352941	0.1	238
0.14	0.2	100
0.21428571428571427	0.3	42
0.2222222222222222	0.4	9
1.0	0.5	3
1.0	0.6	1
0.06535947712418301	0.0	306
0.10655737704918032	0.1	244
0.1686746987951807	0.2	83
0.2571428571428571	0.3	35
0.3333333333333333	0.4	6
0.6666666666666666	0.5	3
0.6666666666666666	0.6	3
0.06885245901639345	0.0	305
0.10887096774193548	0.1	248
0.13953488372093023	0.2	86
0.26666666666666666	0.3	30
0.6666666666666666	0.4	6
0.5	0.5	2
0.6666666666666666	0.6	3
0.06405693950177936	0.0	281
0.11836734693877551	0.1	245
0.13513513513513514	0.2	111
0.25	0.3	32
0.14285714285714285	0.4	7
1.0	0.5	3
1.0	0.6	1
0.07042253521126761	0.0	284
0.11068702290076336	0.1	262
0.14	0.2	100
0.32	0.3	25
0.0	0.4	4
0.8	0.5	5
0.06802721088435375	0.0	294
0.1	0.1	230
0.16666666666666666	0.2	102
0.23255813953488372	0.3	43
0.14285714285714285	0.4	7
1.0	0.5	3
1.0	0.6	1
0.06159420289855073	0.0	276
0.125	0.1	264
0.11702127659574468	0.2	94
0.23529411764705882	0.3	34
0.3333333333333333	0.4	9
1.0	0.5	2
1.0	0.6	1
0.08637873754152824	0.0	301
0.08979591836734693	0.1	245
0.14130434782608695	0.2	92
0.29411764705882354	0.3	34
0.42857142857142855	0.4	7
1.0	0.5	1
0.07236842105263158	0.0	304
0.10344827586206896	0.1	232
0.16666666666666666	0.2	102
0.24242424242424243	0.3	33
0.16666666666666666	0.4	6
1.0	0.5	3
0.06375838926174497	0.0	298
0.0954356846473029	0.1	241
0.20833333333333334	0.2	96
0.19444444444444445	0.3	36
0.5	0.4	4
0.8	0.5	5
0.07534246575342465	0.0	292
0.09876543209876543	0.1	243
0.17647058823529413	0.2	102
0.12903225806451613	0.3	31
0.625	0.4	8
0.5	0.5	4
0.07643312101910828	0.0	314
0.1038961038961039	0.1	231
0.16666666666666666	0.2	102
0.24	0.3	25
0.25	0.4	4
0.6666666666666666	0.5	3
1.0	0.6	1
0.06209150326797386	0.0	306
0.10655737704918032	0.1	244
0.20224719101123595	0.2	89
0.2	0.3	30
0.2857142857142857	0.4	7
1.0	0.5	4
0.0683453237410072	0.0	278
0.10276679841897234	0.1	253
0.16346153846153846	0.2	104
0.22857142857142856	0.3	35
0.2857142857142857	0.4	7
1.0	0.5	2
1.0	0.6	1
0.07017543859649122	0.0	285
0.10975609756097561	0.1	246
0.14018691588785046	0.2	107
0.22857142857142856	0.3	35
0.5	0.4	4
1.0	0.5	3
0.08417508417508418	0.0	297
0.0759493670886076	0.1	237
0.18556701030927836	0.2	97
0.2571428571428571	0.3	35
0.2	0.4	10
0.6666666666666666	0.5	3
1.0	0.6	1
0.06390977443609022	0.0	266
0.11406844106463879	0.1	263
0.11224489795918367	0.2	98
0.25	0.3	40
0.4444444444444444	0.4	9
0.6666666666666666	0.5	3
1.0	0.6	1
0.05454545454545454	0.0	275
0.11857707509881422	0.1	253
0.16822429906542055	0.2	107
0.20588235294117646	0.3	34
0.14285714285714285	0.4	7
1.0	0.5	3
1.0	0.6	1
0.0707070707070707	0.0	297
0.09871244635193133	0.1	233
0.1568627450980392	0.2	102
0.22857142857142856	0.3	35
0.3333333333333333	0.4	9
1.0	0.5	3
1.0	0.6	1
0.07857142857142857	0.0	280
0.10344827586206896	0.1	261
0.12871287128712872	0.2	101
0.2857142857142857	0.3	28
0.2857142857142857	0.4	7
1.0	0.5	2
1.0	0.6	1
0.0726643598615917	0.0	289
0.1	0.1	240
0.1326530612244898	0.2	98
0.3157894736842105	0.3	38
0.16666666666666666	0.4	12
1.0	0.5	2
1.0	0.6	1
0.07241379310344828	0.0	290
0.09561752988047809	0.1	251
0.16831683168316833	0.2	101
0.2222222222222222	0.3	27
0.6666666666666666	0.4	6
0.5	0.5	4
1.0	0.6	1
0.06643356643356643	0.0	286
0.10504201680672269	0.1	238
0.14423076923076922	0.2	104
0.2564102564102564	0.3	39
0.2857142857142857	0.4	7
0.5	0.5	4
1.0	0.6	2
0.07368421052631578	0.0	285
0.10843373493975904	0.1	249
0.13	0.2	100
0.2631578947368421	0.3	38
0.3333333333333333	0.4	6
1.0	0.5	2
0.07167235494880546	0.0	293
0.10569105691056911	0.1	246
0.15053763440860216	0.2	93
0.2571428571428571	0.3	35
0.2727272727272727	0.4	11
1.0	0.5	1
1.0	0.6	1
0.06690140845070422	0.0	284
0.11538461538461539	0.1	260
0.12222222222222222	0.2	90
0.2631578947368421	0.3	38
0.5	0.4	6
1.0	0.5	2
0.06007067137809187	0.0	283
0.11328125	0.1	256
0.17204301075268819	0.2	93
0.21621621621621623	0.3	37
0.3333333333333333	0.4	6
0.6	0.5	5
0.06306306306306306	0.0	333
0.1111111111111111	0.1	225
0.17721518987341772	0.2	79
0.28125	0.3	32
0.16666666666666666	0.4	6
1.0	0.5	4
1.0	0.6	1
0.07260726072607261	0.0	303
0.10256410256410256	0.1	234
0.14	0.2	100
0.30303030303030304	0.3	33
0.2	0.4	5
0.75	0.5	4
1.0	0.6	1
0.06289308176100629	0.0	318
0.10683760683760683	0.1	234
0.19540229885057472	0.2	87
0.25806451612903225	0.3	31
0.3333333333333333	0.4	6
0.6666666666666666	0.5	3
1.0	0.6	1
0.07167235494880546	0.0	293
0.11244979919678715	0.1	249
0.11363636363636363	0.2	88
0.2631578947368421	0.3	38
0.25	0.4	8
1.0	0.5	2
1.0	0.6	2
0.06521739130434782	0.0	276
0.10612244897959183	0.1	245
0.13725490196078433	0.2	102
0.2608695652173913	0.3	46
0.16666666666666666	0.4	6
0.6666666666666666	0.5	3
1.0	0.6	2
0.07255520504731862	0.0	317
0.08823529411764706	0.1	238
0.18518518518518517	0.2	81
0.3125	0.3	32
0.3333333333333333	0.4	6
0.5	0.5	4
1.0	0.6	2
0.0576271186440678	0.0	295
0.11020408163265306	0.1	245
0.17045454545454544	0.2	88
0.23076923076923078	0.3	39
0.5	0.4	8
0.6666666666666666	0.5	3
0.5	0.6	2
0.06440677966101695	0.0	295
0.11693548387096774	0.1	248
0.12	0.2	100
0.37037037037037035	0.3	27
0.375	0.4	8
1.0	0.5	2
0.059233449477351915	0.0	287
0.125	0.1	240
0.1308411214953271	0.2	107
0.22857142857142856	0.3	35
0.42857142857142855	0.4	7
0.6666666666666666	0.5	3
1.0	0.6	1
0.0707070707070707	0.0	297
0.11885245901639344	0.1	244
0.1326530612244898	0.2	98
0.21875	0.3	32
0.4	0.4	5
0.75	0.5	4
0.06506849315068493	0.0	292
0.11428571428571428	0.1	245
0.14893617021276595	0.2	94
0.2564102564102564	0.3	39
0.14285714285714285	0.4	7
1.0	0.5	3
0.08013937282229965	0.0	287
0.09236947791164658	0.1	249
0.16666666666666666	0.2	102
0.21212121212121213	0.3	33
0.3333333333333333	0.4	6
1.0	0.5	3
0.0657439446366782	0.0	289
0.11063829787234042	0.1	235
0.12149532710280374	0.2	107
0.2777777777777778	0.3	36
0.42857142857142855	0.4	7
0.5	0.5	4
1.0	0.6	2
0.0657439446366782	0.0	289
0.10756972111553785	0.1	251
0.18556701030927836	0.2	97
0.17647058823529413	0.3	34
0.2	0.4	5
1.0	0.5	3
1.0	0.6	1
0.06962025316455696	0.0	316
0.11570247933884298	0.1	242
0.14942528735632185	0.2	87
0.2857142857142857	0.3	28
0.5714285714285714	0.4	7
0.06907894736842106	0.0	304
0.09836065573770492	0.1	244
0.1935483870967742	0.2	93
0.20689655172413793	0.3	29
0.5	0.4	4
0.6666666666666666	0.5	3
0.6666666666666666	0.6	3
0.08358208955223881	0.0	335
0.09292035398230089	0.1	226
0.1744186046511628	0.2	86
0.23076923076923078	0.3	26
0.3333333333333333	0.4	3
1.0	0.5	4
0.06593406593406594	0.0	273
0.11764705882352941	0.1	255
0.14150943396226415	0.2	106
0.16666666666666666	0.3	36
0.5	0.4	8
1.0	0.5	2
0.06528189910979229	0.0	337
0.12334801762114538	0.1	227
0.16883116883116883	0.2	77
0.27586206896551724	0.3	29
0.14285714285714285	0.4	7
1.0	0.5	3
0.06934306569343066	0.0	274
0.09923664122137404	0.1	262
0.18556701030927836	0.2	97
0.19444444444444445	0.3	36
0.4444444444444444	0.4	9
0.5	0.5	2
0.07931034482758621	0.0	290
0.09465020576131687	0.1	243
0.14285714285714285	0.2	98
0.2222222222222222	0.3	36
0.3333333333333333	0.4	6
0.75	0.5	4
0.6666666666666666	0.6	3
0.07857142857142857	0.0	280
0.08764940239043825	0.1	251
0.17	0.2	100
0.2	0.3	40
0.6	0.4	5
0.6666666666666666	0.5	3
1.0	0.6	1
0.06643356643356643	0.0	286
0.11020408163265306	0.1	245
0.15	0.2	100
0.21052631578947367	0.3	38
0.4	0.4	5
0.6	0.5	5
1.0	0.6	1
0.07028753993610223	0.0	313
0.11637931034482758	0.1	232
0.11235955056179775	0.2	89
0.3333333333333333	0.3	33
0.1111111111111111	0.4	9
1.0	0.5	3
1.0	0.6	1
0.07763975155279502	0.0	322
0.11255411255411256	0.1	231
0.13829787234042554	0.2	94
0.25925925925925924	0.3	27
0.5	0.4	4
1.0	0.5	2
0.060810810810810814	0.0	296
0.12355212355212356	0.1	259
0.16279069767441862	0.2	86
0.16666666666666666	0.3	30
0.5	0.4	6
1.0	0.5	3
0.06060606060606061	0.0	297
0.11864406779661017	0.1	236
0.12631578947368421	0.2	95
0.2926829268292683	0.3	41
0.16666666666666666	0.4	6
0.75	0.5	4
1.0	0.6	1
0.061855670103092786	0.0	291
0.10699588477366255	0.1	243
0.17	0.2	100
0.1935483870967742	0.3	31
0.4	0.4	10
0.6666666666666666	0.5	3
1.0	0.6	2
0.06338028169014084	0.0	284
0.10887096774193548	0.1	248
0.13861386138613863	0.2	101
0.2972972972972973	0.3	37
0.16666666666666666	0.4	6
1.0	0.5	3
1.0	0.6	1
0.07746478873239436	0.0	284
0.099601593625498	0.1	251
0.11578947368421053	0.2	95
0.32432432432432434	0.3	37
0.3333333333333333	0.4	9
0.3333333333333333	0.5	3
1.0	0.6	1
0.06578947368421052	0.0	304
0.11788617886178862	0.1	246
0.15625	0.2	96
0.25	0.3	28
0.6666666666666666	0.4	6
0.07534246575342465	0.0	292
0.09486166007905138	0.1	253
0.18181818181818182	0.2	88
0.2	0.3	40
0.8	0.4	5
0.5	0.5	2
0.06428571428571428	0.0	280
0.11155378486055777	0.1	251
0.14423076923076922	0.2	104
0.29411764705882354	0.3	34
0.0	0.4	6
0.75	0.5	4
1.0	0.6	1
0.06204379562043796	0.0	274
0.11155378486055777	0.1	251
0.1588785046728972	0.2	107
0.20512820512820512	0.3	39
0.42857142857142855	0.4	7
1.0	0.5	2
0.06859205776173286	0.0	277
0.104	0.1	250
0.1553398058252427	0.2	103
0.21052631578947367	0.3	38
0.25	0.4	8
1.0	0.5	3
1.0	0.6	1
0.0763888888888889	0.0	288
0.096	0.1	250
0.15384615384615385	0.2	91
0.2	0.3	40
0.5	0.4	4
0.75	0.5	4
0.6666666666666666	0.6	3
0.0673758865248227	0.0	282
0.0954356846473029	0.1	241
0.18627450980392157	0.2	102
0.19047619047619047	0.3	42
0.25	0.4	8
0.5	0.5	2
1.0	0.6	3
0.06529209621993128	0.0	291
0.10441767068273092	0.1	249
0.16	0.2	100
0.3103448275862069	0.3	29
0.25	0.4	8
1.0	0.5	2
1.0	0.6	1
0.060714285714285714	0.0	280
0.1111111111111111	0.1	243
0.14285714285714285	0.2	105
0.21052631578947367	0.3	38
0.5	0.4	8
0.5	0.5	4
1.0	0.6	2
0.06620209059233449	0.0	287
0.10204081632653061	0.1	245
0.16037735849056603	0.2	106
0.25	0.3	32
0.5	0.4	6
0.75	0.5	4
0.0695970695970696	0.0	273
0.10505836575875487	0.1	257
0.1346153846153846	0.2	104
0.2647058823529412	0.3	34
0.3333333333333333	0.4	6
0.5	0.5	4
1.0	0.6	2
0.0695364238410596	0.0	302
0.11440677966101695	0.1	236
0.12359550561797752	0.2	89
0.2619047619047619	0.3	42
0.25	0.4	8
1.0	0.5	3
0.07457627118644068	0.0	295
0.09205020920502092	0.1	239
0.19	0.2	100
0.21621621621621623	0.3	37
0.16666666666666666	0.4	6
1.0	0.5	1
1.0	0.6	2
0.08389261744966443	0.0	298
0.08713692946058091	0.1	241
0.16666666666666666	0.2	96
0.22857142857142856	0.3	35
0.2857142857142857	0.4	7
1.0	0.5	3
0.06020066889632107	0.0	299
0.12015503875968993	0.1	258
0.14285714285714285	0.2	77
0.2571428571428571	0.3	35
0.42857142857142855	0.4	7
0.75	0.5	4
0.06228373702422145	0.0	289
0.11290322580645161	0.1	248
0.13829787234042554	0.2	94
0.2702702702702703	0.3	37
0.42857142857142855	0.4	7
0.3333333333333333	0.5	3
1.0	0.6	2
0.07407407407407407	0.0	324
0.10599078341013825	0.1	217
0.17346938775510204	0.2	98
0.25	0.3	32
0.0	0.4	5
1.0	0.5	2
0.5	0.6	2
0.06375838926174497	0.0	298
0.10655737704918032	0.1	244
0.17894736842105263	0.2	95
0.24242424242424243	0.3	33
0.4	0.4	5
0.5	0.5	4
1.0	0.6	1
0.06666666666666667	0.0	285
0.11553784860557768	0.1	251
0.11224489795918367	0.2	98
0.2903225806451613	0.3	31
0.2222222222222222	0.4	9
0.75	0.5	4
1.0	0.6	2
0.0707395498392283	0.0	311
0.11440677966101695	0.1	236
0.11363636363636363	0.2	88
0.3142857142857143	0.3	35
0.2	0.4	5
0.75	0.5	4
1.0	0.6	1
0.0802675585284281	0.0	299
0.08620689655172414	0.1	232
0.14432989690721648	0.2	97
0.28205128205128205	0.3	39
0.2857142857142857	0.4	7
0.5	0.5	4
1.0	0.6	2
0.06840390879478828	0.0	307
0.10970464135021098	0.1	237
0.12222222222222222	0.2	90
0.3142857142857143	0.3	35
0.4	0.4	5
0.5	0.5	4
1.0	0.6	2
0.0683453237410072	0.0	278
0.09885931558935361	0.1	263
0.1797752808988764	0.2	89
0.19444444444444445	0.3	36
0.375	0.4	8
0.3333333333333333	0.5	3
1.0	0.6	3
0.061855670103092786	0.0	291
0.10483870967741936	0.1	248
0.17204301075268819	0.2	93
0.2571428571428571	0.3	35
0.36363636363636365	0.4	11
1.0	0.5	2
0.0782312925170068	0.0	294
0.10655737704918032	0.1	244
0.1346153846153846	0.2	104
0.21428571428571427	0.3	28
0.5	0.4	6
1.0	0.5	1
0.6666666666666666	0.6	3
0.06774193548387097	0.0	310
0.1078838174273859	0.1	241
0.15730337078651685	0.2	89
0.23333333333333334	0.3	30
0.6666666666666666	0.4	6
0.75	0.5	4
0.0711864406779661	0.0	295
0.10256410256410256	0.1	234
0.1523809523809524	0.2	105
0.22857142857142856	0.3	35
0.4	0.4	5
0.6666666666666666	0.5	3
0.6666666666666666	0.6	3
0.0891089108910891	0.0	303
0.09210526315789473	0.1	228
0.10204081632653061	0.2	98
0.275	0.3	40
0.42857142857142855	0.4	7
0.5	0.5	2
1.0	0.6	2
0.0784313725490196	0.0	306
0.09205020920502092	0.1	239
0.13829787234042554	0.2	94
0.36666666666666664	0.3	30
0.3333333333333333	0.4	6
0.6	0.5	5
0.0744336569579288	0.0	309
0.11392405063291139	0.1	237
0.10989010989010989	0.2	91
0.3235294117647059	0.3	34
0.375	0.4	8
1.0	0.5	1
0.0547945205479452	0.0	292
0.10887096774193548	0.1	248
0.17894736842105263	0.2	95
0.2857142857142857	0.3	35
0.16666666666666666	0.4	6
1.0	0.5	2
1.0	0.6	2
0.06418918918918919	0.0	296
0.10775862068965517	0.1	232
0.16666666666666666	0.2	102
0.18421052631578946	0.3	38
0.2857142857142857	0.4	7
1.0	0.5	4
1.0	0.6	1
0.06506849315068493	0.0	292
0.11065573770491803	0.1	244
0.14583333333333334	0.2	96
0.2631578947368421	0.3	38
0.3333333333333333	0.4	6
0.75	0.5	4
0.0625	0.0	304
0.12236286919831224	0.1	237
0.13186813186813187	0.2	91
0.23529411764705882	0.3	34
0.4	0.4	10
0.6666666666666666	0.5	3
1.0	0.6	1
0.06796116504854369	0.0	309
0.12389380530973451	0.1	226
0.1134020618556701	0.2	97
0.2702702702702703	0.3	37
0.2	0.4	5
0.5	0.5	4
1.0	0.6	2
0.06296296296296296	0.0	270
0.1115702479338843	0.1	242
0.13157894736842105	0.2	114
0.2619047619047619	0.3	42
0.125	0.4	8
1.0	0.5	3
1.0	0.6	1
0.06752411575562701	0.0	311
0.10126582278481013	0.1	237
0.18085106382978725	0.2	94
0.3076923076923077	0.3	26
0.25	0.4	8
0.75	0.5	4
0.07516339869281045	0.0	306
0.0954356846473029	0.1	241
0.15294117647058825	0.2	85
0.2631578947368421	0.3	38
0.3333333333333333	0.4	6
1.0	0.5	3
1.0	0.6	1
0.05338078291814947	0.0	281
0.12096774193548387	0.1	248
0.1568627450980392	0.2	102
0.23684210526315788	0.3	38
0.16666666666666666	0.4	6
0.75	0.5	4
1.0	0.6	1
0.06620209059233449	0.0	287
0.1015625	0.1	256
0.16853932584269662	0.2	89
0.25	0.3	36
0.375	0.4	8
0.6666666666666666	0.5	3
1.0	0.6	1
0.05755395683453238	0.0	278
0.1225296442687747	0.1	253
0.13	0.2	100
0.2972972972972973	0.3	37
0.1111111111111111	0.4	9
1.0	0.5	2
1.0	0.6	1
0.08387096774193549	0.0	310
0.08849557522123894	0.1	226
0.16037735849056603	0.2	106
0.2413793103448276	0.3	29
0.3333333333333333	0.4	6
1.0	0.5	3
0.09235668789808917	0.0	314
0.09565217391304348	0.1	230
0.13402061855670103	0.2	97
0.22580645161290322	0.3	31
0.2	0.4	5
1.0	0.5	3
0.08389261744966443	0.0	298
0.10317460317460317	0.1	252
0.14432989690721648	0.2	97
0.24	0.3	25
0.25	0.4	4
0.75	0.5	4
0.05555555555555555	0.0	288
0.12903225806451613	0.1	248
0.12371134020618557	0.2	97
0.2777777777777778	0.3	36
0.2857142857142857	0.4	7
0.5	0.5	2
1.0	0.6	2
0.06840390879478828	0.0	307
0.1134453781512605	0.1	238
0.13829787234042554	0.2	94
0.3125	0.3	32
0.0	0.4	5
1.0	0.5	4
0.0625	0.0	304
0.12448132780082988	0.1	241
0.14432989690721648	0.2	97
0.23333333333333334	0.3	30
0.5	0.4	6
1.0	0.5	2
0.06569343065693431	0.0	274
0.11904761904761904	0.1	252
0.11320754716981132	0.2	106
0.225	0.3	40
0.6666666666666666	0.4	3
0.8	0.5	5
0.0683453237410072	0.0	278
0.1016260162601626	0.1	246
0.14285714285714285	0.2	112
0.3	0.3	30
0.2222222222222222	0.4	9
0.6666666666666666	0.5	3
1.0	0.6	2
0.06228373702422145	0.0	289
0.11290322580645161	0.1	248
0.15841584158415842	0.2	101
0.23333333333333334	0.3	30
0.3333333333333333	0.4	9
1.0	0.5	3
0.07046979865771812	0.0	298
0.11440677966101695	0.1	236
0.12121212121212122	0.2	99
0.25	0.3	36
0.5	0.4	6
0.75	0.5	4
0.0	0.6	1
0.0625	0.0	304
0.11790393013100436	0.1	229
0.16326530612244897	0.2	98
0.20512820512820512	0.3	39
0.25	0.4	4
0.3333333333333333	0.5	3
1.0	0.6	3
0.05964912280701754	0.0	285
0.11740890688259109	0.1	247
0.14150943396226415	0.2	106
0.25	0.3	32
0.5	0.4	4
0.5	0.5	4
1.0	0.6	2
0.065625	0.0	320
0.1036036036036036	0.1	222
0.1782178217821782	0.2	101
0.27586206896551724	0.3	29
0.5714285714285714	0.4	7
1.0	0.5	1
0.06779661016949153	0.0	295
0.10245901639344263	0.1	244
0.17647058823529413	0.2	102
0.25	0.3	32
0.5	0.4	6
1.0	0.5	1
0.06506849315068493	0.0	292
0.10931174089068826	0.1	247
0.14583333333333334	0.2	96
0.25	0.3	36
0.5	0.4	2
0.75	0.5	4
0.6666666666666666	0.6	3
0.06711409395973154	0.0	298
0.10894941634241245	0.1	257
0.1511627906976744	0.2	86
0.27586206896551724	0.3	29
0.42857142857142855	0.4	7
1.0	0.5	2
1.0	0.6	1
0.06484641638225255	0.0	293
0.1	0.1	240
0.18085106382978725	0.2	94
0.225	0.3	40
0.2857142857142857	0.4	7
0.3333333333333333	0.5	3
1.0	0.6	3
0.06779661016949153	0.0	295
0.108	0.1	250
0.13186813186813187	0.2	91
0.3125	0.3	32
0.3333333333333333	0.4	6
0.6666666666666666	0.5	3
0.6666666666666666	0.6	3
0.07042253521126761	0.0	284
0.1062992125984252	0.1	254
0.16304347826086957	0.2	92
0.18421052631578946	0.3	38
0.16666666666666666	0.4	6
0.8	0.5	5
1.0	0.6	1
0.06363636363636363	0.0	330
0.11711711711711711	0.1	222
0.17045454545454544	0.2	88
0.22580645161290322	0.3	31
0.5	0.4	4
0.8	0.5	5
0.07094594594594594	0.0	296
0.10441767068273092	0.1	249
0.13333333333333333	0.2	90
0.3333333333333333	0.3	36
0.16666666666666666	0.4	6
1.0	0.5	2
1.0	0.6	1
0.07241379310344828	0.0	290
0.11290322580645161	0.1	248
0.12222222222222222	0.2	90
0.23809523809523808	0.3	42
0.16666666666666666	0.4	6
1.0	0.5	3
1.0	0.6	1
0.07669616519174041	0.0	339
0.11013215859030837	0.1	227
0.13414634146341464	0.2	82
0.36	0.3	25
0.25	0.4	4
1.0	0.5	2
1.0	0.6	1
0.08108108108108109	0.0	296
0.09448818897637795	0.1	254
0.15053763440860216	0.2	93
0.2857142857142857	0.3	28
0.3333333333333333	0.4	3
0.6666666666666666	0.5	3
0.6666666666666666	0.6	3
0.06716417910447761	0.0	268
0.11328125	0.1	256
0.1308411214953271	0.2	107
0.23684210526315788	0.3	38
0.25	0.4	8
1.0	0.5	3
0.059233449477351915	0.0	287
0.10483870967741936	0.1	248
0.18867924528301888	0.2	106
0.17857142857142858	0.3	28
0.5714285714285714	0.4	7
0.6666666666666666	0.5	3
1.0	0.6	1
0.0967741935483871	0.0	279
0.07392996108949416	0.1	257
0.16304347826086957	0.2	92
0.20930232558139536	0.3	43
0.2	0.4	5
1.0	0.5	4
0.06227106227106227	0.0	273
0.1111111111111111	0.1	252
0.1326530612244898	0.2	98
0.2558139534883721	0.3	43
0.25	0.4	8
0.6	0.5	5
1.0	0.6	1
0.08243727598566308	0.0	279
0.08979591836734693	0.1	245
0.14285714285714285	0.2	98
0.2222222222222222	0.3	45
0.2857142857142857	0.4	7
0.3333333333333333	0.5	3
1.0	0.6	3
0.061371841155234655	0.0	277
0.109375	0.1	256
0.14285714285714285	0.2	98
0.29411764705882354	0.3	34
0.18181818181818182	0.4	11
1.0	0.5	3
1.0	0.6	1
0.0763888888888889	0.0	288
0.09274193548387097	0.1	248
0.16129032258064516	0.2	93
0.2619047619047619	0.3	42
0.2	0.4	5
0.75	0.5	4
0.054945054945054944	0.0	273
0.11428571428571428	0.1	245
0.1574074074074074	0.2	108
0.21428571428571427	0.3	42
0.25	0.4	8
1.0	0.5	3
1.0	0.6	1
0.06428571428571428	0.0	280
0.11740890688259109	0.1	247
0.10891089108910891	0.2	101
0.27906976744186046	0.3	43
0.3333333333333333	0.4	6
1.0	0.5	2
1.0	0.6	1
0.05904059040590406	0.0	271
0.1067193675889328	0.1	253
0.15384615384615385	0.2	104
0.25	0.3	40
0.25	0.4	8
1.0	0.5	3
1.0	0.6	1
0.07692307692307693	0.0	312
0.09282700421940929	0.1	237
0.1511627906976744	0.2	86
0.24242424242424243	0.3	33
0.7142857142857143	0.4	7
0.5	0.5	4
1.0	0.6	1
0.07987220447284345	0.0	313
0.1038961038961039	0.1	231
0.13829787234042554	0.2	94
0.2571428571428571	0.3	35
0.0	0.4	2
0.8	0.5	5
0.07165109034267912	0.0	321
0.10504201680672269	0.1	238
0.17582417582417584	0.2	91
0.2608695652173913	0.3	23
0.5	0.4	4
1.0	0.5	3
0.06007067137809187	0.0	283
0.10330578512396695	0.1	242
0.16666666666666666	0.2	102
0.28205128205128205	0.3	39
0.1111111111111111	0.4	9
0.75	0.5	4
1.0	0.6	1
0.07586206896551724	0.0	290
0.1	0.1	250
0.15217391304347827	0.2	92
0.2222222222222222	0.3	36
0.42857142857142855	0.4	7
0.6	0.5	5
0.06273062730627306	0.0	271
0.10196078431372549	0.1	255
0.1523809523809524	0.2	105
0.2647058823529412	0.3	34
0.3333333333333333	0.4	9
0.5	0.5	4
1.0	0.6	2
0.07308970099667775	0.0	301
0.0975609756097561	0.1	246
0.18604651162790697	0.2	86
0.23076923076923078	0.3	39
0.2	0.4	5
1.0	0.5	2
1.0	0.6	1
0.06859205776173286	0.0	277
0.10116731517509728	0.1	257
0.1702127659574468	0.2	94
0.21428571428571427	0.3	42
0.3333333333333333	0.4	6
0.75	0.5	4
0.06790123456790123	0.0	324
0.12173913043478261	0.1	230
0.15217391304347827	0.2	92
0.25	0.3	24
0.16666666666666666	0.4	6
1.0	0.5	4
0.07331378299120235	0.0	341
0.10476190476190476	0.1	210
0.15730337078651685	0.2	89
0.3	0.3	30
0.3333333333333333	0.4	6
0.5	0.5	2
1.0	0.6	2
0.06622516556291391	0.0	302
0.11382113821138211	0.1	246
0.16666666666666666	0.2	84
0.21052631578947367	0.3	38
0.375	0.4	8
1.0	0.5	2
0.07326007326007326	0.0	273
0.0984251968503937	0.1	254
0.14678899082568808	0.2	109
0.25806451612903225	0.3	31
0.2857142857142857	0.4	7
0.6	0.5	5
1.0	0.6	1
0.06382978723404255	0.0	282
0.11382113821138211	0.1	246
0.1568627450980392	0.2	102
0.1951219512195122	0.3	41
0.3333333333333333	0.4	6
1.0	0.5	2
1.0	0.6	1
0.06896551724137931	0.0	290
0.10699588477366255	0.1	243
0.14736842105263157	0.2	95
0.21951219512195122	0.3	41
0.2857142857142857	0.4	7
1.0	0.5	4
0.076158940397351	0.0	302
0.10612244897959183	0.1	245
0.1511627906976744	0.2	86
0.19444444444444445	0.3	36
0.5	0.4	6
0.5	0.5	4
1.0	0.6	1
0.06802721088435375	0.0	294
0.11570247933884298	0.1	242
0.1134020618556701	0.2	97
0.2894736842105263	0.3	38
0.2	0.4	5
1.0	0.5	3
1.0	0.6	1
0.06535947712418301	0.0	306
0.11814345991561181	0.1	237
0.1590909090909091	0.2	88
0.19444444444444445	0.3	36
0.3333333333333333	0.4	9
0.6666666666666666	0.5	3
1.0	0.6	1
0.07092198581560284	0.0	282
0.10080645161290322	0.1	248
0.1326530612244898	0.2	98
0.28205128205128205	0.3	39
0.2857142857142857	0.4	7
0.5	0.5	4
1.0	0.6	2
0.056338028169014086	0.0	284
0.125	0.1	248
0.11224489795918367	0.2	98
0.3	0.3	40
0.16666666666666666	0.4	6
1.0	0.5	3
1.0	0.6	1
0.06405693950177936	0.0	281
0.1078838174273859	0.1	241
0.16346153846153846	0.2	104
0.2	0.3	40
0.2727272727272727	0.4	11
1.0	0.5	2
1.0	0.6	1
0.0749185667752443	0.0	307
0.08823529411764706	0.1	238
0.1875	0.2	96
0.25806451612903225	0.3	31
0.4	0.4	5
1.0	0.5	2
1.0	0.6	1
0.07741935483870968	0.0	310
0.09787234042553192	0.1	235
0.16666666666666666	0.2	90
0.24324324324324326	0.3	37
0.3333333333333333	0.4	3
0.5	0.5	4
1.0	0.6	1
0.06711409395973154	0.0	298
0.09917355371900827	0.1	242
0.16129032258064516	0.2	93
0.2702702702702703	0.3	37
0.5714285714285714	0.4	7
0.6666666666666666	0.5	3
0.06597222222222222	0.0	288
0.10546875	0.1	256
0.15053763440860216	0.2	93
0.28125	0.3	32
0.375	0.4	8
1.0	0.5	3
0.06206896551724138	0.0	290
0.11462450592885376	0.1	253
0.17	0.2	100
0.25925925925925924	0.3	27
0.25	0.4	8
1.0	0.5	2
0.0576271186440678	0.0	295
0.13008130081300814	0.1	246
0.1414141414141414	0.2	99
0.1875	0.3	32
0.75	0.4	4
0.6666666666666666	0.5	3
1.0	0.6	1
0.05136986301369863	0.0	292
0.12749003984063745	0.1	251
0.15217391304347827	0.2	92
0.18181818181818182	0.3	33
0.5	0.4	6
0.75	0.5	4
1.0	0.6	2
0.06810035842293907	0.0	279
0.092	0.1	250
0.16346153846153846	0.2	104
0.25	0.3	32
0.45454545454545453	0.4	11
0.5	0.5	2
1.0	0.6	2
0.056666666666666664	0.0	300
0.13168724279835392	0.1	243
0.14736842105263157	0.2	95
0.23529411764705882	0.3	34
0.3333333333333333	0.4	6
1.0	0.5	2
0.07220216606498195	0.0	277
0.1062992125984252	0.1	254
0.14563106796116504	0.2	103
0.24242424242424243	0.3	33
0.2	0.4	10
1.0	0.5	2
1.0	0.6	1
0.06896551724137931	0.0	290
0.1072961373390558	0.1	233
0.1559633027522936	0.2	109
0.24324324324324326	0.3	37
0.0	0.4	6
0.75	0.5	4
1.0	0.6	1
0.06711409395973154	0.0	298
0.11297071129707113	0.1	239
0.1276595744680851	0.2	94
0.2631578947368421	0.3	38
0.2857142857142857	0.4	7
1.0	0.5	3
1.0	0.6	1
0.07317073170731707	0.0	287
0.11244979919678715	0.1	249
0.1326530612244898	0.2	98
0.2	0.3	35
0.42857142857142855	0.4	7
0.75	0.5	4
0.0847457627118644	0.0	295
0.08764940239043825	0.1	251
0.16483516483516483	0.2	91
0.2571428571428571	0.3	35
0.0	0.4	4
1.0	0.5	3
1.0	0.6	1
0.05423728813559322	0.0	295
0.13991769547325103	0.1	243
0.13978494623655913	0.2	93
0.15789473684210525	0.3	38
0.2	0.4	5
0.8333333333333334	0.5	6
0.06296296296296296	0.0	270
0.11196911196911197	0.1	259
0.1320754716981132	0.2	106
0.2857142857142857	0.3	35
0.2857142857142857	0.4	7
1.0	0.5	2
1.0	0.6	1
0.06209150326797386	0.0	306
0.11788617886178862	0.1	246
0.14457831325301204	0.2	83
0.2647058823529412	0.3	34
0.3333333333333333	0.4	6
0.6666666666666666	0.5	3
1.0	0.6	2
0.058394160583941604	0.0	274
0.12195121951219512	0.1	246
0.15789473684210525	0.2	114
0.15151515151515152	0.3	33
0.375	0.4	8
0.6	0.5	5
0.06862745098039216	0.0	306
0.1111111111111111	0.1	243
0.15217391304347827	0.2	92
0.25	0.3	28
0.42857142857142855	0.4	7
0.75	0.5	4
0.0880503144654088	0.0	318
0.09417040358744394	0.1	223
0.11458333333333333	0.2	96
0.2903225806451613	0.3	31
0.375	0.4	8
0.75	0.5	4
0.0683453237410072	0.0	278
0.1076923076923077	0.1	260
0.15217391304347827	0.2	92
0.21052631578947367	0.3	38
0.25	0.4	8
1.0	0.5	3
1.0	0.6	1
0.06514657980456026	0.0	307
0.12345679012345678	0.1	243
0.13186813186813187	0.2	91
0.3	0.3	30
0.16666666666666666	0.4	6
1.0	0.5	2
1.0	0.6	1
0.05802047781569966	0.0	293
0.10756972111553785	0.1	251
0.17204301075268819	0.2	93
0.3225806451612903	0.3	31
0.125	0.4	8
1.0	0.5	3
1.0	0.6	1
0.05844155844155844	0.0	308
0.112	0.1	250
0.18823529411764706	0.2	85
0.28	0.3	25
0.25	0.4	8
1.0	0.5	3
1.0	0.6	1
0.07092198581560284	0.0	282
0.10852713178294573	0.1	258
0.16666666666666666	0.2	90
0.18421052631578946	0.3	38
0.2857142857142857	0.4	7
0.5	0.5	4
1.0	0.6	1
0.07017543859649122	0.0	285
0.1	0.1	250
0.16161616161616163	0.2	99
0.20588235294117646	0.3	34
0.375	0.4	8
1.0	0.5	3
1.0	0.6	1
0.0664451827242525	0.0	301
0.11764705882352941	0.1	238
0.14285714285714285	0.2	105
0.2692307692307692	0.3	26
0.2	0.4	5
0.8	0.5	5
0.061224489795918366	0.0	294
0.10084033613445378	0.1	238
0.19607843137254902	0.2	102
0.22857142857142856	0.3	35
0.3333333333333333	0.4	9
1.0	0.5	2
0.06007067137809187	0.0	283
0.12355212355212356	0.1	259
0.1276595744680851	0.2	94
0.25	0.3	32
0.5	0.4	8
0.0	0.5	1
0.6666666666666666	0.6	3
0.06711409395973154	0.0	298
0.10931174089068826	0.1	247
0.13793103448275862	0.2	87
0.2702702702702703	0.3	37
0.42857142857142855	0.4	7
0.75	0.5	4
0.0684931506849315	0.0	292
0.116	0.1	250
0.1368421052631579	0.2	95
0.23529411764705882	0.3	34
0.25	0.4	4
0.75	0.5	4
1.0	0.6	1
0.0625	0.0	288
0.10810810810810811	0.1	259
0.16842105263157894	0.2	95
0.2962962962962963	0.3	27
0.25	0.4	8
1.0	0.5	3
0.0706713780918728	0.0	283
0.09349593495934959	0.1	246
0.18446601941747573	0.2	103
0.21621621621621623	0.3	37
0.25	0.4	8
1.0	0.5	2
1.0	0.6	1
0.06542056074766354	0.0	321
0.13247863247863248	0.1	234
0.13333333333333333	0.2	90
0.25	0.3	28
0.5	0.4	6
1.0	0.5	1
0.07342657342657342	0.0	286
0.1076923076923077	0.1	260
0.1368421052631579	0.2	95
0.25	0.3	32
0.5	0.4	4
1.0	0.5	2
1.0	0.6	1
0.0706713780918728	0.0	283
0.1076923076923077	0.1	260
0.13861386138613863	0.2	101
0.28	0.3	25
0.4	0.4	5
0.6666666666666666	0.5	6
0.0802675585284281	0.0	299
0.09051724137931035	0.1	232
0.1553398058252427	0.2	103
0.2777777777777778	0.3	36
0.3333333333333333	0.4	9
1.0	0.5	1
0.07692307692307693	0.0	299
0.09465020576131687	0.1	243
0.16494845360824742	0.2	97
0.3	0.3	30
0.16666666666666666	0.4	6
0.6	0.5	5
0.06557377049180328	0.0	305
0.09881422924901186	0.1	253
0.19540229885057472	0.2	87
0.3076923076923077	0.3	26
0.2	0.4	5
1.0	0.5	2
1.0	0.6	2
0.07348242811501597	0.0	313
0.102880658436214	0.1	243
0.13580246913580246	0.2	81
0.36363636363636365	0.3	33
0.2	0.4	5
0.3333333333333333	0.5	3
1.0	0.6	2
0.07641196013289037	0.0	301
0.102880658436214	0.1	243
0.1134020618556701	0.2	97
0.4	0.3	30
0.0	0.4	4
0.75	0.5	4
1.0	0.6	1
0.06287425149700598	0.0	334
0.13392857142857142	0.1	224
0.10465116279069768	0.2	86
0.37037037037037035	0.3	27
0.5555555555555556	0.4	9
0.07120743034055728	0.0	323
0.10222222222222223	0.1	225
0.175	0.2	80
0.24390243902439024	0.3	41
0.25	0.4	8
1.0	0.5	3
0.07260726072607261	0.0	303
0.09090909090909091	0.1	231
0.1782178217821782	0.2	101
0.21875	0.3	32
0.4	0.4	10
1.0	0.5	2
1.0	0.6	1
0.07508532423208192	0.0	293
0.092	0.1	250
0.2	0.2	90
0.1891891891891892	0.3	37
0.16666666666666666	0.4	6
1.0	0.5	3
1.0	0.6	1
0.07191780821917808	0.0	292
0.10743801652892562	0.1	242
0.11	0.2	100
0.3235294117647059	0.3	34
0.2857142857142857	0.4	7
0.5	0.5	2
1.0	0.6	3
0.07958477508650519	0.0	289
0.08695652173913043	0.1	253
0.2087912087912088	0.2	91
0.16216216216216217	0.3	37
0.4	0.4	5
0.5	0.5	4
1.0	0.6	1
0.06382978723404255	0.0	282
0.10975609756097561	0.1	246
0.13541666666666666	0.2	96
0.26666666666666666	0.3	45
0.25	0.4	8
1.0	0.5	2
1.0	0.6	1
0.06143344709897611	0.0	293
0.10843373493975904	0.1	249
0.15294117647058825	0.2	85
0.2727272727272727	0.3	44
0.2	0.4	5
1.0	0.5	4
0.0728862973760933	0.0	343
0.11059907834101383	0.1	217
0.15853658536585366	0.2	82
0.2857142857142857	0.3	28
0.375	0.4	8
1.0	0.5	1
1.0	0.6	1
0.06293706293706294	0.0	286
0.11857707509881422	0.1	253
0.125	0.2	88
0.25	0.3	40
0.375	0.4	8
0.3333333333333333	0.5	3
1.0	0.6	2
0.06840390879478828	0.0	307
0.1037344398340249	0.1	241
0.17582417582417584	0.2	91
0.25806451612903225	0.3	31
0.5	0.4	6
0.5	0.5	4
0.0683453237410072	0.0	278
0.10887096774193548	0.1	248
0.16161616161616163	0.2	99
0.18604651162790697	0.3	43
0.125	0.4	8
1.0	0.5	3
1.0	0.6	1
0.06007067137809187	0.0	283
0.11969111969111969	0.1	259
0.15384615384615385	0.2	91
0.22857142857142856	0.3	35
0.14285714285714285	0.4	7
0.75	0.5	4
1.0	0.6	1
0.07903780068728522	0.0	291
0.11023622047244094	0.1	254
0.10638297872340426	0.2	94
0.3125	0.3	32
0.25	0.4	4
0.5	0.5	4
1.0	0.6	1
0.0673758865248227	0.0	282
0.102880658436214	0.1	243
0.14705882352941177	0.2	102
0.23809523809523808	0.3	42
0.4	0.4	5
0.3333333333333333	0.5	3
1.0	0.6	3
0.06968641114982578	0.0	287
0.10887096774193548	0.1	248
0.14285714285714285	0.2	98
0.23529411764705882	0.3	34
0.25	0.4	8
0.6666666666666666	0.5	3
1.0	0.6	2
0.06711409395973154	0.0	298
0.12083333333333333	0.1	240
0.12	0.2	100
0.25806451612903225	0.3	31
0.3333333333333333	0.4	6
0.6666666666666666	0.5	3
1.0	0.6	2
0.07692307692307693	0.0	286
0.0967741935483871	0.1	248
0.16161616161616163	0.2	99
0.2	0.3	35
0.375	0.4	8
0.5	0.5	2
1.0	0.6	2
0.06756756756756757	0.0	296
0.1037344398340249	0.1	241
0.16161616161616163	0.2	99
0.2777777777777778	0.3	36
0.3333333333333333	0.4	6
1.0	0.5	2
0.06818181818181818	0.0	308
0.11255411255411256	0.1	231
0.16091954022988506	0.2	87
0.2	0.3	45
0.2	0.4	5
1.0	0.5	3
1.0	0.6	1
0.06007067137809187	0.0	283
0.11522633744855967	0.1	243
0.14285714285714285	0.2	98
0.2558139534883721	0.3	43
0.1111111111111111	0.4	9
1.0	0.5	3
1.0	0.6	1
0.05825242718446602	0.0	309
0.12	0.1	225
0.14285714285714285	0.2	91
0.26666666666666666	0.3	45
0.2	0.4	5
0.75	0.5	4
1.0	0.6	1
0.06397306397306397	0.0	297
0.12096774193548387	0.1	248
0.125	0.2	88
0.25	0.3	36
0.375	0.4	8
1.0	0.5	3
0.06028368794326241	0.0	282
0.09881422924901186	0.1	253
0.21428571428571427	0.2	98
0.16666666666666666	0.3	36
0.5	0.4	6
0.3333333333333333	0.5	3
1.0	0.6	2
0.06785714285714285	0.0	280
0.11788617886178862	0.1	246
0.11764705882352941	0.2	102
0.23255813953488372	0.3	43
0.2	0.4	5
1.0	0.5	3
1.0	0.6	1
0.06472491909385113	0.0	309
0.11934156378600823	0.1	243
0.14285714285714285	0.2	91
0.3	0.3	30
0.25	0.4	4
1.0	0.5	3
0.07432432432432433	0.0	296
0.09205020920502092	0.1	239
0.18181818181818182	0.2	99
0.25	0.3	36
0.0	0.4	5
0.8	0.5	5
0.06405693950177936	0.0	281
0.10931174089068826	0.1	247
0.17142857142857143	0.2	105
0.20512820512820512	0.3	39
0.42857142857142855	0.4	7
1.0	0.5	1
0.07516339869281045	0.0	306
0.1037344398340249	0.1	241
0.17346938775510204	0.2	98
0.18518518518518517	0.3	27
0.4	0.4	5
1.0	0.5	2
1.0	0.6	1
0.06440677966101695	0.0	295
0.10358565737051793	0.1	251
0.18888888888888888	0.2	90
0.20588235294117646	0.3	34
0.5	0.4	6
0.5	0.5	2
1.0	0.6	2
0.06711409395973154	0.0	298
0.10655737704918032	0.1	244
0.14432989690721648	0.2	97
0.3225806451612903	0.3	31
0.375	0.4	8
1.0	0.5	2
0.0627177700348432	0.0	287
0.11570247933884298	0.1	242
0.13541666666666666	0.2	96
0.21428571428571427	0.3	42
0.3333333333333333	0.4	9
1.0	0.5	3
1.0	0.6	1
0.06451612903225806	0.0	310
0.10833333333333334	0.1	240
0.16091954022988506	0.2	87
0.2727272727272727	0.3	33
0.4	0.4	5
0.8	0.5	5
0.07168458781362007	0.0	279
0.10441767068273092	0.1	249
0.1509433962264151	0.2	106
0.25	0.3	36
0.0	0.4	5
0.75	0.5	4
1.0	0.6	1
0.075	0.0	320
0.1059322033898305	0.1	236
0.19480519480519481	0.2	77
0.15384615384615385	0.3	39
0.5	0.4	4
0.6666666666666666	0.5	3
1.0	0.6	1
0.0738255033557047	0.0	298
0.1037344398340249	0.1	241
0.12903225806451613	0.2	93
0.2857142857142857	0.3	35
0.25	0.4	8
0.75	0.5	4
1.0	0.6	1
0.08012820512820513	0.0	312
0.11020408163265306	0.1	245
0.14130434782608695	0.2	92
0.25	0.3	24
0.5	0.4	6
1.0	0.5	1
0.05993690851735016	0.0	317
0.12340425531914893	0.1	235
0.16091954022988506	0.2	87
0.23333333333333334	0.3	30
0.4	0.4	5
0.5	0.5	4
1.0	0.6	2
0.06451612903225806	0.0	279
0.10833333333333334	0.1	240
0.13592233009708737	0.2	103
0.2608695652173913	0.3	46
0.14285714285714285	0.4	7
0.75	0.5	4
1.0	0.6	1
0.056666666666666664	0.0	300
0.11864406779661017	0.1	236
0.14444444444444443	0.2	90
0.24390243902439024	0.3	41
0.3333333333333333	0.4	6
0.75	0.5	4
0.6666666666666666	0.6	3
0.0657439446366782	0.0	289
0.11020408163265306	0.1	245
0.1485148514851485	0.2	101
0.2727272727272727	0.3	33
0.2	0.4	5
0.5714285714285714	0.5	7
0.071875	0.0	320
0.1036036036036036	0.1	222
0.14736842105263157	0.2	95
0.3125	0.3	32
0.16666666666666666	0.4	6
0.6666666666666666	0.5	3
1.0	0.6	2
0.07719298245614035	0.0	285
0.1062992125984252	0.1	254
0.11956521739130435	0.2	92
0.2682926829268293	0.3	41
0.3333333333333333	0.4	3
0.5	0.5	4
1.0	0.6	1
0.06529209621993128	0.0	291
0.11297071129707113	0.1	239
0.1414141414141414	0.2	99
0.24390243902439024	0.3	41
0.2	0.4	5
0.75	0.5	4
1.0	0.6	1
0.07987220447284345	0.0	313
0.09482758620689655	0.1	232
0.14893617021276595	0.2	94
0.3	0.3	30
0.25	0.4	8
1.0	0.5	3
0.08143322475570032	0.0	307
0.10084033613445378	0.1	238
0.14432989690721648	0.2	97
0.26666666666666666	0.3	30
0.2	0.4	5
1.0	0.5	2
1.0	0.6	1
0.07357859531772576	0.0	299
0.10416666666666667	0.1	240
0.15625	0.2	96
0.2	0.3	35
0.5	0.4	6
0.75	0.5	4
0.06622516556291391	0.0	302
0.10504201680672269	0.1	238
0.14893617021276595	0.2	94
0.2777777777777778	0.3	36
0.4	0.4	5
0.75	0.5	4
1.0	0.6	1
0.08053691275167785	0.0	298
0.0995850622406639	0.1	241
0.13043478260869565	0.2	92
0.28205128205128205	0.3	39
0.0	0.4	5
0.8	0.5	5
0.08041958041958042	0.0	286
0.09361702127659574	0.1	235
0.12389380530973451	0.2	113
0.3157894736842105	0.3	38
0.0	0.4	4
1.0	0.5	3
1.0	0.6	1
0.0661764705882353	0.0	272
0.10358565737051793	0.1	251
0.1509433962264151	0.2	106
0.1891891891891892	0.3	37
0.42857142857142855	0.4	7
0.6	0.5	5
1.0	0.6	2
0.07291666666666667	0.0	288
0.10655737704918032	0.1	244
0.16326530612244897	0.2	98
0.15	0.3	40
0.3333333333333333	0.4	6
1.0	0.5	4
0.06389776357827476	0.0	313
0.1125	0.1	240
0.16470588235294117	0.2	85
0.22580645161290322	0.3	31
0.6666666666666666	0.4	6
0.3333333333333333	0.5	3
1.0	0.6	2
0.06514657980456026	0.0	307
0.10204081632653061	0.1	245
0.20689655172413793	0.2	87
0.21428571428571427	0.3	28
0.25	0.4	8
0.75	0.5	4
1.0	0.6	1
0.07	0.0	300
0.1087866108786611	0.1	239
0.14606741573033707	0.2	89
0.25	0.3	40
0.125	0.4	8
1.0	0.5	3
1.0	0.6	1
0.05862068965517241	0.0	290
0.11934156378600823	0.1	243
0.16161616161616163	0.2	99
0.20588235294117646	0.3	34
0.2727272727272727	0.4	11
1.0	0.5	3
0.07357859531772576	0.0	299
0.10358565737051793	0.1	251
0.11494252873563218	0.2	87
0.37142857142857144	0.3	35
0.2	0.4	5
1.0	0.5	2
1.0	0.6	1
0.0777027027027027	0.0	296
0.1059322033898305	0.1	236
0.11650485436893204	0.2	103
0.2972972972972973	0.3	37
0.0	0.4	4
1.0	0.5	3
1.0	0.6	1
0.07744107744107744	0.0	297
0.1111111111111111	0.1	243
0.1619047619047619	0.2	105
0.21428571428571427	0.3	28
0.2857142857142857	0.4	7
0.06930693069306931	0.0	303
0.112	0.1	250
0.15476190476190477	0.2	84
0.23529411764705882	0.3	34
0.3333333333333333	0.4	6
1.0	0.5	3
0.06690140845070422	0.0	284
0.10699588477366255	0.1	243
0.1509433962264151	0.2	106
0.2777777777777778	0.3	36
0.125	0.4	8
1.0	0.5	3
0.06015037593984962	0.0	266
0.11969111969111969	0.1	259
0.14545454545454545	0.2	110
0.17647058823529413	0.3	34
0.42857142857142855	0.4	7
0.5	0.5	2
1.0	0.6	2
0.06315789473684211	0.0	285
0.10358565737051793	0.1	251
0.1875	0.2	96
0.2	0.3	35
0.3	0.4	10
1.0	0.5	2
1.0	0.6	1
0.07876712328767123	0.0	292
0.09583333333333334	0.1	240
0.12371134020618557	0.2	97
0.2857142857142857	0.3	42
0.2	0.4	5
1.0	0.5	3
1.0	0.6	1
0.07023411371237458	0.0	299
0.10504201680672269	0.1	238
0.1509433962264151	0.2	106
0.3103448275862069	0.3	29
0.5	0.4	8
0.06569343065693431	0.0	274
0.10236220472440945	0.1	254
0.18095238095238095	0.2	105
0.16216216216216217	0.3	37
0.5	0.4	6
0.75	0.5	4
0.06333333333333334	0.0	300
0.12236286919831224	0.1	237
0.13725490196078433	0.2	102
0.2727272727272727	0.3	33
0.2	0.4	5
1.0	0.5	3
0.052805280528052806	0.0	303
0.12345679012345678	0.1	243
0.15625	0.2	96
0.2692307692307692	0.3	26
0.5	0.4	6
0.6666666666666666	0.5	3
0.6666666666666666	0.6	3
0.053691275167785234	0.0	298
0.136	0.1	250
0.14	0.2	100
0.32	0.3	25
0.42857142857142855	0.4	7
0.07667731629392971	0.0	313
0.11570247933884298	0.1	242
0.14772727272727273	0.2	88
0.20689655172413793	0.3	29
0.3333333333333333	0.4	6
1.0	0.5	1
1.0	0.6	1
0.06944444444444445	0.0	288
0.11666666666666667	0.1	240
0.1134020618556701	0.2	97
0.23255813953488372	0.3	43
0.375	0.4	8
0.75	0.5	4
0.08090614886731391	0.0	309
0.1134453781512605	0.1	238
0.1595744680851064	0.2	94
0.13333333333333333	0.3	30
0.2857142857142857	0.4	7
1.0	0.5	1
1.0	0.6	1
0.07692307692307693	0.0	299
0.11203319502074689	0.1	241
0.15151515151515152	0.2	99
0.15625	0.3	32
0.4	0.4	5
0.5	0.5	2
1.0	0.6	2
0.07560137457044673	0.0	291
0.11646586345381527	0.1	249
0.10526315789473684	0.2	95
0.2857142857142857	0.3	35
0.25	0.4	8
1.0	0.5	1
1.0	0.6	1
0.07534246575342465	0.0	292
0.0975609756097561	0.1	246
0.16666666666666666	0.2	90
0.21951219512195122	0.3	41
0.25	0.4	8
1.0	0.5	2
1.0	0.6	1
0.09121621621621621	0.0	296
0.09090909090909091	0.1	253
0.1348314606741573	0.2	89
0.23529411764705882	0.3	34
0.6666666666666666	0.4	3
0.5	0.5	2
0.6666666666666666	0.6	3
0.07092198581560284	0.0	282
0.10080645161290322	0.1	248
0.17525773195876287	0.2	97
0.15	0.3	40
0.5	0.4	8
0.6	0.5	5
0.07766990291262135	0.0	309
0.11885245901639344	0.1	244
0.09195402298850575	0.2	87
0.3125	0.3	32
0.0	0.4	4
1.0	0.5	4
0.06802721088435375	0.0	294
0.11570247933884298	0.1	242
0.10416666666666667	0.2	96
0.2972972972972973	0.3	37
0.2	0.4	5
0.75	0.5	4
1.0	0.6	2
0.07142857142857142	0.0	308
0.11065573770491803	0.1	244
0.1724137931034483	0.2	87
0.1935483870967742	0.3	31
0.0	0.4	3
0.6	0.5	5
1.0	0.6	2
0.07666666666666666	0.0	300
0.10245901639344263	0.1	244
0.15151515151515152	0.2	99
0.25	0.3	28
0.4	0.4	5
0.6666666666666666	0.5	3
1.0	0.6	1
0.06569343065693431	0.0	274
0.10441767068273092	0.1	249
0.1553398058252427	0.2	103
0.175	0.3	40
0.4444444444444444	0.4	9
0.75	0.5	4
1.0	0.6	1
0.07368421052631578	0.0	285
0.10843373493975904	0.1	249
0.11578947368421053	0.2	95
0.2894736842105263	0.3	38
0.1111111111111111	0.4	9
1.0	0.5	3
1.0	0.6	1
0.06228373702422145	0.0	289
0.11428571428571428	0.1	245
0.13186813186813187	0.2	91
0.2857142857142857	0.3	42
0.1111111111111111	0.4	9
1.0	0.5	3
1.0	0.6	1
0.07213114754098361	0.0	305
0.10330578512396695	0.1	242
0.15789473684210525	0.2	95
0.26666666666666666	0.3	30
0.3333333333333333	0.4	3
0.75	0.5	4
1.0	0.6	1
0.06993006993006994	0.0	286
0.09541984732824428	0.1	262
0.16666666666666666	0.2	84
0.2727272727272727	0.3	33
0.45454545454545453	0.4	11
0.3333333333333333	0.5	3
1.0	0.6	1
0.0572289156626506	0.0	332
0.12727272727272726	0.1	220
0.16455696202531644	0.2	79
0.2894736842105263	0.3	38
0.0	0.4	5
0.6	0.5	5
1.0	0.6	1
0.07371794871794872	0.0	312
0.09053497942386832	0.1	243
0.2125	0.2	80
0.23529411764705882	0.3	34
0.16666666666666666	0.4	6
0.8	0.5	5
0.06020066889632107	0.0	299
0.11864406779661017	0.1	236
0.1553398058252427	0.2	103
0.22580645161290322	0.3	31
0.42857142857142855	0.4	7
1.0	0.5	3
0.0	0.6	1
0.07534246575342465	0.0	292
0.09689922480620156	0.1	258
0.16304347826086957	0.2	92
0.2857142857142857	0.3	28
0.2	0.4	5
0.8	0.5	5
0.06228373702422145	0.0	289
0.1078838174273859	0.1	241
0.1650485436893204	0.2	103
0.23529411764705882	0.3	34
0.3333333333333333	0.4	9
0.6666666666666666	0.5	3
1.0	0.6	1
0.07241379310344828	0.0	290
0.10330578512396695	0.1	242
0.15	0.2	100
0.21621621621621623	0.3	37
0.375	0.4	8
1.0	0.5	2
1.0	0.6	1
0.06338028169014084	0.0	284
0.10465116279069768	0.1	258
0.17204301075268819	0.2	93
0.2647058823529412	0.3	34
0.25	0.4	8
1.0	0.5	3
0.0576271186440678	0.0	295
0.11952191235059761	0.1	251
0.12903225806451613	0.2	93
0.36363636363636365	0.3	33
0.25	0.4	4
0.6666666666666666	0.5	3
1.0	0.6	1
0.07958477508650519	0.0	289
0.11336032388663968	0.1	247
0.12745098039215685	0.2	102
0.17647058823529413	0.3	34
0.25	0.4	4
1.0	0.5	3
1.0	0.6	1
0.0684931506849315	0.0	292
0.10970464135021098	0.1	237
0.1326530612244898	0.2	98
0.2682926829268293	0.3	41
0.125	0.4	8
1.0	0.5	4
0.06990881458966565	0.0	329
0.12173913043478261	0.1	230
0.125	0.2	80
0.2903225806451613	0.3	31
0.16666666666666666	0.4	6
1.0	0.5	3
1.0	0.6	1
0.07718120805369127	0.0	298
0.09795918367346938	0.1	245
0.15730337078651685	0.2	89
0.24324324324324326	0.3	37
0.25	0.4	8
1.0	0.5	2
1.0	0.6	1
0.06620209059233449	0.0	287
0.1067193675889328	0.1	253
0.16831683168316833	0.2	101
0.2	0.3	30
0.5	0.4	6
1.0	0.5	2
1.0	0.6	1
0.07260726072607261	0.0	303
0.10330578512396695	0.1	242
0.13953488372093023	0.2	86
0.2564102564102564	0.3	39
0.4	0.4	5
0.6666666666666666	0.5	3
1.0	0.6	2
0.06418918918918919	0.0	296
0.12195121951219512	0.1	246
0.14893617021276595	0.2	94
0.17647058823529413	0.3	34
0.5	0.4	4
0.5	0.5	4
1.0	0.6	2
0.0706713780918728	0.0	283
0.09727626459143969	0.1	257
0.16666666666666666	0.2	90
0.23684210526315788	0.3	38
0.16666666666666666	0.4	6
0.8	0.5	5
1.0	0.6	1
0.08445945945945946	0.0	296
0.0942622950819672	0.1	244
0.14130434782608695	0.2	92
0.2571428571428571	0.3	35
0.1111111111111111	0.4	9
1.0	0.5	4
0.06896551724137931	0.0	290
0.09881422924901186	0.1	253
0.16853932584269662	0.2	89
0.23684210526315788	0.3	38
0.42857142857142855	0.4	7
1.0	0.5	3
0.06666666666666667	0.0	285
0.11153846153846154	0.1	260
0.1797752808988764	0.2	89
0.15625	0.3	32
0.3	0.4	10
0.5	0.5	2
1.0	0.6	2
0.06643356643356643	0.0	286
0.11475409836065574	0.1	244
0.10679611650485436	0.2	103
0.29411764705882354	0.3	34
0.375	0.4	8
0.6666666666666666	0.5	3
1.0	0.6	2
0.06430868167202572	0.0	311
0.1111111111111111	0.1	234
0.16091954022988506	0.2	87
0.24324324324324326	0.3	37
0.375	0.4	8
1.0	0.5	3
0.06440677966101695	0.0	295
0.10775862068965517	0.1	232
0.1619047619047619	0.2	105
0.19444444444444445	0.3	36
0.42857142857142855	0.4	7
0.8	0.5	5
0.06643356643356643	0.0	286
0.10317460317460317	0.1	252
0.17582417582417584	0.2	91
0.2	0.3	40
0.3333333333333333	0.4	6
0.8	0.5	5
0.07371794871794872	0.0	312
0.09482758620689655	0.1	232
0.17204301075268819	0.2	93
0.2647058823529412	0.3	34
0.3333333333333333	0.4	3
0.5	0.5	4
1.0	0.6	2
0.06230529595015576	0.0	321
0.13304721030042918	0.1	233
0.14130434782608695	0.2	92
0.2916666666666667	0.3	24
0.14285714285714285	0.4	7
1.0	0.5	2
1.0	0.6	1
0.056856187290969896	0.0	299
0.12	0.1	250
0.1797752808988764	0.2	89
0.2	0.3	30
0.3333333333333333	0.4	9
1.0	0.5	3
0.06761565836298933	0.0	281
0.10276679841897234	0.1	253
0.1595744680851064	0.2	94
0.24390243902439024	0.3	41
0.3333333333333333	0.4	6
0.5	0.5	4
1.0	0.6	1
0.061855670103092786	0.0	291
0.11885245901639344	0.1	244
0.1262135922330097	0.2	103
0.27586206896551724	0.3	29
0.3333333333333333	0.4	9
1.0	0.5	3
1.0	0.6	1
0.07666666666666666	0.0	300
0.08870967741935484	0.1	248
0.19767441860465115	0.2	86
0.2222222222222222	0.3	36
0.2857142857142857	0.4	7
1.0	0.5	3
0.06569343065693431	0.0	274
0.10980392156862745	0.1	255
0.13402061855670103	0.2	97
0.2564102564102564	0.3	39
0.2727272727272727	0.4	11
0.0	0.5	1
1.0	0.6	3
0.06734006734006734	0.0	297
0.1059322033898305	0.1	236
0.16	0.2	100
0.23529411764705882	0.3	34
0.3333333333333333	0.4	9
0.6666666666666666	0.5	3
1.0	0.6	1
0.060897435897435896	0.0	312
0.1297071129707113	0.1	239
0.1348314606741573	0.2	89
0.2857142857142857	0.3	28
0.3	0.4	10
1.0	0.5	2
0.058823529411764705	0.0	289
0.11450381679389313	0.1	262
0.17204301075268819	0.2	93
0.2692307692307692	0.3	26
0.2	0.4	5
0.75	0.5	4
1.0	0.6	1
0.0657439446366782	0.0	289
0.12236286919831224	0.1	237
0.13636363636363635	0.2	110
0.24242424242424243	0.3	33
0.125	0.4	8
1.0	0.5	2
1.0	0.6	1
0.0711743772241993	0.0	281
0.1	0.1	250
0.17647058823529413	0.2	102
0.14705882352941177	0.3	34
0.5	0.4	8
0.3333333333333333	0.5	3
1.0	0.6	2
0.08620689655172414	0.0	290
0.08163265306122448	0.1	245
0.14285714285714285	0.2	98
0.29411764705882354	0.3	34
0.375	0.4	8
0.6666666666666666	0.5	3
0.5	0.6	2
0.07028753993610223	0.0	313
0.11814345991561181	0.1	237
0.10869565217391304	0.2	92
0.36666666666666664	0.3	30
0.0	0.4	4
1.0	0.5	3
1.0	0.6	1
0.05460750853242321	0.0	293
0.12449799196787148	0.1	249
0.15151515151515152	0.2	99
0.26666666666666666	0.3	30
0.5	0.4	4
0.6	0.5	5
0.07560137457044673	0.0	291
0.0931174089068826	0.1	247
0.16494845360824742	0.2	97
0.24242424242424243	0.3	33
0.3333333333333333	0.4	6
0.6666666666666666	0.5	3
0.6666666666666666	0.6	3
0.0673758865248227	0.0	282
0.1111111111111111	0.1	243
0.13861386138613863	0.2	101
0.19047619047619047	0.3	42
0.3333333333333333	0.4	6
0.8	0.5	5
1.0	0.6	1
0.07046979865771812	0.0	298
0.1078838174273859	0.1	241
0.13829787234042554	0.2	94
0.3142857142857143	0.3	35
0.2	0.4	10
1.0	0.5	2
0.06354515050167224	0.0	299
0.11618257261410789	0.1	241
0.14285714285714285	0.2	91
0.25	0.3	36
0.25	0.4	8
0.6666666666666666	0.5	3
1.0	0.6	2
0.06666666666666667	0.0	285
0.1067193675889328	0.1	253
0.1485148514851485	0.2	101
0.2857142857142857	0.3	28
0.2857142857142857	0.4	7
0.5	0.5	4
1.0	0.6	2
0.054313099041533544	0.0	313
0.12658227848101267	0.1	237
0.1797752808988764	0.2	89
0.22580645161290322	0.3	31
0.2857142857142857	0.4	7
1.0	0.5	2
1.0	0.6	1
0.06474820143884892	0.0	278
0.11328125	0.1	256
0.15151515151515152	0.2	99
0.21621621621621623	0.3	37
0.25	0.4	4
0.6	0.5	5
1.0	0.6	1
0.06462585034013606	0.0	294
0.11553784860557768	0.1	251
0.13186813186813187	0.2	91
0.22580645161290322	0.3	31
0.5	0.4	8
0.75	0.5	4
1.0	0.6	1
0.0707070707070707	0.0	297
0.11811023622047244	0.1	254
0.1111111111111111	0.2	90
0.2903225806451613	0.3	31
0.4	0.4	5
1.0	0.5	2
1.0	0.6	1
0.07028753993610223	0.0	313
0.125	0.1	224
0.10377358490566038	0.2	106
0.28	0.3	25
0.4	0.4	5
0.8	0.5	5
0.5	0.6	2
0.07216494845360824	0.0	291
0.11983471074380166	0.1	242
0.11428571428571428	0.2	105
0.25	0.3	32
0.2857142857142857	0.4	7
1.0	0.5	3
0.07308970099667775	0.0	301
0.10460251046025104	0.1	239
0.1326530612244898	0.2	98
0.28125	0.3	32
0.4	0.4	5
0.6666666666666666	0.5	3
1.0	0.6	2
0.07042253521126761	0.0	284
0.10727969348659004	0.1	261
0.13043478260869565	0.2	92
0.28125	0.3	32
0.3333333333333333	0.4	6
0.6666666666666666	0.5	3
1.0	0.6	2
0.06687898089171974	0.0	314
0.11946902654867257	0.1	226
0.14893617021276595	0.2	94
0.22857142857142856	0.3	35
0.14285714285714285	0.4	7
1.0	0.5	3
1.0	0.6	1
0.07042253521126761	0.0	284
0.1	0.1	240
0.17117117117117117	0.2	111
0.21875	0.3	32
0.2	0.4	10
1.0	0.5	3
0.07241379310344828	0.0	290
0.0975609756097561	0.1	246
0.14736842105263157	0.2	95
0.2571428571428571	0.3	35
0.2857142857142857	0.4	7
0.6	0.5	5
1.0	0.6	2
0.060790273556231005	0.0	329
0.1341991341991342	0.1	231
0.10975609756097561	0.2	82
0.3333333333333333	0.3	27
0.5	0.4	6
0.3333333333333333	0.5	3
1.0	0.6	2
0.0625	0.0	304
0.10970464135021098	0.1	237
0.16279069767441862	0.2	86
0.23809523809523808	0.3	42
0.4	0.4	5
0.6666666666666666	0.5	3
0.6666666666666666	0.6	3
0.06312292358803986	0.0	301
0.1111111111111111	0.1	243
0.16666666666666666	0.2	90
0.21212121212121213	0.3	33
0.375	0.4	8
0.75	0.5	4
1.0	0.6	1
0.07333333333333333	0.0	300
0.1037344398340249	0.1	241
0.14285714285714285	0.2	98
0.2903225806451613	0.3	31
0.2857142857142857	0.4	7
1.0	0.5	2
1.0	0.6	1
0.07534246575342465	0.0	292
0.10931174089068826	0.1	247
0.12745098039215685	0.2	102
0.3103448275862069	0.3	29
0.2857142857142857	0.4	7
0.5	0.5	2
1.0	0.6	1
0.06551724137931035	0.0	290
0.10077519379844961	0.1	258
0.18478260869565216	0.2	92
0.27586206896551724	0.3	29
0.14285714285714285	0.4	7
1.0	0.5	3
1.0	0.6	1
0.06461538461538462	0.0	325
0.1038961038961039	0.1	231
0.19753086419753085	0.2	81
0.2647058823529412	0.3	34
0.42857142857142855	0.4	7
1.0	0.5	1
1.0	0.6	1
0.07011070110701106	0.0	271
0.1124031007751938	0.1	258
0.1346153846153846	0.2	104
0.2222222222222222	0.3	36
0.14285714285714285	0.4	7
1.0	0.5	2
1.0	0.6	2
0.07191780821917808	0.0	292
0.11013215859030837	0.1	227
0.1388888888888889	0.2	108
0.21428571428571427	0.3	42
0.0	0.4	5
0.8	0.5	5
1.0	0.6	1
0.07666666666666666	0.0	300
0.09401709401709402	0.1	234
0.1568627450980392	0.2	102
0.23529411764705882	0.3	34
0.5	0.4	6
0.75	0.5	4
0.06164383561643835	0.0	292
0.11244979919678715	0.1	249
0.12903225806451613	0.2	93
0.375	0.3	32
0.2	0.4	10
0.6666666666666666	0.5	3
1.0	0.6	1
0.06506849315068493	0.0	292
0.10699588477366255	0.1	243
0.15789473684210525	0.2	95
0.2564102564102564	0.3	39
0.4	0.4	10
1.0	0.5	1
0.06756756756756757	0.0	296
0.11553784860557768	0.1	251
0.13402061855670103	0.2	97
0.3333333333333333	0.3	27
0.2857142857142857	0.4	7
1.0	0.5	2
0.06944444444444445	0.0	288
0.12184873949579832	0.1	238
0.0891089108910891	0.2	101
0.2619047619047619	0.3	42
0.16666666666666666	0.4	6
1.0	0.5	4
1.0	0.6	1
0.0707070707070707	0.0	297
0.12653061224489795	0.1	245
0.11224489795918367	0.2	98
0.25806451612903225	0.3	31
0.2857142857142857	0.4	7
1.0	0.5	2
0.06521739130434782	0.0	276
0.10843373493975904	0.1	249
0.14563106796116504	0.2	103
0.20930232558139536	0.3	43
0.6	0.4	5
0.6666666666666666	0.5	3
1.0	0.6	1
0.07191780821917808	0.0	292
0.1037344398340249	0.1	241
0.15	0.2	100
0.24324324324324326	0.3	37
0.3333333333333333	0.4	6
0.75	0.5	4
0.0636042402826855	0.0	283
0.1134453781512605	0.1	238
0.1452991452991453	0.2	117
0.25	0.3	32
0.16666666666666666	0.4	6
1.0	0.5	4
0.06188925081433225	0.0	307
0.11715481171548117	0.1	239
0.16483516483516483	0.2	91
0.23529411764705882	0.3	34
0.25	0.4	4
0.75	0.5	4
1.0	0.6	1
0.07931034482758621	0.0	290
0.10121457489878542	0.1	247
0.1276595744680851	0.2	94
0.2894736842105263	0.3	38
0.375	0.4	8
0.3333333333333333	0.5	3
0.06204379562043796	0.0	274
0.11877394636015326	0.1	261
0.1485148514851485	0.2	101
0.22857142857142856	0.3	35
0.16666666666666666	0.4	6
1.0	0.5	3
0.060498220640569395	0.0	281
0.11952191235059761	0.1	251
0.15151515151515152	0.2	99
0.1794871794871795	0.3	39
0.5	0.4	8
1.0	0.5	2
0.06164383561643835	0.0	292
0.12048192771084337	0.1	249
0.14893617021276595	0.2	94
0.21621621621621623	0.3	37
0.25	0.4	4
1.0	0.5	4
0.07666666666666666	0.0	300
0.0942622950819672	0.1	244
0.19540229885057472	0.2	87
0.2	0.3	40
0.16666666666666666	0.4	6
1.0	0.5	3
0.05944055944055944	0.0	286
0.10276679841897234	0.1	253
0.20430107526881722	0.2	93
0.18421052631578946	0.3	38
0.4	0.4	5
0.8	0.5	5
0.07142857142857142	0.0	294
0.10080645161290322	0.1	248
0.16129032258064516	0.2	93
0.25	0.3	32
0.375	0.4	8
0.5	0.5	4
1.0	0.6	1
0.06535947712418301	0.0	306
0.11155378486055777	0.1	251
0.19047619047619047	0.2	84
0.16666666666666666	0.3	30
0.6666666666666666	0.4	3
0.6666666666666666	0.5	6
0.06164383561643835	0.0	292
0.10743801652892562	0.1	242
0.16494845360824742	0.2	97
0.24324324324324326	0.3	37
0.3333333333333333	0.4	6
0.6666666666666666	0.5	6
0.07094594594594594	0.0	296
0.11155378486055777	0.1	251
0.11764705882352941	0.2	85
0.2972972972972973	0.3	37
0.14285714285714285	0.4	7
1.0	0.5	3
1.0	0.6	1
0.07092198581560284	0.0	282
0.10204081632653061	0.1	245
0.16666666666666666	0.2	102
0.19047619047619047	0.3	42
0.4	0.4	5
0.6666666666666666	0.5	3
1.0	0.6	1
0.06397306397306397	0.0	297
0.11336032388663968	0.1	247
0.16483516483516483	0.2	91
0.24242424242424243	0.3	33
0.25	0.4	8
0.75	0.5	4
0.06666666666666667	0.0	315
0.11290322580645161	0.1	248
0.1643835616438356	0.2	73
0.2857142857142857	0.3	35
0.16666666666666666	0.4	6
1.0	0.5	3
0.07473309608540925	0.0	281
0.0992063492063492	0.1	252
0.14432989690721648	0.2	97
0.2631578947368421	0.3	38
0.14285714285714285	0.4	7
0.75	0.5	4
1.0	0.6	1
0.08441558441558442	0.0	308
0.10077519379844961	0.1	258
0.14102564102564102	0.2	78
0.2962962962962963	0.3	27
0.25	0.4	4
0.5	0.5	4
1.0	0.6	1
0.07236842105263158	0.0	304
0.10196078431372549	0.1	255
0.17647058823529413	0.2	85
0.25925925925925924	0.3	27
0.4	0.4	5
0.75	0.5	4
0.07608695652173914	0.0	276
0.09411764705882353	0.1	255
0.15151515151515152	0.2	99
0.23076923076923078	0.3	39
0.4	0.4	5
0.6666666666666666	0.5	3
0.6666666666666666	0.6	3
0.07590759075907591	0.0	303
0.11203319502074689	0.1	241
0.11458333333333333	0.2	96
0.32142857142857145	0.3	28
0.2222222222222222	0.4	9
1.0	0.5	2
1.0	0.6	1
0.06369426751592357	0.0	314
0.11739130434782609	0.1	230
0.15053763440860216	0.2	93
0.2647058823529412	0.3	34
0.3333333333333333	0.4	6
1.0	0.5	3
