Actual Sepsis	Estimated Sepsis	Counts
0.0	0.0	1
0.4	0.1	5
0.2	0.2	15
0.3333333333333333	0.3	33
0.3409090909090909	0.4	44
0.6481481481481481	0.5	108
0.6336633663366337	0.6	101
0.725925925925926	0.7	135
0.8070175438596491	0.8	114
0.8641975308641975	0.9	81
0.9069767441860465	1.0	43
0.0	0.0	1
0.0	0.1	2
0.35714285714285715	0.2	14
0.2222222222222222	0.3	27
0.4583333333333333	0.4	48
0.5714285714285714	0.5	98
0.5849056603773585	0.6	106
0.7723577235772358	0.7	123
0.7786885245901639	0.8	122
0.8588235294117647	0.9	85
0.9259259259259259	1.0	54
0.0	0.0	1
0.2	0.1	5
0.25	0.2	16
0.21212121212121213	0.3	33
0.5454545454545454	0.4	66
0.611764705882353	0.5	85
0.6153846153846154	0.6	104
0.7307692307692307	0.7	130
0.825	0.8	120
0.8625	0.9	80
0.925	1.0	40
0.0	0.0	1
0.0	0.1	2
0.3333333333333333	0.2	18
0.3125	0.3	32
0.5102040816326531	0.4	49
0.5833333333333334	0.5	96
0.6213592233009708	0.6	103
0.7063492063492064	0.7	126
0.8205128205128205	0.8	117
0.8488372093023255	0.9	86
0.9	1.0	50
0.0	0.0	1
0.2	0.1	5
0.4	0.2	10
0.22857142857142856	0.3	35
0.46153846153846156	0.4	52
0.6304347826086957	0.5	92
0.6095238095238096	0.6	105
0.7024793388429752	0.7	121
0.8412698412698413	0.8	126
0.8192771084337349	0.9	83
0.92	1.0	50
0.0	0.0	2
0.25	0.1	4
0.2	0.2	15
0.35294117647058826	0.3	34
0.43103448275862066	0.4	58
0.6213592233009708	0.5	103
0.6568627450980392	0.6	102
0.7313432835820896	0.7	134
0.8055555555555556	0.8	108
0.8783783783783784	0.9	74
0.9130434782608695	1.0	46
0.0	0.1	4
0.2777777777777778	0.2	18
0.22580645161290322	0.3	31
0.5	0.4	58
0.6666666666666666	0.5	93
0.6228070175438597	0.6	114
0.711864406779661	0.7	118
0.81	0.8	100
0.8301886792452831	0.9	106
0.9736842105263158	1.0	38
0.25	0.1	4
0.2631578947368421	0.2	19
0.3870967741935484	0.3	31
0.4666666666666667	0.4	60
0.5569620253164557	0.5	79
0.6774193548387096	0.6	124
0.712	0.7	125
0.8387096774193549	0.8	124
0.8082191780821918	0.9	73
0.926829268292683	1.0	41
0.25	0.1	4
0.2857142857142857	0.2	7
0.2777777777777778	0.3	36
0.47619047619047616	0.4	63
0.6296296296296297	0.5	81
0.5677966101694916	0.6	118
0.7377049180327869	0.7	122
0.864	0.8	125
0.7951807228915663	0.9	83
0.9512195121951219	1.0	41
0.0	0.1	2
0.2857142857142857	0.2	14
0.2727272727272727	0.3	33
0.45901639344262296	0.4	61
0.625	0.5	88
0.6732673267326733	0.6	101
0.717741935483871	0.7	124
0.7883211678832117	0.8	137
0.8271604938271605	0.9	81
0.9230769230769231	1.0	39
0.25	0.1	4
0.25	0.2	12
0.29411764705882354	0.3	34
0.3770491803278688	0.4	61
0.6086956521739131	0.5	92
0.6868686868686869	0.6	99
0.7540983606557377	0.7	122
0.792	0.8	125
0.8214285714285714	0.9	84
0.9148936170212766	1.0	47
0.0	0.0	1
0.0	0.1	2
0.25	0.2	12
0.28	0.3	25
0.4230769230769231	0.4	52
0.6082474226804123	0.5	97
0.6203703703703703	0.6	108
0.7086614173228346	0.7	127
0.8045112781954887	0.8	133
0.8461538461538461	0.9	78
0.9555555555555556	1.0	45
0.0	0.0	1
0.2	0.1	5
0.42857142857142855	0.2	21
0.2	0.3	30
0.4423076923076923	0.4	52
0.6176470588235294	0.5	102
0.6633663366336634	0.6	101
0.7266187050359713	0.7	139
0.8148148148148148	0.8	108
0.8589743589743589	0.9	78
0.9069767441860465	1.0	43
0.3333333333333333	0.1	6
0.3125	0.2	16
0.34285714285714286	0.3	35
0.4074074074074074	0.4	54
0.5862068965517241	0.5	87
0.6956521739130435	0.6	115
0.725	0.7	120
0.8151260504201681	0.8	119
0.8072289156626506	0.9	83
0.9111111111111111	1.0	45
0.0	0.0	1
0.2	0.1	5
0.2	0.2	15
0.34375	0.3	32
0.45161290322580644	0.4	62
0.6363636363636364	0.5	99
0.6132075471698113	0.6	106
0.7321428571428571	0.7	112
0.8217054263565892	0.8	129
0.8461538461538461	0.9	78
0.9512195121951219	1.0	41
0.4	0.1	5
0.10526315789473684	0.2	19
0.35294117647058826	0.3	34
0.4666666666666667	0.4	60
0.6333333333333333	0.5	90
0.6699029126213593	0.6	103
0.6722689075630253	0.7	119
0.8362068965517241	0.8	116
0.8505747126436781	0.9	87
0.9148936170212766	1.0	47
0.3333333333333333	0.1	3
0.18181818181818182	0.2	11
0.23076923076923078	0.3	26
0.4307692307692308	0.4	65
0.5773195876288659	0.5	97
0.6601941747572816	0.6	103
0.7073170731707317	0.7	123
0.8429752066115702	0.8	121
0.8421052631578947	0.9	76
0.9090909090909091	1.0	55
0.2	0.1	5
0.36363636363636365	0.2	11
0.17647058823529413	0.3	34
0.4915254237288136	0.4	59
0.6470588235294118	0.5	85
0.6106194690265486	0.6	113
0.7226890756302521	0.7	119
0.8	0.8	125
0.8604651162790697	0.9	86
0.9302325581395349	1.0	43
0.2	0.1	5
0.3333333333333333	0.2	15
0.23529411764705882	0.3	34
0.45614035087719296	0.4	57
0.6224489795918368	0.5	98
0.6435643564356436	0.6	101
0.7142857142857143	0.7	133
0.8482142857142857	0.8	112
0.8214285714285714	0.9	84
0.9512195121951219	1.0	41
0.14285714285714285	0.1	7
0.16666666666666666	0.2	12
0.2972972972972973	0.3	37
0.46808510638297873	0.4	47
0.6071428571428571	0.5	84
0.6421052631578947	0.6	95
0.7299270072992701	0.7	137
0.784	0.8	125
0.8461538461538461	0.9	91
0.9111111111111111	1.0	45
0.0	0.1	1
0.3125	0.2	16
0.21212121212121213	0.3	33
0.4426229508196721	0.4	61
0.6276595744680851	0.5	94
0.7027027027027027	0.6	111
0.6917293233082706	0.7	133
0.8189655172413793	0.8	116
0.8571428571428571	0.9	70
0.9111111111111111	1.0	45
0.0	0.1	4
0.16666666666666666	0.2	12
0.2571428571428571	0.3	35
0.5740740740740741	0.4	54
0.5760869565217391	0.5	92
0.6634615384615384	0.6	104
0.7205882352941176	0.7	136
0.8145161290322581	0.8	124
0.7901234567901234	0.9	81
0.9736842105263158	1.0	38
0.3333333333333333	0.1	3
0.2727272727272727	0.2	11
0.3333333333333333	0.3	33
0.46153846153846156	0.4	65
0.5604395604395604	0.5	91
0.6764705882352942	0.6	102
0.7054263565891473	0.7	129
0.8333333333333334	0.8	120
0.8170731707317073	0.9	82
0.9318181818181818	1.0	44
0.0	0.0	1
0.0	0.1	2
0.3888888888888889	0.2	18
0.2647058823529412	0.3	34
0.4166666666666667	0.4	60
0.6632653061224489	0.5	98
0.6185567010309279	0.6	97
0.7272727272727273	0.7	121
0.8306451612903226	0.8	124
0.8333333333333334	0.9	78
0.8936170212765957	1.0	47
0.3333333333333333	0.1	3
0.2	0.2	15
0.25	0.3	28
0.46551724137931033	0.4	58
0.5977011494252874	0.5	87
0.6699029126213593	0.6	103
0.7092198581560284	0.7	141
0.7962962962962963	0.8	108
0.8295454545454546	0.9	88
0.9387755102040817	1.0	49
0.0	0.0	1
0.25	0.1	4
0.2857142857142857	0.2	14
0.3157894736842105	0.3	38
0.45454545454545453	0.4	55
0.5333333333333333	0.5	90
0.6702127659574468	0.6	94
0.7862595419847328	0.7	131
0.78125	0.8	128
0.8481012658227848	0.9	79
0.8913043478260869	1.0	46
0.2	0.1	5
0.4	0.2	10
0.34375	0.3	32
0.32142857142857145	0.4	56
0.6777777777777778	0.5	90
0.5757575757575758	0.6	99
0.736	0.7	125
0.8050847457627118	0.8	118
0.8541666666666666	0.9	96
0.8775510204081632	1.0	49
0.0	0.0	1
0.5	0.1	4
0.21428571428571427	0.2	14
0.3125	0.3	32
0.391304347826087	0.4	46
0.6404494382022472	0.5	89
0.625	0.6	104
0.7111111111111111	0.7	135
0.8125	0.8	112
0.8117647058823529	0.9	85
0.9137931034482759	1.0	58
0.25	0.1	4
0.15384615384615385	0.2	13
0.3	0.3	30
0.42	0.4	50
0.5679012345679012	0.5	81
0.6822429906542056	0.6	107
0.6971830985915493	0.7	142
0.8333333333333334	0.8	126
0.788235294117647	0.9	85
0.9761904761904762	1.0	42
0.0	0.0	1
0.5	0.1	2
0.2777777777777778	0.2	18
0.28125	0.3	32
0.4716981132075472	0.4	53
0.6071428571428571	0.5	84
0.6	0.6	100
0.7542372881355932	0.7	118
0.8142857142857143	0.8	140
0.8202247191011236	0.9	89
0.8604651162790697	1.0	43
0.0	0.0	1
0.4	0.1	5
0.2	0.2	15
0.2857142857142857	0.3	28
0.5	0.4	52
0.611764705882353	0.5	85
0.5841584158415841	0.6	101
0.7172413793103448	0.7	145
0.8267716535433071	0.8	127
0.85	0.9	80
0.9024390243902439	1.0	41
0.3333333333333333	0.1	3
0.2222222222222222	0.2	9
0.3181818181818182	0.3	22
0.40350877192982454	0.4	57
0.5494505494505495	0.5	91
0.6538461538461539	0.6	104
0.6818181818181818	0.7	132
0.8412698412698413	0.8	126
0.8372093023255814	0.9	86
0.9	1.0	50
0.4	0.1	5
0.21428571428571427	0.2	14
0.2571428571428571	0.3	35
0.4583333333333333	0.4	48
0.6304347826086957	0.5	92
0.6216216216216216	0.6	111
0.7034482758620689	0.7	145
0.8839285714285714	0.8	112
0.8051948051948052	0.9	77
0.926829268292683	1.0	41
0.3333333333333333	0.1	3
0.25	0.2	16
0.25806451612903225	0.3	31
0.47692307692307695	0.4	65
0.6097560975609756	0.5	82
0.631578947368421	0.6	114
0.6935483870967742	0.7	124
0.8467741935483871	0.8	124
0.8571428571428571	0.9	77
0.9318181818181818	1.0	44
0.2	0.1	5
0.23076923076923078	0.2	13
0.2647058823529412	0.3	34
0.5	0.4	58
0.6195652173913043	0.5	92
0.6363636363636364	0.6	99
0.7338709677419355	0.7	124
0.832	0.8	125
0.7948717948717948	0.9	78
0.8653846153846154	1.0	52
0.25	0.1	4
0.2222222222222222	0.2	9
0.2647058823529412	0.3	34
0.48	0.4	50
0.5876288659793815	0.5	97
0.6415094339622641	0.6	106
0.7096774193548387	0.7	124
0.8174603174603174	0.8	126
0.8160919540229885	0.9	87
0.9534883720930233	1.0	43
0.0	0.1	3
0.2857142857142857	0.2	14
0.18518518518518517	0.3	27
0.5818181818181818	0.4	55
0.5625	0.5	96
0.635593220338983	0.6	118
0.7310924369747899	0.7	119
0.8145161290322581	0.8	124
0.8518518518518519	0.9	81
0.8604651162790697	1.0	43
0.2	0.1	5
0.36363636363636365	0.2	11
0.1724137931034483	0.3	29
0.4727272727272727	0.4	55
0.611764705882353	0.5	85
0.6146788990825688	0.6	109
0.732824427480916	0.7	131
0.8099173553719008	0.8	121
0.8202247191011236	0.9	89
0.9333333333333333	1.0	45
0.0	0.0	1
0.0	0.1	4
0.18181818181818182	0.2	11
0.2727272727272727	0.3	33
0.52	0.4	50
0.5319148936170213	0.5	94
0.6494845360824743	0.6	97
0.7209302325581395	0.7	129
0.816793893129771	0.8	131
0.8390804597701149	0.9	87
0.9534883720930233	1.0	43
0.4	0.1	5
0.2	0.2	15
0.3673469387755102	0.3	49
0.5087719298245614	0.4	57
0.6060606060606061	0.5	99
0.6285714285714286	0.6	105
0.7333333333333333	0.7	120
0.8376068376068376	0.8	117
0.8533333333333334	0.9	75
0.9473684210526315	1.0	38
0.0	0.0	1
0.3333333333333333	0.1	3
0.3333333333333333	0.2	12
0.2692307692307692	0.3	26
0.4423076923076923	0.4	52
0.5542168674698795	0.5	83
0.6434782608695652	0.6	115
0.7058823529411765	0.7	136
0.8560606060606061	0.8	132
0.7738095238095238	0.9	84
0.9722222222222222	1.0	36
0.5	0.1	4
0.15384615384615385	0.2	13
0.28205128205128205	0.3	39
0.47540983606557374	0.4	61
0.5643564356435643	0.5	101
0.7204301075268817	0.6	93
0.7022900763358778	0.7	131
0.8512396694214877	0.8	121
0.8266666666666667	0.9	75
0.9285714285714286	1.0	42
0.0	0.0	1
0.3333333333333333	0.1	6
0.4444444444444444	0.2	9
0.1935483870967742	0.3	31
0.47058823529411764	0.4	51
0.575	0.5	80
0.6388888888888888	0.6	108
0.6992481203007519	0.7	133
0.8166666666666667	0.8	120
0.8333333333333334	0.9	84
0.9122807017543859	1.0	57
0.25	0.1	4
0.23076923076923078	0.2	13
0.34375	0.3	32
0.4772727272727273	0.4	44
0.5913978494623656	0.5	93
0.6574074074074074	0.6	108
0.6356589147286822	0.7	129
0.8571428571428571	0.8	112
0.7865168539325843	0.9	89
0.9642857142857143	1.0	56
0.0	0.0	1
0.3333333333333333	0.1	6
0.25	0.2	12
0.2571428571428571	0.3	35
0.5517241379310345	0.4	58
0.5476190476190477	0.5	84
0.6239316239316239	0.6	117
0.7480916030534351	0.7	131
0.8521739130434782	0.8	115
0.810126582278481	0.9	79
0.9285714285714286	1.0	42
0.3333333333333333	0.1	3
0.15384615384615385	0.2	13
0.27586206896551724	0.3	29
0.509090909090909	0.4	55
0.6067415730337079	0.5	89
0.6261682242990654	0.6	107
0.7244094488188977	0.7	127
0.7829457364341085	0.8	129
0.8235294117647058	0.9	85
0.9534883720930233	1.0	43
0.0	0.0	1
0.0	0.1	3
0.42857142857142855	0.2	14
0.26666666666666666	0.3	30
0.45454545454545453	0.4	55
0.6052631578947368	0.5	76
0.6310679611650486	0.6	103
0.6845637583892618	0.7	149
0.8558558558558559	0.8	111
0.8064516129032258	0.9	93
0.9333333333333333	1.0	45
0.3333333333333333	0.1	3
0.3	0.2	10
0.25925925925925924	0.3	27
0.49019607843137253	0.4	51
0.509090909090909	0.5	110
0.6666666666666666	0.6	99
0.7681159420289855	0.7	138
0.8114754098360656	0.8	122
0.810126582278481	0.9	79
0.9024390243902439	1.0	41
0.3333333333333333	0.1	3
0.16666666666666666	0.2	18
0.25	0.3	36
0.5714285714285714	0.4	56
0.6170212765957447	0.5	94
0.6732673267326733	0.6	101
0.6544117647058824	0.7	136
0.8482142857142857	0.8	112
0.8481012658227848	0.9	79
0.9333333333333333	1.0	45
0.0	0.0	1
0.5	0.1	4
0.13333333333333333	0.2	15
0.3076923076923077	0.3	26
0.4444444444444444	0.4	54
0.5957446808510638	0.5	94
0.660377358490566	0.6	106
0.7285714285714285	0.7	140
0.8034188034188035	0.8	117
0.825	0.9	80
0.9302325581395349	1.0	43
0.5	0.1	4
0.1111111111111111	0.2	9
0.25806451612903225	0.3	31
0.47619047619047616	0.4	63
0.5595238095238095	0.5	84
0.6470588235294118	0.6	119
0.7096774193548387	0.7	124
0.84251968503937	0.8	127
0.8607594936708861	0.9	79
0.9	1.0	40
1.0	0.1	1
0.15384615384615385	0.2	13
0.22580645161290322	0.3	31
0.43103448275862066	0.4	58
0.6458333333333334	0.5	96
0.603448275862069	0.6	116
0.7317073170731707	0.7	123
0.8461538461538461	0.8	117
0.8271604938271605	0.9	81
0.9318181818181818	1.0	44
0.16666666666666666	0.1	6
0.25	0.2	12
0.2608695652173913	0.3	23
0.42592592592592593	0.4	54
0.6304347826086957	0.5	92
0.5961538461538461	0.6	104
0.7037037037037037	0.7	135
0.8461538461538461	0.8	117
0.8191489361702128	0.9	94
0.9302325581395349	1.0	43
0.09090909090909091	0.2	11
0.32142857142857145	0.3	28
0.45098039215686275	0.4	51
0.6046511627906976	0.5	86
0.6213592233009708	0.6	103
0.6739130434782609	0.7	138
0.8194444444444444	0.8	144
0.8333333333333334	0.9	78
0.9512195121951219	1.0	41
0.0	0.0	1
0.25	0.1	4
0.3	0.2	10
0.3333333333333333	0.3	30
0.509090909090909	0.4	55
0.5434782608695652	0.5	92
0.6122448979591837	0.6	98
0.7096774193548387	0.7	124
0.8	0.8	120
0.851063829787234	0.9	94
0.9230769230769231	1.0	52
0.0	0.0	1
0.4	0.1	5
0.2222222222222222	0.2	9
0.20588235294117646	0.3	34
0.5348837209302325	0.4	43
0.6236559139784946	0.5	93
0.6310679611650486	0.6	103
0.6861313868613139	0.7	137
0.819672131147541	0.8	122
0.788235294117647	0.9	85
0.9583333333333334	1.0	48
0.3333333333333333	0.1	6
0.16666666666666666	0.2	18
0.2962962962962963	0.3	27
0.4523809523809524	0.4	42
0.5747126436781609	0.5	87
0.6551724137931034	0.6	116
0.7022900763358778	0.7	131
0.8166666666666667	0.8	120
0.8444444444444444	0.9	90
0.9302325581395349	1.0	43
0.0	0.0	2
0.6666666666666666	0.1	3
0.21052631578947367	0.2	19
0.21428571428571427	0.3	28
0.49122807017543857	0.4	57
0.6444444444444445	0.5	90
0.625	0.6	112
0.6953125	0.7	128
0.8468468468468469	0.8	111
0.8658536585365854	0.9	82
0.875	1.0	48
0.3333333333333333	0.1	3
0.2	0.2	10
0.2962962962962963	0.3	27
0.3469387755102041	0.4	49
0.5619047619047619	0.5	105
0.7373737373737373	0.6	99
0.6875	0.7	128
0.8067226890756303	0.8	119
0.8247422680412371	0.9	97
0.9302325581395349	1.0	43
0.0	0.0	1
0.6666666666666666	0.1	3
0.2857142857142857	0.2	14
0.2962962962962963	0.3	27
0.36363636363636365	0.4	44
0.5904761904761905	0.5	105
0.6	0.6	85
0.725925925925926	0.7	135
0.819672131147541	0.8	122
0.851063829787234	0.9	94
0.86	1.0	50
0.0	0.1	2
0.35714285714285715	0.2	14
0.28	0.3	25
0.40816326530612246	0.4	49
0.5894736842105263	0.5	95
0.6792452830188679	0.6	106
0.6417910447761194	0.7	134
0.8583333333333333	0.8	120
0.8192771084337349	0.9	83
0.9038461538461539	1.0	52
0.0	0.0	1
0.16666666666666666	0.1	6
0.16666666666666666	0.2	18
0.3333333333333333	0.3	24
0.48148148148148145	0.4	54
0.5764705882352941	0.5	85
0.6695652173913044	0.6	115
0.7202797202797203	0.7	143
0.8333333333333334	0.8	120
0.8051948051948052	0.9	77
0.9459459459459459	1.0	37
0.5	0.1	2
0.14285714285714285	0.2	14
0.27586206896551724	0.3	29
0.49230769230769234	0.4	65
0.5978260869565217	0.5	92
0.6396396396396397	0.6	111
0.725	0.7	120
0.8559322033898306	0.8	118
0.7931034482758621	0.9	87
0.9047619047619048	1.0	42
0.0	0.0	1
0.6	0.1	5
0.1875	0.2	16
0.2903225806451613	0.3	31
0.5	0.4	54
0.5757575757575758	0.5	99
0.65	0.6	100
0.7666666666666667	0.7	120
0.7563025210084033	0.8	119
0.8409090909090909	0.9	88
0.9361702127659575	1.0	47
0.26666666666666666	0.2	15
0.3	0.3	30
0.47761194029850745	0.4	67
0.5957446808510638	0.5	94
0.6568627450980392	0.6	102
0.6893939393939394	0.7	132
0.8613861386138614	0.8	101
0.8068181818181818	0.9	88
0.9215686274509803	1.0	51
0.0	0.0	1
0.25	0.1	4
0.2222222222222222	0.2	18
0.3076923076923077	0.3	26
0.4827586206896552	0.4	58
0.5368421052631579	0.5	95
0.693069306930693	0.6	101
0.728	0.7	125
0.8267716535433071	0.8	127
0.8	0.9	85
0.95	1.0	40
0.0	0.0	2
0.0	0.1	1
0.29411764705882354	0.2	17
0.18518518518518517	0.3	27
0.44642857142857145	0.4	56
0.6582278481012658	0.5	79
0.5929203539823009	0.6	113
0.7338709677419355	0.7	124
0.8308823529411765	0.8	136
0.8076923076923077	0.9	78
0.9148936170212766	1.0	47
0.5	0.1	4
0.1	0.2	10
0.18181818181818182	0.3	22
0.5161290322580645	0.4	62
0.5942028985507246	0.5	69
0.6033057851239669	0.6	121
0.6985294117647058	0.7	136
0.8484848484848485	0.8	132
0.8072289156626506	0.9	83
0.9024390243902439	1.0	41
0.0	0.0	2
0.4	0.1	5
0.3125	0.2	16
0.2777777777777778	0.3	36
0.5147058823529411	0.4	68
0.6185567010309279	0.5	97
0.6129032258064516	0.6	93
0.75	0.7	116
0.8275862068965517	0.8	116
0.8314606741573034	0.9	89
0.9047619047619048	1.0	42
0.3333333333333333	0.1	3
0.2727272727272727	0.2	11
0.24	0.3	25
0.45652173913043476	0.4	46
0.5876288659793815	0.5	97
0.6864406779661016	0.6	118
0.6283185840707964	0.7	113
0.824	0.8	125
0.82	0.9	100
0.9285714285714286	1.0	42
0.0	0.0	1
0.25	0.1	4
0.21428571428571427	0.2	14
0.4	0.3	35
0.42592592592592593	0.4	54
0.5543478260869565	0.5	92
0.6938775510204082	0.6	98
0.6850393700787402	0.7	127
0.8157894736842105	0.8	114
0.8461538461538461	0.9	91
0.94	1.0	50
0.0	0.0	1
0.25	0.1	4
0.15789473684210525	0.2	19
0.21739130434782608	0.3	23
0.5370370370370371	0.4	54
0.6161616161616161	0.5	99
0.6057692307692307	0.6	104
0.7063492063492064	0.7	126
0.8492063492063492	0.8	126
0.8157894736842105	0.9	76
0.9166666666666666	1.0	48
0.0	0.0	1
0.0	0.1	3
0.2857142857142857	0.2	14
0.21212121212121213	0.3	33
0.5272727272727272	0.4	55
0.6236559139784946	0.5	93
0.6306306306306306	0.6	111
0.6782608695652174	0.7	115
0.8538461538461538	0.8	130
0.8095238095238095	0.9	84
0.9512195121951219	1.0	41
0.0	0.0	1
0.0	0.1	4
0.5	0.2	16
0.2727272727272727	0.3	33
0.4230769230769231	0.4	52
0.6304347826086957	0.5	92
0.6571428571428571	0.6	105
0.7099236641221374	0.7	131
0.8173913043478261	0.8	115
0.797752808988764	0.9	89
0.9523809523809523	1.0	42
0.0	0.0	1
0.3333333333333333	0.1	3
0.2	0.2	15
0.2647058823529412	0.3	34
0.4642857142857143	0.4	56
0.6262626262626263	0.5	99
0.6509433962264151	0.6	106
0.72	0.7	125
0.85	0.8	120
0.7972972972972973	0.9	74
0.9148936170212766	1.0	47
0.0	0.0	1
0.0	0.1	2
0.3	0.2	10
0.24242424242424243	0.3	33
0.40625	0.4	32
0.5494505494505495	0.5	91
0.6410256410256411	0.6	117
0.7007874015748031	0.7	127
0.8203125	0.8	128
0.8478260869565217	0.9	92
0.9148936170212766	1.0	47
0.25	0.1	4
0.2222222222222222	0.2	9
0.4	0.3	25
0.37777777777777777	0.4	45
0.57	0.5	100
0.6320754716981132	0.6	106
0.7394957983193278	0.7	119
0.7622377622377622	0.8	143
0.8536585365853658	0.9	82
0.9148936170212766	1.0	47
0.0	0.0	1
0.2	0.1	5
0.5	0.2	12
0.24242424242424243	0.3	33
0.46551724137931033	0.4	58
0.53125	0.5	96
0.7052631578947368	0.6	95
0.7218045112781954	0.7	133
0.8157894736842105	0.8	114
0.8235294117647058	0.9	85
0.9375	1.0	48
0.3333333333333333	0.1	6
0.2727272727272727	0.2	11
0.18181818181818182	0.3	33
0.49019607843137253	0.4	51
0.5961538461538461	0.5	104
0.6701030927835051	0.6	97
0.6774193548387096	0.7	124
0.8211382113821138	0.8	123
0.85	0.9	80
0.9411764705882353	1.0	51
0.6	0.1	5
0.0	0.2	7
0.2857142857142857	0.3	35
0.5263157894736842	0.4	57
0.5543478260869565	0.5	92
0.6435643564356436	0.6	101
0.7226277372262774	0.7	137
0.7719298245614035	0.8	114
0.8764044943820225	0.9	89
0.9302325581395349	1.0	43
0.3333333333333333	0.1	3
0.14285714285714285	0.2	14
0.38235294117647056	0.3	34
0.4716981132075472	0.4	53
0.6020408163265306	0.5	98
0.6116504854368932	0.6	103
0.725925925925926	0.7	135
0.8348623853211009	0.8	109
0.8255813953488372	0.9	86
0.9111111111111111	1.0	45
0.0	0.1	2
0.2	0.2	10
0.2916666666666667	0.3	24
0.4262295081967213	0.4	61
0.5698924731182796	0.5	93
0.6203703703703703	0.6	108
0.7121212121212122	0.7	132
0.8699186991869918	0.8	123
0.7951807228915663	0.9	83
0.9545454545454546	1.0	44
0.5	0.1	2
0.1111111111111111	0.2	9
0.2903225806451613	0.3	31
0.46153846153846156	0.4	52
0.5858585858585859	0.5	99
0.6601941747572816	0.6	103
0.6834532374100719	0.7	139
0.8362068965517241	0.8	116
0.8352941176470589	0.9	85
0.9090909090909091	1.0	44
1.0	0.0	1
0.25	0.1	4
0.1	0.2	10
0.3333333333333333	0.3	30
0.49056603773584906	0.4	53
0.53125	0.5	96
0.6597938144329897	0.6	97
0.7165354330708661	0.7	127
0.8253968253968254	0.8	126
0.8026315789473685	0.9	76
0.9	1.0	60
0.2	0.1	5
0.16666666666666666	0.2	12
0.3333333333333333	0.3	33
0.5254237288135594	0.4	59
0.5294117647058824	0.5	102
0.6991150442477876	0.6	113
0.7364341085271318	0.7	129
0.8347826086956521	0.8	115
0.8194444444444444	0.9	72
0.9	1.0	40
0.0	0.0	1
0.5	0.1	2
0.3333333333333333	0.2	24
0.15384615384615385	0.3	26
0.4782608695652174	0.4	46
0.631578947368421	0.5	95
0.6	0.6	110
0.7083333333333334	0.7	120
0.84251968503937	0.8	127
0.8395061728395061	0.9	81
0.8958333333333334	1.0	48
0.0	0.1	4
0.5555555555555556	0.2	9
0.14814814814814814	0.3	27
0.43859649122807015	0.4	57
0.5740740740740741	0.5	108
0.6857142857142857	0.6	105
0.7342657342657343	0.7	143
0.8214285714285714	0.8	112
0.8292682926829268	0.9	82
0.9393939393939394	1.0	33
0.0	0.0	1
0.3333333333333333	0.1	3
0.1	0.2	10
0.3103448275862069	0.3	29
0.40476190476190477	0.4	42
0.5882352941176471	0.5	85
0.6495726495726496	0.6	117
0.6666666666666666	0.7	129
0.8549618320610687	0.8	131
0.7816091954022989	0.9	87
0.9565217391304348	1.0	46
0.0	0.0	1
0.4	0.1	5
0.125	0.2	8
0.24242424242424243	0.3	33
0.5416666666666666	0.4	48
0.5617977528089888	0.5	89
0.6146788990825688	0.6	109
0.7419354838709677	0.7	124
0.7899159663865546	0.8	119
0.8494623655913979	0.9	93
0.8823529411764706	1.0	51
0.5	0.1	4
0.15384615384615385	0.2	13
0.24	0.3	25
0.4339622641509434	0.4	53
0.5952380952380952	0.5	84
0.6759259259259259	0.6	108
0.6911764705882353	0.7	136
0.8102189781021898	0.8	137
0.84	0.9	75
0.8888888888888888	1.0	45
0.0	0.1	4
0.3333333333333333	0.2	9
0.27586206896551724	0.3	29
0.45652173913043476	0.4	46
0.5888888888888889	0.5	90
0.5932203389830508	0.6	118
0.75	0.7	140
0.8455284552845529	0.8	123
0.7710843373493976	0.9	83
0.9473684210526315	1.0	38
0.0	0.0	1
0.0	0.1	2
0.3076923076923077	0.2	13
0.2727272727272727	0.3	33
0.47368421052631576	0.4	57
0.5591397849462365	0.5	93
0.6804123711340206	0.6	97
0.7377049180327869	0.7	122
0.7777777777777778	0.8	126
0.8351648351648352	0.9	91
0.9333333333333333	1.0	45
0.125	0.1	8
0.26666666666666666	0.2	15
0.3181818181818182	0.3	22
0.46938775510204084	0.4	49
0.6067415730337079	0.5	89
0.5922330097087378	0.6	103
0.7419354838709677	0.7	155
0.8278688524590164	0.8	122
0.7848101265822784	0.9	79
0.9473684210526315	1.0	38
0.25	0.1	4
0.25	0.2	16
0.3076923076923077	0.3	39
0.5084745762711864	0.4	59
0.6464646464646465	0.5	99
0.6526315789473685	0.6	95
0.7	0.7	130
0.8	0.8	115
0.8571428571428571	0.9	77
0.9130434782608695	1.0	46
0.4	0.1	5
0.3	0.2	10
0.24	0.3	25
0.45454545454545453	0.4	55
0.5869565217391305	0.5	92
0.6228070175438597	0.6	114
0.7279411764705882	0.7	136
0.8135593220338984	0.8	118
0.8292682926829268	0.9	82
0.9302325581395349	1.0	43
0.0	0.0	1
0.3333333333333333	0.1	3
0.3	0.2	10
0.21212121212121213	0.3	33
0.46153846153846156	0.4	52
0.5555555555555556	0.5	90
0.6696428571428571	0.6	112
0.704	0.7	125
0.8387096774193549	0.8	124
0.8333333333333334	0.9	84
0.9130434782608695	1.0	46
0.0	0.1	4
0.2222222222222222	0.2	9
0.36363636363636365	0.3	22
0.49122807017543857	0.4	57
0.4673913043478261	0.5	92
0.638095238095238	0.6	105
0.7109375	0.7	128
0.8602941176470589	0.8	136
0.7948717948717948	0.9	78
0.9387755102040817	1.0	49
0.5	0.1	4
0.2	0.2	10
0.3076923076923077	0.3	26
0.45454545454545453	0.4	66
0.5256410256410257	0.5	78
0.6206896551724138	0.6	116
0.765625	0.7	128
0.811965811965812	0.8	117
0.7926829268292683	0.9	82
0.9622641509433962	1.0	53
0.26666666666666666	0.2	15
0.35714285714285715	0.3	28
0.4444444444444444	0.4	54
0.5862068965517241	0.5	87
0.628099173553719	0.6	121
0.7153284671532847	0.7	137
0.8230088495575221	0.8	113
0.8433734939759037	0.9	83
0.9047619047619048	1.0	42
0.25	0.1	4
0.25	0.2	12
0.2727272727272727	0.3	33
0.5	0.4	42
0.5555555555555556	0.5	99
0.6542056074766355	0.6	107
0.7226277372262774	0.7	137
0.8095238095238095	0.8	126
0.8356164383561644	0.9	73
0.9148936170212766	1.0	47
0.0	0.0	1
0.5	0.1	2
0.08333333333333333	0.2	12
0.2857142857142857	0.3	28
0.44	0.4	50
0.6071428571428571	0.5	84
0.6213592233009708	0.6	103
0.71875	0.7	128
0.751937984496124	0.8	129
0.8865979381443299	0.9	97
0.9130434782608695	1.0	46
0.0	0.0	1
0.4	0.1	5
0.3125	0.2	16
0.2222222222222222	0.3	27
0.46511627906976744	0.4	43
0.5274725274725275	0.5	91
0.6526315789473685	0.6	95
0.7096774193548387	0.7	155
0.8412698412698413	0.8	126
0.8181818181818182	0.9	77
0.9545454545454546	1.0	44
0.0	0.0	1
0.5	0.1	2
0.17647058823529413	0.2	17
0.35714285714285715	0.3	28
0.4791666666666667	0.4	48
0.5631067961165048	0.5	103
0.6206896551724138	0.6	87
0.7172413793103448	0.7	145
0.8211382113821138	0.8	123
0.8433734939759037	0.9	83
0.9302325581395349	1.0	43
0.3333333333333333	0.1	6
0.25	0.2	8
0.2631578947368421	0.3	19
0.34	0.4	50
0.6185567010309279	0.5	97
0.6475409836065574	0.6	122
0.6985294117647058	0.7	136
0.8771929824561403	0.8	114
0.7586206896551724	0.9	87
0.926829268292683	1.0	41
0.25	0.1	4
0.14285714285714285	0.2	7
0.2413793103448276	0.3	29
0.42857142857142855	0.4	42
0.573170731707317	0.5	82
0.6578947368421053	0.6	114
0.6846153846153846	0.7	130
0.8076923076923077	0.8	130
0.8191489361702128	0.9	94
0.9166666666666666	1.0	48
0.3333333333333333	0.1	3
0.4	0.2	10
0.27586206896551724	0.3	29
0.36619718309859156	0.4	71
0.5930232558139535	0.5	86
0.72	0.6	100
0.6785714285714286	0.7	112
0.7704918032786885	0.8	122
0.8522727272727273	0.9	88
0.9661016949152542	1.0	59
0.0	0.0	1
0.0	0.1	2
0.2631578947368421	0.2	19
0.25806451612903225	0.3	31
0.4375	0.4	48
0.6105263157894737	0.5	95
0.6697247706422018	0.6	109
0.688	0.7	125
0.8347107438016529	0.8	121
0.8571428571428571	0.9	77
0.8846153846153846	1.0	52
0.0	0.0	1
0.2	0.1	5
0.3125	0.2	16
0.17647058823529413	0.3	34
0.5192307692307693	0.4	52
0.6021505376344086	0.5	93
0.6509433962264151	0.6	106
0.7022900763358778	0.7	131
0.856	0.8	125
0.8311688311688312	0.9	77
0.925	1.0	40
0.0	0.0	1
0.0	0.1	2
0.3333333333333333	0.2	12
0.32432432432432434	0.3	37
0.42	0.4	50
0.6	0.5	90
0.6203703703703703	0.6	108
0.7109375	0.7	128
0.85	0.8	120
0.8505747126436781	0.9	87
0.8666666666666667	1.0	45
0.0	0.1	4
0.5	0.2	10
0.1724137931034483	0.3	29
0.45901639344262296	0.4	61
0.5625	0.5	112
0.7264150943396226	0.6	106
0.6864406779661016	0.7	118
0.8416666666666667	0.8	120
0.84	0.9	75
0.9111111111111111	1.0	45
0.3333333333333333	0.1	3
0.1	0.2	10
0.3333333333333333	0.3	33
0.44680851063829785	0.4	47
0.6236559139784946	0.5	93
0.6610169491525424	0.6	118
0.6940298507462687	0.7	134
0.8046875	0.8	128
0.8142857142857143	0.9	70
0.9318181818181818	1.0	44
0.25	0.1	4
0.2	0.2	15
0.3333333333333333	0.3	27
0.4666666666666667	0.4	45
0.5566037735849056	0.5	106
0.6636363636363637	0.6	110
0.7185185185185186	0.7	135
0.8181818181818182	0.8	121
0.8356164383561644	0.9	73
0.9318181818181818	1.0	44
0.3333333333333333	0.1	3
0.21428571428571427	0.2	14
0.358974358974359	0.3	39
0.5076923076923077	0.4	65
0.5555555555555556	0.5	99
0.6576576576576577	0.6	111
0.7711864406779662	0.7	118
0.8189655172413793	0.8	116
0.8533333333333334	0.9	75
0.875	1.0	40
0.0	0.0	1
0.5	0.1	2
0.21428571428571427	0.2	14
0.36363636363636365	0.3	33
0.4444444444444444	0.4	63
0.5529411764705883	0.5	85
0.7142857142857143	0.6	105
0.6993006993006993	0.7	143
0.8362068965517241	0.8	116
0.8051948051948052	0.9	77
0.9512195121951219	1.0	41
0.0	0.0	3
0.0	0.1	3
0.4166666666666667	0.2	12
0.3225806451612903	0.3	31
0.44	0.4	50
0.5571428571428572	0.5	70
0.6666666666666666	0.6	108
0.6746031746031746	0.7	126
0.8125	0.8	128
0.826530612244898	0.9	98
0.9019607843137255	1.0	51
0.0	0.0	1
0.6666666666666666	0.1	3
0.05555555555555555	0.2	18
0.2692307692307692	0.3	26
0.5084745762711864	0.4	59
0.59375	0.5	96
0.6666666666666666	0.6	120
0.7181818181818181	0.7	110
0.8269230769230769	0.8	104
0.797752808988764	0.9	89
0.9444444444444444	1.0	54
0.25	0.1	4
0.3076923076923077	0.2	13
0.3	0.3	30
0.42857142857142855	0.4	42
0.5523809523809524	0.5	105
0.65625	0.6	96
0.7071428571428572	0.7	140
0.8512396694214877	0.8	121
0.7931034482758621	0.9	87
0.9523809523809523	1.0	42
0.0	0.0	1
0.0	0.1	2
0.14285714285714285	0.2	14
0.2571428571428571	0.3	35
0.5	0.4	54
0.6428571428571429	0.5	84
0.6326530612244898	0.6	98
0.7222222222222222	0.7	144
0.792	0.8	125
0.8717948717948718	0.9	78
0.8666666666666667	1.0	45
0.2	0.1	5
0.2727272727272727	0.2	11
0.3157894736842105	0.3	38
0.4666666666666667	0.4	60
0.6195652173913043	0.5	92
0.6017699115044248	0.6	113
0.7372881355932204	0.7	118
0.8083333333333333	0.8	120
0.8780487804878049	0.9	82
0.9512195121951219	1.0	41
0.0	0.0	1
0.5	0.1	6
0.2631578947368421	0.2	19
0.1724137931034483	0.3	29
0.5846153846153846	0.4	65
0.4642857142857143	0.5	84
0.7115384615384616	0.6	104
0.7480916030534351	0.7	131
0.7967479674796748	0.8	123
0.8648648648648649	0.9	74
0.9090909090909091	1.0	44
0.0	0.0	1
0.5	0.1	4
0.2727272727272727	0.2	11
0.25	0.3	28
0.4489795918367347	0.4	49
0.5833333333333334	0.5	84
0.62	0.6	100
0.7	0.7	140
0.8308823529411765	0.8	136
0.7951807228915663	0.9	83
0.9545454545454546	1.0	44
0.5	0.1	4
0.1875	0.2	16
0.28	0.3	25
0.44	0.4	50
0.6067415730337079	0.5	89
0.6071428571428571	0.6	112
0.689922480620155	0.7	129
0.875	0.8	128
0.782051282051282	0.9	78
0.9387755102040817	1.0	49
0.0	0.0	1
0.25	0.1	4
0.11764705882352941	0.2	17
0.43243243243243246	0.3	37
0.42592592592592593	0.4	54
0.6435643564356436	0.5	101
0.6341463414634146	0.6	82
0.7101449275362319	0.7	138
0.8173913043478261	0.8	115
0.8505747126436781	0.9	87
0.8863636363636364	1.0	44
0.0	0.0	1
0.3333333333333333	0.1	6
0.1875	0.2	16
0.38095238095238093	0.3	21
0.45901639344262296	0.4	61
0.5357142857142857	0.5	84
0.65	0.6	100
0.7205882352941176	0.7	136
0.8067226890756303	0.8	119
0.8295454545454546	0.9	88
0.9583333333333334	1.0	48
0.0	0.0	1
0.3333333333333333	0.1	3
0.35294117647058826	0.2	17
0.27586206896551724	0.3	29
0.4	0.4	60
0.6129032258064516	0.5	93
0.6633663366336634	0.6	101
0.6785714285714286	0.7	112
0.8636363636363636	0.8	132
0.8023255813953488	0.9	86
0.9130434782608695	1.0	46
0.2	0.1	5
0.3	0.2	10
0.2857142857142857	0.3	28
0.4528301886792453	0.4	53
0.5673076923076923	0.5	104
0.6224489795918368	0.6	98
0.72	0.7	125
0.8442622950819673	0.8	122
0.8275862068965517	0.9	87
0.8958333333333334	1.0	48
0.5	0.1	2
0.25	0.2	12
0.21428571428571427	0.3	28
0.4230769230769231	0.4	52
0.6385542168674698	0.5	83
0.6517857142857143	0.6	112
0.6842105263157895	0.7	133
0.8189655172413793	0.8	116
0.8085106382978723	0.9	94
0.9166666666666666	1.0	48
0.25	0.1	4
0.2	0.2	10
0.27586206896551724	0.3	29
0.5102040816326531	0.4	49
0.5517241379310345	0.5	87
0.5948275862068966	0.6	116
0.753731343283582	0.7	134
0.8220338983050848	0.8	118
0.8089887640449438	0.9	89
0.9318181818181818	1.0	44
0.0	0.0	1
0.25	0.1	4
0.36363636363636365	0.2	11
0.21875	0.3	32
0.5384615384615384	0.4	52
0.5789473684210527	0.5	95
0.6016949152542372	0.6	118
0.72	0.7	125
0.8527131782945736	0.8	129
0.8441558441558441	0.9	77
0.9166666666666666	1.0	36
0.0	0.0	1
0.5	0.1	2
0.06666666666666667	0.2	15
0.29411764705882354	0.3	34
0.4528301886792453	0.4	53
0.6206896551724138	0.5	87
0.6666666666666666	0.6	102
0.7175572519083969	0.7	131
0.7829457364341085	0.8	129
0.8648648648648649	0.9	74
0.9038461538461539	1.0	52
0.3333333333333333	0.1	3
0.2	0.2	10
0.25806451612903225	0.3	31
0.4925373134328358	0.4	67
0.5679012345679012	0.5	81
0.6213592233009708	0.6	103
0.7586206896551724	0.7	116
0.7786885245901639	0.8	122
0.845360824742268	0.9	97
0.9	1.0	50
0.16666666666666666	0.1	6
0.09090909090909091	0.2	11
0.36363636363636365	0.3	22
0.38461538461538464	0.4	52
0.5631067961165048	0.5	103
0.6428571428571429	0.6	98
0.7155172413793104	0.7	116
0.8333333333333334	0.8	138
0.8214285714285714	0.9	84
0.92	1.0	50
0.0	0.1	3
0.16666666666666666	0.2	12
0.3333333333333333	0.3	36
0.5	0.4	48
0.6078431372549019	0.5	102
0.6415094339622641	0.6	106
0.7033898305084746	0.7	118
0.8114754098360656	0.8	122
0.8152173913043478	0.9	92
0.9512195121951219	1.0	41
0.3333333333333333	0.1	6
0.15384615384615385	0.2	13
0.3	0.3	30
0.49122807017543857	0.4	57
0.5604395604395604	0.5	91
0.704	0.6	125
0.7310924369747899	0.7	119
0.808	0.8	125
0.7972972972972973	0.9	74
0.925	1.0	40
0.0	0.1	3
0.2	0.2	15
0.2631578947368421	0.3	38
0.49122807017543857	0.4	57
0.6206896551724138	0.5	87
0.6551724137931034	0.6	116
0.7368421052631579	0.7	114
0.8090909090909091	0.8	110
0.8260869565217391	0.9	92
0.9166666666666666	1.0	48
0.0	0.0	1
0.0	0.1	4
0.25	0.2	16
0.28205128205128205	0.3	39
0.48936170212765956	0.4	47
0.6310679611650486	0.5	103
0.6372549019607843	0.6	102
0.732824427480916	0.7	131
0.8532110091743119	0.8	109
0.7951807228915663	0.9	83
0.9111111111111111	1.0	45
0.6666666666666666	0.1	3
0.16666666666666666	0.2	12
0.21428571428571427	0.3	28
0.46551724137931033	0.4	58
0.5760869565217391	0.5	92
0.631578947368421	0.6	114
0.7154471544715447	0.7	123
0.8403361344537815	0.8	119
0.8295454545454546	0.9	88
0.9534883720930233	1.0	43
0.0	0.0	1
0.0	0.1	3
0.36363636363636365	0.2	11
0.1935483870967742	0.3	31
0.4393939393939394	0.4	66
0.5465116279069767	0.5	86
0.6909090909090909	0.6	110
0.7387387387387387	0.7	111
0.7983870967741935	0.8	124
0.8555555555555555	0.9	90
0.9361702127659575	1.0	47
0.0	0.0	1
0.3333333333333333	0.1	3
0.29411764705882354	0.2	17
0.25806451612903225	0.3	31
0.5	0.4	54
0.5365853658536586	0.5	82
0.6181818181818182	0.6	110
0.7535211267605634	0.7	142
0.811965811965812	0.8	117
0.855072463768116	0.9	69
0.9259259259259259	1.0	54
0.0	0.1	2
0.3076923076923077	0.2	13
0.17391304347826086	0.3	23
0.47540983606557374	0.4	61
0.5591397849462365	0.5	93
0.6521739130434783	0.6	115
0.7295081967213115	0.7	122
0.7983193277310925	0.8	119
0.8651685393258427	0.9	89
0.9069767441860465	1.0	43
0.0	0.0	1
0.375	0.1	8
0.14285714285714285	0.2	21
0.3548387096774194	0.3	31
0.4696969696969697	0.4	66
0.6153846153846154	0.5	78
0.6565656565656566	0.6	99
0.7560975609756098	0.7	123
0.7798165137614679	0.8	109
0.8210526315789474	0.9	95
0.9591836734693877	1.0	49
0.25	0.1	4
0.3333333333333333	0.2	12
0.2727272727272727	0.3	33
0.4918032786885246	0.4	61
0.6111111111111112	0.5	108
0.6530612244897959	0.6	98
0.7096774193548387	0.7	124
0.831858407079646	0.8	113
0.8048780487804879	0.9	82
0.9333333333333333	1.0	45
0.0	0.0	1
0.0	0.1	3
0.4166666666666667	0.2	12
0.3125	0.3	32
0.5	0.4	64
0.5465116279069767	0.5	86
0.6476190476190476	0.6	105
0.6934306569343066	0.7	137
0.8495575221238938	0.8	113
0.8395061728395061	0.9	81
0.9347826086956522	1.0	46
0.0	0.1	5
0.2857142857142857	0.2	14
0.39285714285714285	0.3	28
0.46296296296296297	0.4	54
0.5777777777777777	0.5	90
0.6517857142857143	0.6	112
0.6923076923076923	0.7	130
0.8267716535433071	0.8	127
0.8461538461538461	0.9	78
0.9047619047619048	1.0	42
0.0	0.0	1
0.25	0.1	4
0.36363636363636365	0.2	11
0.21875	0.3	32
0.5263157894736842	0.4	57
0.5434782608695652	0.5	92
0.6814159292035398	0.6	113
0.7107438016528925	0.7	121
0.8083333333333333	0.8	120
0.872093023255814	0.9	86
0.8604651162790697	1.0	43
0.25	0.1	4
0.15384615384615385	0.2	13
0.2727272727272727	0.3	33
0.42857142857142855	0.4	49
0.6091954022988506	0.5	87
0.6481481481481481	0.6	108
0.6846846846846847	0.7	111
0.8161764705882353	0.8	136
0.8461538461538461	0.9	91
0.9166666666666666	1.0	48
0.5	0.1	2
0.25	0.2	12
0.2903225806451613	0.3	31
0.38596491228070173	0.4	57
0.6170212765957447	0.5	94
0.6542056074766355	0.6	107
0.706766917293233	0.7	133
0.8103448275862069	0.8	116
0.8658536585365854	0.9	82
0.9130434782608695	1.0	46
0.0	0.1	1
0.2727272727272727	0.2	11
0.13043478260869565	0.3	23
0.515625	0.4	64
0.5662650602409639	0.5	83
0.6388888888888888	0.6	108
0.7421875	0.7	128
0.7829457364341085	0.8	129
0.8172043010752689	0.9	93
0.925	1.0	40
0.0	0.0	1
0.25	0.1	4
0.25	0.2	20
0.4444444444444444	0.3	27
0.4423076923076923	0.4	52
0.550561797752809	0.5	89
0.6415094339622641	0.6	106
0.734375	0.7	128
0.8055555555555556	0.8	108
0.81	0.9	100
0.9777777777777777	1.0	45
0.0	0.1	4
0.3125	0.2	16
0.2727272727272727	0.3	22
0.49056603773584906	0.4	53
0.5842696629213483	0.5	89
0.5882352941176471	0.6	102
0.7357142857142858	0.7	140
0.8151260504201681	0.8	119
0.8260869565217391	0.9	92
0.9069767441860465	1.0	43
0.0	0.0	1
0.0	0.1	2
0.5	0.2	10
0.20588235294117646	0.3	34
0.44642857142857145	0.4	56
0.5909090909090909	0.5	88
0.6730769230769231	0.6	104
0.7388059701492538	0.7	134
0.782258064516129	0.8	124
0.7976190476190477	0.9	84
0.9767441860465116	1.0	43
0.25	0.1	4
0.18181818181818182	0.2	11
0.25806451612903225	0.3	31
0.43137254901960786	0.4	51
0.6179775280898876	0.5	89
0.625	0.6	104
0.7163120567375887	0.7	141
0.8305084745762712	0.8	118
0.8235294117647058	0.9	85
0.9130434782608695	1.0	46
0.0	0.1	3
0.35714285714285715	0.2	14
0.24324324324324326	0.3	37
0.43902439024390244	0.4	41
0.5824175824175825	0.5	91
0.6607142857142857	0.6	112
0.7203389830508474	0.7	118
0.7890625	0.8	128
0.875	0.9	88
0.875	1.0	48
0.0	0.1	3
0.3076923076923077	0.2	13
0.2413793103448276	0.3	29
0.5	0.4	42
0.5833333333333334	0.5	84
0.64	0.6	125
0.6946564885496184	0.7	131
0.8264462809917356	0.8	121
0.8181818181818182	0.9	88
0.9090909090909091	1.0	44
0.0	0.0	1
0.5	0.1	4
0.21428571428571427	0.2	14
0.23333333333333334	0.3	30
0.43859649122807015	0.4	57
0.6111111111111112	0.5	90
0.6868686868686869	0.6	99
0.6788321167883211	0.7	137
0.8512396694214877	0.8	121
0.8	0.9	80
0.9361702127659575	1.0	47
0.0	0.0	1
0.4	0.1	5
0.2	0.2	10
0.3333333333333333	0.3	27
0.46296296296296297	0.4	54
0.5128205128205128	0.5	78
0.646551724137931	0.6	116
0.6861313868613139	0.7	137
0.8571428571428571	0.8	126
0.8452380952380952	0.9	84
0.9047619047619048	1.0	42
0.16666666666666666	0.1	6
0.375	0.2	16
0.23333333333333334	0.3	30
0.423728813559322	0.4	59
0.6375	0.5	80
0.616822429906542	0.6	107
0.7435897435897436	0.7	117
0.8244274809160306	0.8	131
0.8295454545454546	0.9	88
0.8695652173913043	1.0	46
0.3333333333333333	0.1	3
0.15384615384615385	0.2	13
0.3611111111111111	0.3	36
0.5	0.4	46
0.5555555555555556	0.5	90
0.652542372881356	0.6	118
0.7058823529411765	0.7	136
0.8290598290598291	0.8	117
0.8375	0.9	80
0.926829268292683	1.0	41
0.0	0.1	5
0.375	0.2	8
0.2857142857142857	0.3	35
0.4603174603174603	0.4	63
0.5930232558139535	0.5	86
0.6666666666666666	0.6	114
0.7307692307692307	0.7	130
0.8189655172413793	0.8	116
0.8	0.9	80
0.9534883720930233	1.0	43
0.25	0.1	4
0.18181818181818182	0.2	11
0.2702702702702703	0.3	37
0.48214285714285715	0.4	56
0.6292134831460674	0.5	89
0.6548672566371682	0.6	113
0.6893939393939394	0.7	132
0.8596491228070176	0.8	114
0.813953488372093	0.9	86
0.9210526315789473	1.0	38
0.0	0.0	1
0.0	0.1	2
0.3125	0.2	16
0.375	0.3	32
0.39215686274509803	0.4	51
0.5714285714285714	0.5	84
0.6379310344827587	0.6	116
0.7196969696969697	0.7	132
0.8421052631578947	0.8	114
0.8333333333333334	0.9	84
0.9166666666666666	1.0	48
0.25	0.1	8
0.2	0.2	10
0.2564102564102564	0.3	39
0.5272727272727272	0.4	55
0.5903614457831325	0.5	83
0.6216216216216216	0.6	111
0.752	0.7	125
0.8220338983050848	0.8	118
0.8426966292134831	0.9	89
0.8809523809523809	1.0	42
0.2	0.1	5
0.09090909090909091	0.2	11
0.13636363636363635	0.3	22
0.5294117647058824	0.4	68
0.5922330097087378	0.5	103
0.6336633663366337	0.6	101
0.7094017094017094	0.7	117
0.8412698412698413	0.8	126
0.8048780487804879	0.9	82
0.9555555555555556	1.0	45
0.0	0.0	1
0.3333333333333333	0.1	6
0.26666666666666666	0.2	15
0.2777777777777778	0.3	36
0.46296296296296297	0.4	54
0.5979381443298969	0.5	97
0.6292134831460674	0.6	89
0.7424242424242424	0.7	132
0.8253968253968254	0.8	126
0.8333333333333334	0.9	78
0.9130434782608695	1.0	46
0.0	0.0	1
0.3333333333333333	0.1	3
0.17647058823529413	0.2	17
0.3076923076923077	0.3	26
0.46296296296296297	0.4	54
0.6145833333333334	0.5	96
0.6542056074766355	0.6	107
0.7153284671532847	0.7	137
0.8319327731092437	0.8	119
0.8026315789473685	0.9	76
0.9090909090909091	1.0	44
0.2	0.1	5
0.3333333333333333	0.2	9
0.25925925925925924	0.3	27
0.423728813559322	0.4	59
0.5882352941176471	0.5	102
0.6504854368932039	0.6	103
0.7338709677419355	0.7	124
0.8278688524590164	0.8	122
0.7738095238095238	0.9	84
0.9777777777777777	1.0	45
0.0	0.0	2
0.5	0.1	2
0.25	0.2	16
0.40540540540540543	0.3	37
0.4117647058823529	0.4	51
0.6041666666666666	0.5	96
0.6391752577319587	0.6	97
0.6829268292682927	0.7	123
0.8267716535433071	0.8	127
0.8674698795180723	0.9	83
0.9130434782608695	1.0	46
0.0	0.0	1
0.25	0.1	4
0.23076923076923078	0.2	13
0.3548387096774194	0.3	31
0.38461538461538464	0.4	52
0.5824175824175825	0.5	91
0.6629213483146067	0.6	89
0.7131782945736435	0.7	129
0.8045112781954887	0.8	133
0.8539325842696629	0.9	89
0.875	1.0	48
0.16666666666666666	0.2	12
0.4	0.3	30
0.3877551020408163	0.4	49
0.59375	0.5	96
0.6078431372549019	0.6	102
0.6581196581196581	0.7	117
0.8702290076335878	0.8	131
0.7777777777777778	0.9	90
0.9622641509433962	1.0	53
0.0	0.0	1
0.4	0.1	5
0.09090909090909091	0.2	11
0.2571428571428571	0.3	35
0.45454545454545453	0.4	55
0.6219512195121951	0.5	82
0.6339285714285714	0.6	112
0.7244094488188977	0.7	127
0.8245614035087719	0.8	114
0.8505747126436781	0.9	87
0.8823529411764706	1.0	51
0.14285714285714285	0.1	7
0.2	0.2	10
0.2727272727272727	0.3	22
0.48484848484848486	0.4	66
0.5542168674698795	0.5	83
0.6607142857142857	0.6	112
0.7661290322580645	0.7	124
0.7796610169491526	0.8	118
0.8275862068965517	0.9	87
0.8627450980392157	1.0	51
0.0	0.1	2
0.2727272727272727	0.2	11
0.3	0.3	30
0.3877551020408163	0.4	49
0.6203703703703703	0.5	108
0.6039603960396039	0.6	101
0.7235772357723578	0.7	123
0.813953488372093	0.8	129
0.8536585365853658	0.9	82
0.9111111111111111	1.0	45
0.0	0.0	1
0.25	0.1	4
0.21428571428571427	0.2	14
0.32	0.3	25
0.4426229508196721	0.4	61
0.5168539325842697	0.5	89
0.7352941176470589	0.6	102
0.7226277372262774	0.7	137
0.8110236220472441	0.8	127
0.8378378378378378	0.9	74
0.8695652173913043	1.0	46
1.0	0.1	1
0.1875	0.2	16
0.3448275862068966	0.3	29
0.4918032786885246	0.4	61
0.5294117647058824	0.5	102
0.6571428571428571	0.6	105
0.7727272727272727	0.7	132
0.7982456140350878	0.8	114
0.8472222222222222	0.9	72
0.8958333333333334	1.0	48
0.0	0.0	1
0.3333333333333333	0.1	3
0.38461538461538464	0.2	13
0.32142857142857145	0.3	28
0.4461538461538462	0.4	65
0.547945205479452	0.5	73
0.6697247706422018	0.6	109
0.674074074074074	0.7	135
0.8384615384615385	0.8	130
0.8333333333333334	0.9	78
0.9333333333333333	1.0	45
0.0	0.0	1
0.3333333333333333	0.1	6
0.14285714285714285	0.2	14
0.3793103448275862	0.3	29
0.48333333333333334	0.4	60
0.5795454545454546	0.5	88
0.6826923076923077	0.6	104
0.7086614173228346	0.7	127
0.775	0.8	120
0.8705882352941177	0.9	85
0.8913043478260869	1.0	46
0.0	0.1	3
0.2	0.2	10
0.29411764705882354	0.3	34
0.39622641509433965	0.4	53
0.6095238095238096	0.5	105
0.6629213483146067	0.6	89
0.726027397260274	0.7	146
0.7876106194690266	0.8	113
0.875	0.9	80
0.9148936170212766	1.0	47
0.25	0.1	4
0.2727272727272727	0.2	11
0.32	0.3	25
0.45901639344262296	0.4	61
0.6075949367088608	0.5	79
0.5566037735849056	0.6	106
0.7480916030534351	0.7	131
0.8106060606060606	0.8	132
0.8292682926829268	0.9	82
0.8979591836734694	1.0	49
0.0	0.1	2
0.3333333333333333	0.2	18
0.22580645161290322	0.3	31
0.5254237288135594	0.4	59
0.6018518518518519	0.5	108
0.6224489795918368	0.6	98
0.7413793103448276	0.7	116
0.7899159663865546	0.8	119
0.8571428571428571	0.9	84
0.9333333333333333	1.0	45
0.0	0.0	1
0.4	0.1	5
0.16666666666666666	0.2	12
0.25	0.3	24
0.4222222222222222	0.4	45
0.5494505494505495	0.5	91
0.6421052631578947	0.6	95
0.6956521739130435	0.7	138
0.8478260869565217	0.8	138
0.8444444444444444	0.9	90
0.8536585365853658	1.0	41
0.3333333333333333	0.1	3
0.16666666666666666	0.2	12
0.3103448275862069	0.3	29
0.5102040816326531	0.4	49
0.5760869565217391	0.5	92
0.5904761904761905	0.6	105
0.708029197080292	0.7	137
0.8114754098360656	0.8	122
0.8764044943820225	0.9	89
0.9047619047619048	1.0	42
0.0	0.1	2
0.06666666666666667	0.2	15
0.47058823529411764	0.3	34
0.42	0.4	50
0.56	0.5	100
0.6907216494845361	0.6	97
0.7164179104477612	0.7	134
0.8290598290598291	0.8	117
0.7906976744186046	0.9	86
0.9333333333333333	1.0	45
0.0	0.1	2
0.15384615384615385	0.2	13
0.3333333333333333	0.3	33
0.4107142857142857	0.4	56
0.5841584158415841	0.5	101
0.6547619047619048	0.6	84
0.7122302158273381	0.7	139
0.8157894736842105	0.8	114
0.8876404494382022	0.9	89
0.8775510204081632	1.0	49
0.0	0.1	5
0.23076923076923078	0.2	13
0.2647058823529412	0.3	34
0.48148148148148145	0.4	54
0.632183908045977	0.5	87
0.6476190476190476	0.6	105
0.7342657342657343	0.7	143
0.7983193277310925	0.8	119
0.8271604938271605	0.9	81
0.9230769230769231	1.0	39
0.3333333333333333	0.1	3
0.08333333333333333	0.2	12
0.2962962962962963	0.3	27
0.47619047619047616	0.4	63
0.5876288659793815	0.5	97
0.6565656565656566	0.6	99
0.6694915254237288	0.7	118
0.8409090909090909	0.8	132
0.8488372093023255	0.9	86
0.9069767441860465	1.0	43
0.0	0.0	1
0.0	0.1	3
0.45	0.2	20
0.17857142857142858	0.3	28
0.49019607843137253	0.4	51
0.6344086021505376	0.5	93
0.6407766990291263	0.6	103
0.6532258064516129	0.7	124
0.8582677165354331	0.8	127
0.8024691358024691	0.9	81
0.9183673469387755	1.0	49
0.0	0.0	1
0.2	0.1	5
0.3333333333333333	0.2	15
0.16	0.3	25
0.46875	0.4	64
0.6020408163265306	0.5	98
0.5862068965517241	0.6	87
0.7279411764705882	0.7	136
0.8709677419354839	0.8	124
0.8214285714285714	0.9	84
0.926829268292683	1.0	41
0.0	0.0	1
0.0	0.1	4
0.2727272727272727	0.2	11
0.32142857142857145	0.3	28
0.4909090909090909	0.4	55
0.5595238095238095	0.5	84
0.5865384615384616	0.6	104
0.7338129496402878	0.7	139
0.828125	0.8	128
0.8117647058823529	0.9	85
0.975609756097561	1.0	41
0.0	0.0	1
0.5	0.1	4
0.3	0.2	10
0.25806451612903225	0.3	31
0.4583333333333333	0.4	48
0.5408163265306123	0.5	98
0.71	0.6	100
0.6619718309859155	0.7	142
0.859504132231405	0.8	121
0.8192771084337349	0.9	83
0.9285714285714286	1.0	42
0.25	0.1	4
0.3076923076923077	0.2	13
0.2571428571428571	0.3	35
0.5161290322580645	0.4	62
0.6145833333333334	0.5	96
0.6288659793814433	0.6	97
0.7286821705426356	0.7	129
0.7933884297520661	0.8	121
0.8481012658227848	0.9	79
0.9318181818181818	1.0	44
0.0	0.1	2
0.3125	0.2	16
0.3333333333333333	0.3	33
0.4262295081967213	0.4	61
0.5813953488372093	0.5	86
0.6814159292035398	0.6	113
0.7071428571428572	0.7	140
0.8363636363636363	0.8	110
0.8289473684210527	0.9	76
0.9534883720930233	1.0	43
0.0	0.0	1
0.5	0.1	4
0.21428571428571427	0.2	14
0.3157894736842105	0.3	38
0.5581395348837209	0.4	43
0.6122448979591837	0.5	98
0.5869565217391305	0.6	92
0.6971830985915493	0.7	142
0.831858407079646	0.8	113
0.8255813953488372	0.9	86
0.9183673469387755	1.0	49
0.0	0.1	2
0.2857142857142857	0.2	7
0.25925925925925924	0.3	27
0.43859649122807015	0.4	57
0.5473684210526316	0.5	95
0.6288659793814433	0.6	97
0.7457627118644068	0.7	118
0.8059701492537313	0.8	134
0.8241758241758241	0.9	91
0.8846153846153846	1.0	52
0.4	0.1	5
0.08333333333333333	0.2	12
0.2894736842105263	0.3	38
0.44680851063829785	0.4	47
0.6310679611650486	0.5	103
0.6442307692307693	0.6	104
0.7479674796747967	0.7	123
0.796875	0.8	128
0.825	0.9	80
0.925	1.0	40
0.0	0.0	1
0.4	0.1	5
0.3076923076923077	0.2	13
0.21875	0.3	32
0.4727272727272727	0.4	55
0.5981308411214953	0.5	107
0.6595744680851063	0.6	94
0.6850393700787402	0.7	127
0.868421052631579	0.8	114
0.8148148148148148	0.9	81
0.9215686274509803	1.0	51
1.0	0.0	1
0.25	0.1	4
0.0	0.2	8
0.375	0.3	40
0.43478260869565216	0.4	46
0.6138613861386139	0.5	101
0.6019417475728155	0.6	103
0.7272727272727273	0.7	132
0.8267716535433071	0.8	127
0.8148148148148148	0.9	81
0.972972972972973	1.0	37
0.0	0.0	1
0.5	0.1	4
0.13333333333333333	0.2	15
0.21212121212121213	0.3	33
0.5576923076923077	0.4	52
0.5957446808510638	0.5	94
0.6336633663366337	0.6	101
0.7109375	0.7	128
0.8181818181818182	0.8	121
0.8470588235294118	0.9	85
0.9130434782608695	1.0	46
0.0	0.1	4
0.3	0.2	10
0.3142857142857143	0.3	35
0.4827586206896552	0.4	58
0.5824175824175825	0.5	91
0.6296296296296297	0.6	108
0.75	0.7	116
0.7851851851851852	0.8	135
0.8846153846153846	0.9	78
0.8666666666666667	1.0	45
0.25	0.1	4
0.2	0.2	10
0.32	0.3	25
0.5102040816326531	0.4	49
0.4883720930232558	0.5	86
0.6228070175438597	0.6	114
0.7162162162162162	0.7	148
0.8617886178861789	0.8	123
0.8157894736842105	0.9	76
0.9111111111111111	1.0	45
0.0	0.0	1
0.3333333333333333	0.1	3
0.38461538461538464	0.2	13
0.34375	0.3	32
0.4406779661016949	0.4	59
0.5490196078431373	0.5	102
0.6744186046511628	0.6	86
0.7446808510638298	0.7	141
0.8292682926829268	0.8	123
0.7976190476190477	0.9	84
0.9166666666666666	1.0	36
0.0	0.0	1
0.3333333333333333	0.1	6
0.3333333333333333	0.2	15
0.4375	0.3	32
0.475	0.4	40
0.5375	0.5	80
0.616822429906542	0.6	107
0.722972972972973	0.7	148
0.8527131782945736	0.8	129
0.7333333333333333	0.9	75
0.9148936170212766	1.0	47
0.0	0.1	3
0.14285714285714285	0.2	14
0.4186046511627907	0.3	43
0.41379310344827586	0.4	58
0.6170212765957447	0.5	94
0.74	0.6	100
0.6916666666666667	0.7	120
0.7916666666666666	0.8	120
0.8292682926829268	0.9	82
0.9130434782608695	1.0	46
0.0	0.0	1
0.0	0.1	3
0.23076923076923078	0.2	13
0.2631578947368421	0.3	38
0.5102040816326531	0.4	49
0.5465116279069767	0.5	86
0.648936170212766	0.6	94
0.7412587412587412	0.7	143
0.7833333333333333	0.8	120
0.8690476190476191	0.9	84
0.9183673469387755	1.0	49
0.3333333333333333	0.1	6
0.13333333333333333	0.2	15
0.36363636363636365	0.3	33
0.4406779661016949	0.4	59
0.5955056179775281	0.5	89
0.6574074074074074	0.6	108
0.746268656716418	0.7	134
0.8135593220338984	0.8	118
0.8194444444444444	0.9	72
0.9347826086956522	1.0	46
0.3333333333333333	0.1	3
0.2857142857142857	0.2	21
0.2608695652173913	0.3	23
0.45901639344262296	0.4	61
0.6262626262626263	0.5	99
0.6	0.6	95
0.7615384615384615	0.7	130
0.7804878048780488	0.8	123
0.8313253012048193	0.9	83
0.9523809523809523	1.0	42
0.25	0.1	4
0.21428571428571427	0.2	14
0.2962962962962963	0.3	27
0.4225352112676056	0.4	71
0.6153846153846154	0.5	91
0.7053571428571429	0.6	112
0.7101449275362319	0.7	138
0.8269230769230769	0.8	104
0.8292682926829268	0.9	82
0.9459459459459459	1.0	37
0.0	0.0	1
0.0	0.1	2
0.3333333333333333	0.2	15
0.2222222222222222	0.3	27
0.47058823529411764	0.4	51
0.5894736842105263	0.5	95
0.6574074074074074	0.6	108
0.6901408450704225	0.7	142
0.8461538461538461	0.8	117
0.8227848101265823	0.9	79
0.9302325581395349	1.0	43
0.25	0.1	4
0.35714285714285715	0.2	14
0.13333333333333333	0.3	30
0.4915254237288136	0.4	59
0.5806451612903226	0.5	93
0.6396396396396397	0.6	111
0.7580645161290323	0.7	124
0.8166666666666667	0.8	120
0.8552631578947368	0.9	76
0.8775510204081632	1.0	49
0.4	0.1	5
0.2	0.2	10
0.3157894736842105	0.3	38
0.43548387096774194	0.4	62
0.6210526315789474	0.5	95
0.6635514018691588	0.6	107
0.7131147540983607	0.7	122
0.8067226890756303	0.8	119
0.8536585365853658	0.9	82
0.95	1.0	40
0.0	0.1	5
0.2727272727272727	0.2	11
0.2647058823529412	0.3	34
0.49056603773584906	0.4	53
0.6422018348623854	0.5	109
0.5825242718446602	0.6	103
0.728	0.7	125
0.8536585365853658	0.8	123
0.8285714285714286	0.9	70
0.8936170212765957	1.0	47
0.0	0.1	2
0.16666666666666666	0.2	12
0.3333333333333333	0.3	33
0.46	0.4	50
0.6057692307692307	0.5	104
0.625	0.6	104
0.6940298507462687	0.7	134
0.865546218487395	0.8	119
0.7901234567901234	0.9	81
0.975609756097561	1.0	41
0.0	0.1	4
0.3333333333333333	0.2	12
0.22580645161290322	0.3	31
0.48	0.4	50
0.5773195876288659	0.5	97
0.6698113207547169	0.6	106
0.7142857142857143	0.7	140
0.8173076923076923	0.8	104
0.8297872340425532	0.9	94
0.9285714285714286	1.0	42
0.0	0.1	3
0.16666666666666666	0.2	12
0.36	0.3	25
0.4489795918367347	0.4	49
0.6219512195121951	0.5	82
0.6039603960396039	0.6	101
0.6788321167883211	0.7	137
0.8270676691729323	0.8	133
0.7888888888888889	0.9	90
0.9375	1.0	48
0.0	0.1	3
0.2727272727272727	0.2	11
0.2857142857142857	0.3	35
0.5	0.4	54
0.5591397849462365	0.5	93
0.6635514018691588	0.6	107
0.6992481203007519	0.7	133
0.8571428571428571	0.8	126
0.8051948051948052	0.9	77
0.926829268292683	1.0	41
0.0	0.0	1
0.42857142857142855	0.1	7
0.1875	0.2	16
0.3333333333333333	0.3	30
0.4482758620689655	0.4	58
0.6136363636363636	0.5	88
0.6444444444444445	0.6	90
0.6901408450704225	0.7	142
0.8536585365853658	0.8	123
0.8352941176470589	0.9	85
0.9	1.0	40
0.0	0.0	1
0.0	0.1	4
0.4166666666666667	0.2	12
0.36666666666666664	0.3	30
0.37254901960784315	0.4	51
0.6395348837209303	0.5	86
0.646551724137931	0.6	116
0.6940298507462687	0.7	134
0.8125	0.8	128
0.855072463768116	0.9	69
0.8775510204081632	1.0	49
0.0	0.0	1
0.5	0.1	4
0.14285714285714285	0.2	14
0.2903225806451613	0.3	31
0.44	0.4	50
0.6144578313253012	0.5	83
0.6237623762376238	0.6	101
0.7073170731707317	0.7	123
0.7967479674796748	0.8	123
0.8367346938775511	0.9	98
0.9230769230769231	1.0	52
0.0	0.1	3
0.2857142857142857	0.2	14
0.2222222222222222	0.3	27
0.46551724137931033	0.4	58
0.5647058823529412	0.5	85
0.6635514018691588	0.6	107
0.6854838709677419	0.7	124
0.8264462809917356	0.8	121
0.8571428571428571	0.9	91
0.9	1.0	50
0.0	0.0	1
0.2	0.1	5
0.17647058823529413	0.2	17
0.24	0.3	25
0.5531914893617021	0.4	47
0.5617977528089888	0.5	89
0.6018518518518519	0.6	108
0.7603305785123967	0.7	121
0.7835820895522388	0.8	134
0.8522727272727273	0.9	88
0.9111111111111111	1.0	45
0.4	0.1	5
0.09090909090909091	0.2	22
0.4666666666666667	0.3	30
0.4339622641509434	0.4	53
0.5888888888888889	0.5	90
0.6545454545454545	0.6	110
0.7482517482517482	0.7	143
0.8272727272727273	0.8	110
0.8181818181818182	0.9	77
0.925	1.0	40
0.3333333333333333	0.1	3
0.2	0.2	15
0.3448275862068966	0.3	29
0.42592592592592593	0.4	54
0.6046511627906976	0.5	86
0.6160714285714286	0.6	112
0.744	0.7	125
0.8076923076923077	0.8	130
0.8051948051948052	0.9	77
0.9387755102040817	1.0	49
0.0	0.0	1
0.16666666666666666	0.1	6
0.45454545454545453	0.2	11
0.21621621621621623	0.3	37
0.5166666666666667	0.4	60
0.6	0.5	85
0.6491228070175439	0.6	114
0.7299270072992701	0.7	137
0.8053097345132744	0.8	113
0.8518518518518519	0.9	81
0.9714285714285714	1.0	35
0.5	0.1	2
0.16666666666666666	0.2	18
0.25	0.3	28
0.5178571428571429	0.4	56
0.5625	0.5	96
0.6116504854368932	0.6	103
0.78125	0.7	128
0.7803030303030303	0.8	132
0.8378378378378378	0.9	74
0.9767441860465116	1.0	43
0.0	0.1	5
0.2727272727272727	0.2	11
0.3333333333333333	0.3	30
0.4146341463414634	0.4	41
0.5052631578947369	0.5	95
0.7053571428571429	0.6	112
0.6875	0.7	112
0.823076923076923	0.8	130
0.8279569892473119	0.9	93
0.9019607843137255	1.0	51
0.0	0.0	1
0.3333333333333333	0.1	6
0.26666666666666666	0.2	15
0.21428571428571427	0.3	28
0.5454545454545454	0.4	66
0.5056179775280899	0.5	89
0.6981132075471698	0.6	106
0.7313432835820896	0.7	134
0.8067226890756303	0.8	119
0.8378378378378378	0.9	74
0.9761904761904762	1.0	42
0.0	0.0	1
0.3333333333333333	0.1	3
0.1875	0.2	16
0.3333333333333333	0.3	27
0.42592592592592593	0.4	54
0.6097560975609756	0.5	82
0.6454545454545455	0.6	110
0.6864406779661016	0.7	118
0.823076923076923	0.8	130
0.8297872340425532	0.9	94
0.9111111111111111	1.0	45
0.0	0.0	1
0.0	0.1	2
0.18181818181818182	0.2	11
0.2903225806451613	0.3	31
0.4782608695652174	0.4	46
0.5789473684210527	0.5	95
0.6391752577319587	0.6	97
0.6917293233082706	0.7	133
0.8320610687022901	0.8	131
0.8117647058823529	0.9	85
0.9166666666666666	1.0	48
0.25	0.1	4
0.45454545454545453	0.2	11
0.22580645161290322	0.3	31
0.46875	0.4	64
0.5604395604395604	0.5	91
0.6464646464646465	0.6	99
0.7230769230769231	0.7	130
0.8275862068965517	0.8	116
0.8260869565217391	0.9	92
0.9523809523809523	1.0	42
0.25	0.1	4
0.23076923076923078	0.2	13
0.3103448275862069	0.3	29
0.3584905660377358	0.4	53
0.6382978723404256	0.5	94
0.6237623762376238	0.6	101
0.6953125	0.7	128
0.8512396694214877	0.8	121
0.8125	0.9	96
0.9512195121951219	1.0	41
0.0	0.0	1
0.3333333333333333	0.1	6
0.16666666666666666	0.2	12
0.3142857142857143	0.3	35
0.5471698113207547	0.4	53
0.5714285714285714	0.5	98
0.6363636363636364	0.6	110
0.7479674796747967	0.7	123
0.8	0.8	115
0.8625	0.9	80
0.8723404255319149	1.0	47
0.16666666666666666	0.1	6
0.2	0.2	10
0.2777777777777778	0.3	36
0.5076923076923077	0.4	65
0.6265060240963856	0.5	83
0.6224489795918368	0.6	98
0.7107438016528925	0.7	121
0.7741935483870968	0.8	124
0.8977272727272727	0.9	88
0.8979591836734694	1.0	49
0.0	0.0	1
0.2	0.1	5
0.2857142857142857	0.2	14
0.3225806451612903	0.3	31
0.4444444444444444	0.4	63
0.6022727272727273	0.5	88
0.631578947368421	0.6	95
0.7008547008547008	0.7	117
0.819672131147541	0.8	122
0.8488372093023255	0.9	86
0.9137931034482759	1.0	58
0.2	0.1	5
0.3125	0.2	16
0.16666666666666666	0.3	24
0.45901639344262296	0.4	61
0.5652173913043478	0.5	92
0.7340425531914894	0.6	94
0.6363636363636364	0.7	132
0.84	0.8	125
0.872093023255814	0.9	86
0.9111111111111111	1.0	45
0.3333333333333333	0.1	3
0.125	0.2	8
0.18181818181818182	0.3	33
0.5434782608695652	0.4	46
0.5643564356435643	0.5	101
0.6330275229357798	0.6	109
0.7391304347826086	0.7	115
0.7844827586206896	0.8	116
0.839622641509434	0.9	106
0.9302325581395349	1.0	43
0.0	0.0	1
0.3333333333333333	0.1	3
0.1875	0.2	16
0.2894736842105263	0.3	38
0.5	0.4	48
0.6043956043956044	0.5	91
0.6814159292035398	0.6	113
0.6991869918699187	0.7	123
0.8292682926829268	0.8	123
0.7974683544303798	0.9	79
0.9333333333333333	1.0	45
0.0	0.1	1
0.125	0.2	8
0.3125	0.3	32
0.38095238095238093	0.4	63
0.6407766990291263	0.5	103
0.6875	0.6	96
0.7111111111111111	0.7	135
0.7962962962962963	0.8	108
0.8170731707317073	0.9	82
0.9230769230769231	1.0	52
0.0	0.0	1
0.0	0.1	3
0.3888888888888889	0.2	18
0.2647058823529412	0.3	34
0.4745762711864407	0.4	59
0.632183908045977	0.5	87
0.6605504587155964	0.6	109
0.7142857142857143	0.7	133
0.8	0.8	105
0.8666666666666667	0.9	90
0.8780487804878049	1.0	41
0.0	0.1	2
0.21052631578947367	0.2	19
0.2571428571428571	0.3	35
0.5849056603773585	0.4	53
0.5473684210526316	0.5	95
0.6804123711340206	0.6	97
0.7272727272727273	0.7	121
0.8	0.8	130
0.8266666666666667	0.9	75
0.9056603773584906	1.0	53
0.0	0.0	1
0.25	0.1	4
0.2	0.2	20
0.4	0.3	35
0.43103448275862066	0.4	58
0.6236559139784946	0.5	93
0.6593406593406593	0.6	91
0.7086092715231788	0.7	151
0.8440366972477065	0.8	109
0.8292682926829268	0.9	82
0.9722222222222222	1.0	36
0.25	0.1	4
0.2222222222222222	0.2	9
0.2571428571428571	0.3	35
0.48	0.4	50
0.5760869565217391	0.5	92
0.6386554621848739	0.6	119
0.7	0.7	120
0.8347107438016529	0.8	121
0.8409090909090909	0.9	88
0.9523809523809523	1.0	42
0.0	0.0	1
0.25	0.1	4
0.25	0.2	16
0.36363636363636365	0.3	33
0.46	0.4	50
0.5959595959595959	0.5	99
0.59375	0.6	96
0.7338129496402878	0.7	139
0.8547008547008547	0.8	117
0.8214285714285714	0.9	84
0.9024390243902439	1.0	41
0.0	0.0	1
0.0	0.1	3
0.35714285714285715	0.2	14
0.2727272727272727	0.3	33
0.4576271186440678	0.4	59
0.6213592233009708	0.5	103
0.6333333333333333	0.6	90
0.6854838709677419	0.7	124
0.8461538461538461	0.8	117
0.8390804597701149	0.9	87
0.9183673469387755	1.0	49
0.5	0.1	4
0.2	0.2	15
0.3548387096774194	0.3	31
0.3684210526315789	0.4	57
0.6	0.5	85
0.6724137931034483	0.6	116
0.6991869918699187	0.7	123
0.8387096774193549	0.8	124
0.8275862068965517	0.9	87
0.9473684210526315	1.0	38
0.0	0.1	3
0.2727272727272727	0.2	11
0.3333333333333333	0.3	30
0.484375	0.4	64
0.5698924731182796	0.5	93
0.6635514018691588	0.6	107
0.6893939393939394	0.7	132
0.8547008547008547	0.8	117
0.8095238095238095	0.9	84
0.9487179487179487	1.0	39
0.0	0.1	3
0.2857142857142857	0.2	14
0.34285714285714286	0.3	35
0.5	0.4	54
0.5301204819277109	0.5	83
0.6460176991150443	0.6	113
0.7175572519083969	0.7	131
0.84	0.8	125
0.8289473684210527	0.9	76
0.9130434782608695	1.0	46
0.16666666666666666	0.1	6
0.2222222222222222	0.2	9
0.3448275862068966	0.3	29
0.43137254901960786	0.4	51
0.5666666666666667	0.5	90
0.6666666666666666	0.6	105
0.6692307692307692	0.7	130
0.8455284552845529	0.8	123
0.8241758241758241	0.9	91
0.9130434782608695	1.0	46
0.2	0.1	5
0.21428571428571427	0.2	14
0.26666666666666666	0.3	30
0.5094339622641509	0.4	53
0.5934065934065934	0.5	91
0.6846846846846847	0.6	111
0.6976744186046512	0.7	129
0.8205128205128205	0.8	117
0.8352941176470589	0.9	85
0.8444444444444444	1.0	45
0.3333333333333333	0.1	3
0.23076923076923078	0.2	13
0.2692307692307692	0.3	26
0.41509433962264153	0.4	53
0.6190476190476191	0.5	84
0.6095238095238096	0.6	105
0.7	0.7	120
0.8015267175572519	0.8	131
0.84	0.9	100
0.9333333333333333	1.0	45
0.0	0.0	1
0.5	0.1	4
0.15384615384615385	0.2	13
0.25925925925925924	0.3	27
0.5178571428571429	0.4	56
0.5058823529411764	0.5	85
0.6581196581196581	0.6	117
0.7232142857142857	0.7	112
0.8169014084507042	0.8	142
0.8518518518518519	0.9	81
0.9047619047619048	1.0	42
0.2	0.1	5
0.23529411764705882	0.2	17
0.2857142857142857	0.3	28
0.46875	0.4	64
0.6	0.5	95
0.6767676767676768	0.6	99
0.7317073170731707	0.7	123
0.7903225806451613	0.8	124
0.8607594936708861	0.9	79
0.8913043478260869	1.0	46
0.0	0.1	4
0.3333333333333333	0.2	12
0.2894736842105263	0.3	38
0.4666666666666667	0.4	60
0.5483870967741935	0.5	93
0.693069306930693	0.6	101
0.7096774193548387	0.7	124
0.8360655737704918	0.8	122
0.875	0.9	80
0.8695652173913043	1.0	46
0.25	0.1	4
0.3	0.2	10
0.2608695652173913	0.3	23
0.39622641509433965	0.4	53
0.5473684210526316	0.5	95
0.6607142857142857	0.6	112
0.6923076923076923	0.7	117
0.8421052631578947	0.8	133
0.8191489361702128	0.9	94
0.9487179487179487	1.0	39
0.0	0.0	2
0.0	0.1	4
0.375	0.2	24
0.10344827586206896	0.3	29
0.5740740740740741	0.4	54
0.6075949367088608	0.5	79
0.6831683168316832	0.6	101
0.6875	0.7	128
0.8153846153846154	0.8	130
0.8048780487804879	0.9	82
0.9361702127659575	1.0	47
0.0	0.1	2
0.29411764705882354	0.2	17
0.42857142857142855	0.3	28
0.4	0.4	60
0.5773195876288659	0.5	97
0.7326732673267327	0.6	101
0.6888888888888889	0.7	135
0.8018018018018018	0.8	111
0.8313253012048193	0.9	83
0.9130434782608695	1.0	46
0.25	0.1	4
0.2727272727272727	0.2	11
0.28125	0.3	32
0.4696969696969697	0.4	66
0.5473684210526316	0.5	95
0.7448979591836735	0.6	98
0.6691729323308271	0.7	133
0.8632478632478633	0.8	117
0.8170731707317073	0.9	82
0.9047619047619048	1.0	42
0.0	0.0	1
0.2	0.1	5
0.21428571428571427	0.2	14
0.3142857142857143	0.3	35
0.4482758620689655	0.4	58
0.5934065934065934	0.5	91
0.6637168141592921	0.6	113
0.7063492063492064	0.7	126
0.8608695652173913	0.8	115
0.8421052631578947	0.9	76
0.9130434782608695	1.0	46
0.4	0.1	5
0.2727272727272727	0.2	11
0.24242424242424243	0.3	33
0.41935483870967744	0.4	62
0.5975609756097561	0.5	82
0.625	0.6	104
0.7054263565891473	0.7	129
0.8709677419354839	0.8	124
0.8076923076923077	0.9	78
0.9423076923076923	1.0	52
0.3333333333333333	0.1	3
0.21428571428571427	0.2	14
0.3125	0.3	32
0.4230769230769231	0.4	52
0.6288659793814433	0.5	97
0.59375	0.6	96
0.7480916030534351	0.7	131
0.7741935483870968	0.8	124
0.8658536585365854	0.9	82
0.9183673469387755	1.0	49
0.3333333333333333	0.2	12
0.2	0.3	30
0.45454545454545453	0.4	55
0.6039603960396039	0.5	101
0.660377358490566	0.6	106
0.7142857142857143	0.7	140
0.7964601769911505	0.8	113
0.8414634146341463	0.9	82
0.9512195121951219	1.0	41
0.3333333333333333	0.1	3
0.3076923076923077	0.2	13
0.26666666666666666	0.3	30
0.4423076923076923	0.4	52
0.5555555555555556	0.5	90
0.6698113207547169	0.6	106
0.6716417910447762	0.7	134
0.872	0.8	125
0.8354430379746836	0.9	79
0.875	1.0	48
0.21428571428571427	0.2	14
0.35294117647058826	0.3	34
0.42857142857142855	0.4	49
0.5471698113207547	0.5	106
0.7238095238095238	0.6	105
0.6666666666666666	0.7	135
0.8558558558558559	0.8	111
0.8311688311688312	0.9	77
0.9183673469387755	1.0	49
0.0	0.0	1
0.0	0.1	1
0.25	0.2	16
0.32	0.3	25
0.325	0.4	40
0.6263736263736264	0.5	91
0.6140350877192983	0.6	114
0.7352941176470589	0.7	136
0.7874015748031497	0.8	127
0.8354430379746836	0.9	79
0.92	1.0	50
0.0	0.0	1
0.3333333333333333	0.1	3
0.21428571428571427	0.2	14
0.20833333333333334	0.3	24
0.47619047619047616	0.4	42
0.5054945054945055	0.5	91
0.6442307692307693	0.6	104
0.7480916030534351	0.7	131
0.784	0.8	125
0.8709677419354839	0.9	93
0.8653846153846154	1.0	52
0.0	0.0	1
0.25	0.1	4
0.16666666666666666	0.2	18
0.4117647058823529	0.3	34
0.4186046511627907	0.4	43
0.6078431372549019	0.5	102
0.6460176991150443	0.6	113
0.7421875	0.7	128
0.8130841121495327	0.8	107
0.8314606741573034	0.9	89
0.9024390243902439	1.0	41
0.25	0.1	4
0.35714285714285715	0.2	14
0.23333333333333334	0.3	30
0.40384615384615385	0.4	52
0.5894736842105263	0.5	95
0.6571428571428571	0.6	105
0.72	0.7	125
0.7916666666666666	0.8	120
0.872093023255814	0.9	86
0.9183673469387755	1.0	49
0.0	0.1	2
0.2727272727272727	0.2	11
0.2857142857142857	0.3	28
0.36363636363636365	0.4	55
0.6355140186915887	0.5	107
0.6574074074074074	0.6	108
0.7121212121212122	0.7	132
0.8389830508474576	0.8	118
0.8024691358024691	0.9	81
0.9473684210526315	1.0	38
0.0	0.0	1
0.16666666666666666	0.1	6
0.25	0.2	12
0.17142857142857143	0.3	35
0.49122807017543857	0.4	57
0.6888888888888889	0.5	90
0.5681818181818182	0.6	88
0.7295081967213115	0.7	122
0.8290598290598291	0.8	117
0.8095238095238095	0.9	105
0.9148936170212766	1.0	47
0.0	0.1	1
0.2727272727272727	0.2	11
0.2222222222222222	0.3	27
0.47368421052631576	0.4	57
0.5824175824175825	0.5	91
0.6574074074074074	0.6	108
0.68	0.7	125
0.8225806451612904	0.8	124
0.8241758241758241	0.9	91
0.9333333333333333	1.0	45
0.4	0.1	5
0.0	0.2	12
0.35714285714285715	0.3	28
0.4444444444444444	0.4	54
0.5490196078431373	0.5	102
0.6732673267326733	0.6	101
0.723404255319149	0.7	141
0.8407079646017699	0.8	113
0.8414634146341463	0.9	82
0.9047619047619048	1.0	42
0.4	0.1	5
0.1111111111111111	0.2	9
0.2962962962962963	0.3	27
0.5	0.4	54
0.5652173913043478	0.5	92
0.6132075471698113	0.6	106
0.7131147540983607	0.7	122
0.8145161290322581	0.8	124
0.8241758241758241	0.9	91
0.92	1.0	50
0.5	0.1	4
0.0	0.2	9
0.22580645161290322	0.3	31
0.5	0.4	44
0.5729166666666666	0.5	96
0.6504854368932039	0.6	103
0.6901408450704225	0.7	142
0.8166666666666667	0.8	120
0.8674698795180723	0.9	83
0.8958333333333334	1.0	48
0.0	0.1	3
0.3333333333333333	0.2	9
0.2857142857142857	0.3	28
0.48214285714285715	0.4	56
0.5287356321839081	0.5	87
0.65	0.6	100
0.7322834645669292	0.7	127
0.8074074074074075	0.8	135
0.7790697674418605	0.9	86
0.9387755102040817	1.0	49
0.5	0.1	4
0.21428571428571427	0.2	14
0.2727272727272727	0.3	33
0.5087719298245614	0.4	57
0.5595238095238095	0.5	84
0.6181818181818182	0.6	110
0.7563025210084033	0.7	119
0.7923076923076923	0.8	130
0.8470588235294118	0.9	85
0.9318181818181818	1.0	44
0.4	0.1	5
0.09090909090909091	0.2	11
0.3	0.3	30
0.49206349206349204	0.4	63
0.6043956043956044	0.5	91
0.6160714285714286	0.6	112
0.7322834645669292	0.7	127
0.8050847457627118	0.8	118
0.8780487804878049	0.9	82
0.9024390243902439	1.0	41
0.0	0.0	1
0.5	0.1	4
0.07692307692307693	0.2	13
0.36363636363636365	0.3	33
0.4583333333333333	0.4	48
0.5909090909090909	0.5	88
0.6310679611650486	0.6	103
0.746031746031746	0.7	126
0.7874015748031497	0.8	127
0.8111111111111111	0.9	90
0.9148936170212766	1.0	47
0.0	0.0	1
0.3333333333333333	0.1	3
0.25	0.2	16
0.27586206896551724	0.3	29
0.4918032786885246	0.4	61
0.5773195876288659	0.5	97
0.6633663366336634	0.6	101
0.7175572519083969	0.7	131
0.8455284552845529	0.8	123
0.8076923076923077	0.9	78
0.925	1.0	40
0.2	0.1	5
0.15384615384615385	0.2	13
0.19444444444444445	0.3	36
0.5882352941176471	0.4	68
0.6263736263736264	0.5	91
0.6285714285714286	0.6	105
0.75	0.7	128
0.7924528301886793	0.8	106
0.8481012658227848	0.9	79
0.8979591836734694	1.0	49
0.0	0.0	1
0.3333333333333333	0.1	3
0.3076923076923077	0.2	13
0.22580645161290322	0.3	31
0.5192307692307693	0.4	52
0.5959595959595959	0.5	99
0.5982142857142857	0.6	112
0.7380952380952381	0.7	126
0.8151260504201681	0.8	119
0.8780487804878049	0.9	82
0.8809523809523809	1.0	42
0.0	0.0	2
0.6666666666666666	0.1	3
0.16666666666666666	0.2	12
0.2631578947368421	0.3	38
0.46774193548387094	0.4	62
0.6626506024096386	0.5	83
0.6138613861386139	0.6	101
0.7122302158273381	0.7	139
0.8392857142857143	0.8	112
0.8604651162790697	0.9	86
0.8809523809523809	1.0	42
0.3333333333333333	0.1	3
0.17647058823529413	0.2	17
0.3333333333333333	0.3	33
0.509090909090909	0.4	55
0.5681818181818182	0.5	88
0.6435643564356436	0.6	101
0.7375886524822695	0.7	141
0.85	0.8	100
0.7857142857142857	0.9	98
0.9090909090909091	1.0	44
0.25	0.1	4
0.07142857142857142	0.2	14
0.2777777777777778	0.3	36
0.5303030303030303	0.4	66
0.6363636363636364	0.5	77
0.616822429906542	0.6	107
0.7258064516129032	0.7	124
0.8211382113821138	0.8	123
0.8214285714285714	0.9	84
0.9333333333333333	1.0	45
0.25	0.1	4
0.25	0.2	12
0.3333333333333333	0.3	27
0.42424242424242425	0.4	66
0.5681818181818182	0.5	88
0.6666666666666666	0.6	111
0.7007874015748031	0.7	127
0.875	0.8	120
0.8095238095238095	0.9	84
0.9024390243902439	1.0	41
0.23076923076923078	0.2	13
0.25	0.3	36
0.44	0.4	50
0.6090909090909091	0.5	110
0.6956521739130435	0.6	92
0.6946564885496184	0.7	131
0.8211382113821138	0.8	123
0.8111111111111111	0.9	90
0.9714285714285714	1.0	35
0.0	0.0	1
0.25	0.1	4
0.23809523809523808	0.2	21
0.2692307692307692	0.3	26
0.5263157894736842	0.4	57
0.550561797752809	0.5	89
0.7216494845360825	0.6	97
0.639344262295082	0.7	122
0.8372093023255814	0.8	129
0.8095238095238095	0.9	84
0.96	1.0	50
0.25	0.1	4
0.2	0.2	15
0.3333333333333333	0.3	27
0.375	0.4	48
0.6292134831460674	0.5	89
0.5818181818181818	0.6	110
0.6984126984126984	0.7	126
0.8362068965517241	0.8	116
0.865979381443299	0.9	97
0.9166666666666666	1.0	48
0.0	0.0	1
0.0	0.1	3
0.3181818181818182	0.2	22
0.17391304347826086	0.3	23
0.47619047619047616	0.4	42
0.6703296703296703	0.5	91
0.5688073394495413	0.6	109
0.7407407407407407	0.7	135
0.7886178861788617	0.8	123
0.8235294117647058	0.9	85
0.9347826086956522	1.0	46
0.0	0.0	1
0.25	0.1	8
0.2	0.2	15
0.35294117647058826	0.3	34
0.43859649122807015	0.4	57
0.6265060240963856	0.5	83
0.6530612244897959	0.6	98
0.6796875	0.7	128
0.8770491803278688	0.8	122
0.7954545454545454	0.9	88
0.9130434782608695	1.0	46
0.0	0.0	2
0.3333333333333333	0.1	3
0.2608695652173913	0.2	23
0.3	0.3	30
0.5384615384615384	0.4	52
0.5652173913043478	0.5	92
0.693069306930693	0.6	101
0.696969696969697	0.7	132
0.8181818181818182	0.8	121
0.8414634146341463	0.9	82
0.9047619047619048	1.0	42
0.0	0.0	1
0.0	0.1	3
0.29411764705882354	0.2	17
0.32142857142857145	0.3	28
0.4318181818181818	0.4	44
0.6363636363636364	0.5	88
0.6238532110091743	0.6	109
0.6644295302013423	0.7	149
0.8596491228070176	0.8	114
0.8255813953488372	0.9	86
0.9512195121951219	1.0	41
0.3333333333333333	0.1	3
0.17647058823529413	0.2	17
0.3333333333333333	0.3	30
0.41509433962264153	0.4	53
0.5764705882352941	0.5	85
0.6203703703703703	0.6	108
0.75	0.7	136
0.8333333333333334	0.8	120
0.8313253012048193	0.9	83
0.9111111111111111	1.0	45
0.5	0.1	2
0.3333333333333333	0.2	9
0.25925925925925924	0.3	27
0.42857142857142855	0.4	56
0.5729166666666666	0.5	96
0.6464646464646465	0.6	99
0.6802721088435374	0.7	147
0.8608695652173913	0.8	115
0.8202247191011236	0.9	89
0.95	1.0	40
0.0	0.0	1
0.0	0.1	1
0.17647058823529413	0.2	17
0.34210526315789475	0.3	38
0.45454545454545453	0.4	44
0.6020408163265306	0.5	98
0.673469387755102	0.6	98
0.697986577181208	0.7	149
0.8706896551724138	0.8	116
0.7808219178082192	0.9	73
0.9111111111111111	1.0	45
0.0	0.0	1
0.4	0.1	5
0.42857142857142855	0.2	7
0.23076923076923078	0.3	26
0.32653061224489793	0.4	49
0.5977011494252874	0.5	87
0.6134453781512605	0.6	119
0.753968253968254	0.7	126
0.8130081300813008	0.8	123
0.8426966292134831	0.9	89
0.875	1.0	48
0.14285714285714285	0.1	7
0.25	0.2	16
0.32142857142857145	0.3	28
0.515625	0.4	64
0.5454545454545454	0.5	77
0.6695652173913044	0.6	115
0.696	0.7	125
0.8278688524590164	0.8	122
0.8354430379746836	0.9	79
0.9361702127659575	1.0	47
0.5	0.1	6
0.09090909090909091	0.2	11
0.29411764705882354	0.3	34
0.423728813559322	0.4	59
0.6153846153846154	0.5	78
0.672566371681416	0.6	113
0.7416666666666667	0.7	120
0.7804878048780488	0.8	123
0.8148148148148148	0.9	81
0.9090909090909091	1.0	55
0.0	0.0	1
0.5	0.1	4
0.1875	0.2	16
0.25	0.3	28
0.4318181818181818	0.4	44
0.6067415730337079	0.5	89
0.5961538461538461	0.6	104
0.6917293233082706	0.7	133
0.8660714285714286	0.8	112
0.8526315789473684	0.9	95
0.8703703703703703	1.0	54
0.0	0.0	1
0.3333333333333333	0.1	6
0.23076923076923078	0.2	13
0.25	0.3	32
0.55	0.4	60
0.5652173913043478	0.5	92
0.6363636363636364	0.6	99
0.6967213114754098	0.7	122
0.8278688524590164	0.8	122
0.8409090909090909	0.9	88
0.9555555555555556	1.0	45
0.0	0.1	2
0.2	0.2	20
0.325	0.3	40
0.5102040816326531	0.4	49
0.5520833333333334	0.5	96
0.6836734693877551	0.6	98
0.7017543859649122	0.7	114
0.824	0.8	125
0.8488372093023255	0.9	86
0.92	1.0	50
0.0	0.1	3
0.3333333333333333	0.2	9
0.28125	0.3	32
0.4827586206896552	0.4	58
0.48863636363636365	0.5	88
0.7171717171717171	0.6	99
0.6742424242424242	0.7	132
0.8373983739837398	0.8	123
0.8275862068965517	0.9	87
0.9387755102040817	1.0	49
0.0	0.1	3
0.21428571428571427	0.2	14
0.34782608695652173	0.3	23
0.4838709677419355	0.4	62
0.5393258426966292	0.5	89
0.6206896551724138	0.6	116
0.7338709677419355	0.7	124
0.848	0.8	125
0.8125	0.9	80
0.9318181818181818	1.0	44
0.0	0.0	1
0.25	0.1	4
0.2857142857142857	0.2	14
0.21951219512195122	0.3	41
0.45	0.4	40
0.6595744680851063	0.5	94
0.5961538461538461	0.6	104
0.703125	0.7	128
0.8527131782945736	0.8	129
0.8518518518518519	0.9	81
0.8863636363636364	1.0	44
0.0	0.0	1
0.0	0.1	1
0.17647058823529413	0.2	17
0.25925925925925924	0.3	27
0.49230769230769234	0.4	65
0.5833333333333334	0.5	84
0.6548672566371682	0.6	113
0.7209302325581395	0.7	129
0.8387096774193549	0.8	124
0.821917808219178	0.9	73
0.9130434782608695	1.0	46
0.3333333333333333	0.1	3
0.2857142857142857	0.2	14
0.28125	0.3	32
0.4827586206896552	0.4	58
0.5578947368421052	0.5	95
0.696969696969697	0.6	99
0.7153284671532847	0.7	137
0.7899159663865546	0.8	119
0.8717948717948718	0.9	78
0.8888888888888888	1.0	45
0.5	0.0	2
0.5	0.1	4
0.13333333333333333	0.2	15
0.375	0.3	40
0.4897959183673469	0.4	49
0.5473684210526316	0.5	95
0.66	0.6	100
0.6917293233082706	0.7	133
0.8677685950413223	0.8	121
0.8589743589743589	0.9	78
0.8837209302325582	1.0	43
0.3333333333333333	0.1	3
0.15384615384615385	0.2	13
0.2	0.3	25
0.5245901639344263	0.4	61
0.5625	0.5	80
0.6822429906542056	0.6	107
0.6592592592592592	0.7	135
0.8307692307692308	0.8	130
0.8409090909090909	0.9	88
0.9210526315789473	1.0	38
0.0	0.0	1
0.14285714285714285	0.1	7
0.3333333333333333	0.2	15
0.25	0.3	24
0.4107142857142857	0.4	56
0.6375	0.5	80
0.5686274509803921	0.6	102
0.7542372881355932	0.7	118
0.8046875	0.8	128
0.8297872340425532	0.9	94
0.9090909090909091	1.0	55
0.3333333333333333	0.1	3
0.14285714285714285	0.2	14
0.34615384615384615	0.3	26
0.4727272727272727	0.4	55
0.6266666666666667	0.5	75
0.5625	0.6	112
0.7131782945736435	0.7	129
0.8305084745762712	0.8	118
0.8350515463917526	0.9	97
0.8823529411764706	1.0	51
0.0	0.1	4
0.375	0.2	16
0.2	0.3	30
0.41509433962264153	0.4	53
0.6067415730337079	0.5	89
0.6548672566371682	0.6	113
0.7481481481481481	0.7	135
0.8347826086956521	0.8	115
0.8148148148148148	0.9	81
0.8863636363636364	1.0	44
0.3333333333333333	0.1	6
0.18181818181818182	0.2	11
0.34285714285714286	0.3	35
0.4528301886792453	0.4	53
0.5339805825242718	0.5	103
0.7204301075268817	0.6	93
0.7175572519083969	0.7	131
0.8203125	0.8	128
0.8108108108108109	0.9	74
0.9347826086956522	1.0	46
0.25	0.1	4
0.23529411764705882	0.2	17
0.3548387096774194	0.3	31
0.423728813559322	0.4	59
0.6705882352941176	0.5	85
0.6228070175438597	0.6	114
0.7121212121212122	0.7	132
0.8319327731092437	0.8	119
0.8142857142857143	0.9	70
0.9183673469387755	1.0	49
0.0	0.1	1
0.17647058823529413	0.2	17
0.3333333333333333	0.3	33
0.5	0.4	48
0.5681818181818182	0.5	88
0.6542056074766355	0.6	107
0.7191780821917808	0.7	146
0.8018867924528302	0.8	106
0.813953488372093	0.9	86
0.9583333333333334	1.0	48
0.0	0.1	4
0.23076923076923078	0.2	13
0.36363636363636365	0.3	22
0.37735849056603776	0.4	53
0.6224489795918368	0.5	98
0.6330275229357798	0.6	109
0.7142857142857143	0.7	133
0.7962962962962963	0.8	108
0.8505747126436781	0.9	87
0.9056603773584906	1.0	53
0.25	0.1	4
0.21428571428571427	0.2	14
0.25	0.3	36
0.45098039215686275	0.4	51
0.6339285714285714	0.5	112
0.6442307692307693	0.6	104
0.7153846153846154	0.7	130
0.8521739130434782	0.8	115
0.84	0.9	75
0.9230769230769231	1.0	39
0.0	0.0	1
0.4	0.1	5
0.35714285714285715	0.2	14
0.23333333333333334	0.3	30
0.46153846153846156	0.4	65
0.5897435897435898	0.5	78
0.5773195876288659	0.6	97
0.7913043478260869	0.7	115
0.751937984496124	0.8	129
0.8804347826086957	0.9	92
0.9074074074074074	1.0	54
0.0	0.0	1
0.3333333333333333	0.1	3
0.3	0.2	20
0.2413793103448276	0.3	29
0.39655172413793105	0.4	58
0.6703296703296703	0.5	91
0.6355140186915887	0.6	107
0.7265625	0.7	128
0.8455284552845529	0.8	123
0.8051948051948052	0.9	77
0.9069767441860465	1.0	43
0.3333333333333333	0.1	6
0.21428571428571427	0.2	14
0.2916666666666667	0.3	24
0.41509433962264153	0.4	53
0.6161616161616161	0.5	99
0.6224489795918368	0.6	98
0.7111111111111111	0.7	135
0.8103448275862069	0.8	116
0.8604651162790697	0.9	86
0.8979591836734694	1.0	49
0.5	0.1	2
0.13333333333333333	0.2	15
0.28	0.3	25
0.4915254237288136	0.4	59
0.5686274509803921	0.5	102
0.6601941747572816	0.6	103
0.7238805970149254	0.7	134
0.8130081300813008	0.8	123
0.8378378378378378	0.9	74
0.9302325581395349	1.0	43
0.0	0.1	2
0.13333333333333333	0.2	15
0.34375	0.3	32
0.5079365079365079	0.4	63
0.6444444444444445	0.5	90
0.6146788990825688	0.6	109
0.6917293233082706	0.7	133
0.8442622950819673	0.8	122
0.8333333333333334	0.9	78
0.9444444444444444	1.0	36
0.0	0.1	2
0.3333333333333333	0.2	12
0.2222222222222222	0.3	36
0.5531914893617021	0.4	47
0.5377358490566038	0.5	106
0.6868686868686869	0.6	99
0.6916666666666667	0.7	120
0.837037037037037	0.8	135
0.8051948051948052	0.9	77
0.9347826086956522	1.0	46
0.0	0.1	2
0.3076923076923077	0.2	13
0.20588235294117646	0.3	34
0.46551724137931033	0.4	58
0.632183908045977	0.5	87
0.6226415094339622	0.6	106
0.68	0.7	125
0.8538461538461538	0.8	130
0.8441558441558441	0.9	77
0.9166666666666666	1.0	48
0.2	0.1	5
0.375	0.2	8
0.2	0.3	35
0.48	0.4	50
0.6086956521739131	0.5	92
0.6464646464646465	0.6	99
0.6950354609929078	0.7	141
0.8347107438016529	0.8	121
0.8414634146341463	0.9	82
0.8723404255319149	1.0	47
0.0	0.0	1
0.3333333333333333	0.1	3
0.23076923076923078	0.2	13
0.42857142857142855	0.3	35
0.5	0.4	52
0.5376344086021505	0.5	93
0.6696428571428571	0.6	112
0.71875	0.7	128
0.8294573643410853	0.8	129
0.7894736842105263	0.9	76
0.9210526315789473	1.0	38
0.0	0.0	1
0.6666666666666666	0.1	3
0.2777777777777778	0.2	18
0.1111111111111111	0.3	27
0.4489795918367347	0.4	49
0.6153846153846154	0.5	104
0.6796116504854369	0.6	103
0.6904761904761905	0.7	126
0.8034188034188035	0.8	117
0.8850574712643678	0.9	87
0.8888888888888888	1.0	45
0.0	0.0	1
0.0	0.1	2
0.18181818181818182	0.2	11
0.35714285714285715	0.3	28
0.43636363636363634	0.4	55
0.5842696629213483	0.5	89
0.6116504854368932	0.6	103
0.7338129496402878	0.7	139
0.8110236220472441	0.8	127
0.8375	0.9	80
0.9111111111111111	1.0	45
0.0	0.0	1
0.5	0.1	4
0.2222222222222222	0.2	9
0.3142857142857143	0.3	35
0.40350877192982454	0.4	57
0.6105263157894737	0.5	95
0.6764705882352942	0.6	102
0.6879432624113475	0.7	141
0.8403361344537815	0.8	119
0.8333333333333334	0.9	78
0.9487179487179487	1.0	39
0.0	0.0	1
0.5	0.1	4
0.09090909090909091	0.2	11
0.40625	0.3	32
0.425531914893617	0.4	47
0.5656565656565656	0.5	99
0.6752136752136753	0.6	117
0.7007299270072993	0.7	137
0.8389830508474576	0.8	118
0.8266666666666667	0.9	75
0.9230769230769231	1.0	39
0.0	0.1	3
0.2631578947368421	0.2	19
0.34615384615384615	0.3	26
0.4666666666666667	0.4	60
0.5795454545454546	0.5	88
0.6770833333333334	0.6	96
0.6853146853146853	0.7	143
0.8532110091743119	0.8	109
0.8	0.9	90
0.9347826086956522	1.0	46
0.5	0.1	4
0.18181818181818182	0.2	11
0.34615384615384615	0.3	26
0.4117647058823529	0.4	51
0.5833333333333334	0.5	96
0.6509433962264151	0.6	106
0.7175572519083969	0.7	131
0.8016528925619835	0.8	121
0.8214285714285714	0.9	84
0.9	1.0	50
0.0	0.0	2
0.0	0.1	1
0.2608695652173913	0.2	23
0.391304347826087	0.3	23
0.3770491803278688	0.4	61
0.6153846153846154	0.5	78
0.6574074074074074	0.6	108
0.7073170731707317	0.7	123
0.8235294117647058	0.8	136
0.8	0.9	75
0.96	1.0	50
0.0	0.0	1
0.3333333333333333	0.1	6
0.25	0.2	12
0.3225806451612903	0.3	31
0.44	0.4	50
0.5578947368421052	0.5	95
0.6310679611650486	0.6	103
0.6896551724137931	0.7	116
0.8467741935483871	0.8	124
0.8541666666666666	0.9	96
0.9130434782608695	1.0	46
0.25	0.1	4
0.23076923076923078	0.2	13
0.25925925925925924	0.3	27
0.45614035087719296	0.4	57
0.5844155844155844	0.5	77
0.6666666666666666	0.6	105
0.6991869918699187	0.7	123
0.8135593220338984	0.8	118
0.8144329896907216	0.9	97
0.864406779661017	1.0	59
0.3333333333333333	0.1	3
0.15	0.2	20
0.3870967741935484	0.3	31
0.4838709677419355	0.4	62
0.5955056179775281	0.5	89
0.6476190476190476	0.6	105
0.746268656716418	0.7	134
0.8360655737704918	0.8	122
0.7792207792207793	0.9	77
0.9459459459459459	1.0	37
0.0	0.1	3
0.3333333333333333	0.2	15
0.34375	0.3	32
0.43478260869565216	0.4	46
0.5930232558139535	0.5	86
0.6578947368421053	0.6	114
0.6475409836065574	0.7	122
0.8503937007874016	0.8	127
0.8172043010752689	0.9	93
0.9285714285714286	1.0	42
0.25	0.1	4
0.42857142857142855	0.2	14
0.23333333333333334	0.3	30
0.48148148148148145	0.4	54
0.573170731707317	0.5	82
0.6039603960396039	0.6	101
0.6974789915966386	0.7	119
0.8413793103448276	0.8	145
0.8068181818181818	0.9	88
0.9302325581395349	1.0	43
0.0	0.0	1
0.0	0.1	3
0.4	0.2	15
0.3103448275862069	0.3	29
0.41509433962264153	0.4	53
0.5795454545454546	0.5	88
0.6346153846153846	0.6	104
0.752	0.7	125
0.7984496124031008	0.8	129
0.813953488372093	0.9	86
0.9148936170212766	1.0	47
0.3333333333333333	0.1	6
0.26666666666666666	0.2	15
0.32142857142857145	0.3	28
0.4528301886792453	0.4	53
0.6091954022988506	0.5	87
0.5855855855855856	0.6	111
0.7571428571428571	0.7	140
0.811965811965812	0.8	117
0.8395061728395061	0.9	81
0.9047619047619048	1.0	42
0.0	0.1	2
0.25	0.2	12
0.25925925925925924	0.3	27
0.5	0.4	54
0.5612244897959183	0.5	98
0.6857142857142857	0.6	105
0.6554621848739496	0.7	119
0.8050847457627118	0.8	118
0.8636363636363636	0.9	88
0.8947368421052632	1.0	57
0.0	0.1	2
0.16666666666666666	0.2	12
0.3125	0.3	32
0.47058823529411764	0.4	51
0.5957446808510638	0.5	94
0.57	0.6	100
0.6953125	0.7	128
0.8828125	0.8	128
0.8048780487804879	0.9	82
0.9215686274509803	1.0	51
0.0	0.0	1
0.0	0.1	3
0.2857142857142857	0.2	14
0.2857142857142857	0.3	28
0.41509433962264153	0.4	53
0.6046511627906976	0.5	86
0.6052631578947368	0.6	114
0.75	0.7	116
0.7923076923076923	0.8	130
0.8850574712643678	0.9	87
0.875	1.0	48
0.0	0.0	1
0.25	0.1	4
0.23529411764705882	0.2	17
0.3333333333333333	0.3	30
0.4307692307692308	0.4	65
0.6206896551724138	0.5	87
0.6534653465346535	0.6	101
0.736	0.7	125
0.7807017543859649	0.8	114
0.8651685393258427	0.9	89
0.9148936170212766	1.0	47
0.3333333333333333	0.1	6
0.2	0.2	15
0.3125	0.3	32
0.463768115942029	0.4	69
0.5882352941176471	0.5	68
0.6347826086956522	0.6	115
0.7457627118644068	0.7	118
0.8198198198198198	0.8	111
0.8222222222222222	0.9	90
0.9107142857142857	1.0	56
0.0	0.0	1
0.3333333333333333	0.1	3
0.2	0.2	20
0.41379310344827586	0.3	29
0.49295774647887325	0.4	71
0.5833333333333334	0.5	84
0.6759259259259259	0.6	108
0.7109375	0.7	128
0.8532110091743119	0.8	109
0.7951807228915663	0.9	83
0.9090909090909091	1.0	44
0.0	0.0	1
0.25	0.1	4
0.23529411764705882	0.2	17
0.3333333333333333	0.3	33
0.56	0.4	50
0.5319148936170213	0.5	94
0.7127659574468085	0.6	94
0.7251908396946565	0.7	131
0.7642276422764228	0.8	123
0.8095238095238095	0.9	84
0.9387755102040817	1.0	49
0.0	0.0	1
0.2	0.1	5
0.2857142857142857	0.2	14
0.26666666666666666	0.3	30
0.46938775510204084	0.4	49
0.5869565217391305	0.5	92
0.6509433962264151	0.6	106
0.689922480620155	0.7	129
0.8070175438596491	0.8	114
0.8555555555555555	0.9	90
0.94	1.0	50
0.0	0.0	1
0.42857142857142855	0.1	7
0.13333333333333333	0.2	15
0.3548387096774194	0.3	31
0.42105263157894735	0.4	57
0.5979381443298969	0.5	97
0.65	0.6	100
0.7637795275590551	0.7	127
0.7757009345794392	0.8	107
0.8556701030927835	0.9	97
0.926829268292683	1.0	41
0.25	0.1	4
0.16666666666666666	0.2	12
0.3448275862068966	0.3	29
0.47761194029850745	0.4	67
0.6153846153846154	0.5	91
0.59375	0.6	96
0.7079646017699115	0.7	113
0.8283582089552238	0.8	134
0.8333333333333334	0.9	90
0.9090909090909091	1.0	44
0.2	0.1	5
0.0	0.2	11
0.4	0.3	30
0.41509433962264153	0.4	53
0.5697674418604651	0.5	86
0.66	0.6	100
0.6515151515151515	0.7	132
0.848	0.8	125
0.8666666666666667	0.9	90
0.9166666666666666	1.0	48
0.0	0.0	1
0.5	0.1	2
0.2	0.2	10
0.29411764705882354	0.3	34
0.4489795918367347	0.4	49
0.6145833333333334	0.5	96
0.6161616161616161	0.6	99
0.6857142857142857	0.7	140
0.8672566371681416	0.8	113
0.8021978021978022	0.9	91
0.9333333333333333	1.0	45
0.0	0.0	1
0.3333333333333333	0.1	3
0.3	0.2	10
0.3548387096774194	0.3	31
0.44	0.4	50
0.5681818181818182	0.5	88
0.6326530612244898	0.6	98
0.7153284671532847	0.7	137
0.8320610687022901	0.8	131
0.7721518987341772	0.9	79
0.9038461538461539	1.0	52
0.0	0.0	1
0.3333333333333333	0.1	3
0.17647058823529413	0.2	17
0.35714285714285715	0.3	28
0.375	0.4	64
0.6041666666666666	0.5	96
0.6732673267326733	0.6	101
0.7339449541284404	0.7	109
0.816	0.8	125
0.8478260869565217	0.9	92
0.9090909090909091	1.0	44
0.0	0.1	2
0.3333333333333333	0.2	9
0.2222222222222222	0.3	27
0.4444444444444444	0.4	54
0.5555555555555556	0.5	90
0.6460176991150443	0.6	113
0.7122302158273381	0.7	139
0.816	0.8	125
0.8421052631578947	0.9	76
0.9555555555555556	1.0	45
0.2	0.1	5
0.36363636363636365	0.2	11
0.28125	0.3	32
0.37037037037037035	0.4	54
0.6122448979591837	0.5	98
0.6767676767676768	0.6	99
0.6916666666666667	0.7	120
0.816	0.8	125
0.8541666666666666	0.9	96
0.9	1.0	40
0.0	0.0	1
0.0	0.1	5
0.4	0.2	20
0.1935483870967742	0.3	31
0.5	0.4	64
0.6091954022988506	0.5	87
0.6213592233009708	0.6	103
0.7586206896551724	0.7	116
0.8050847457627118	0.8	118
0.851063829787234	0.9	94
0.926829268292683	1.0	41
0.0	0.0	1
0.16666666666666666	0.1	6
0.2857142857142857	0.2	14
0.3	0.3	30
0.5	0.4	62
0.5542168674698795	0.5	83
0.6666666666666666	0.6	99
0.7348484848484849	0.7	132
0.7966101694915254	0.8	118
0.8192771084337349	0.9	83
0.9230769230769231	1.0	52
0.0	0.0	1
0.25	0.1	4
0.3333333333333333	0.2	18
0.17857142857142858	0.3	28
0.5172413793103449	0.4	58
0.6105263157894737	0.5	95
0.6057692307692307	0.6	104
0.75	0.7	136
0.8225806451612904	0.8	124
0.8382352941176471	0.9	68
0.9090909090909091	1.0	44
0.0	0.0	1
0.5	0.1	4
0.2	0.2	15
0.2727272727272727	0.3	33
0.4423076923076923	0.4	52
0.6526315789473685	0.5	95
0.6355140186915887	0.6	107
0.7014925373134329	0.7	134
0.8421052631578947	0.8	114
0.810126582278481	0.9	79
0.9347826086956522	1.0	46
0.13333333333333333	0.2	15
0.23076923076923078	0.3	26
0.47368421052631576	0.4	57
0.6162790697674418	0.5	86
0.6310679611650486	0.6	103
0.6911764705882353	0.7	136
0.8	0.8	110
0.8585858585858586	0.9	99
0.9166666666666666	1.0	48
0.0	0.0	1
0.25	0.1	4
0.2222222222222222	0.2	18
0.38461538461538464	0.3	26
0.4	0.4	50
0.5949367088607594	0.5	79
0.6086956521739131	0.6	115
0.7410071942446043	0.7	139
0.8492063492063492	0.8	126
0.7922077922077922	0.9	77
0.9111111111111111	1.0	45
0.0	0.0	1
0.4	0.1	5
0.26666666666666666	0.2	15
0.2222222222222222	0.3	27
0.46153846153846156	0.4	52
0.5833333333333334	0.5	84
0.6699029126213593	0.6	103
0.6956521739130435	0.7	138
0.8064516129032258	0.8	124
0.8555555555555555	0.9	90
0.9024390243902439	1.0	41
0.0	0.0	1
0.2	0.1	5
0.23529411764705882	0.2	17
0.25	0.3	32
0.5	0.4	54
0.5930232558139535	0.5	86
0.6082474226804123	0.6	97
0.7247706422018348	0.7	109
0.8270676691729323	0.8	133
0.8105263157894737	0.9	95
0.9411764705882353	1.0	51
0.5	0.1	2
0.3	0.2	20
0.20588235294117646	0.3	34
0.5084745762711864	0.4	59
0.5909090909090909	0.5	88
0.6782608695652174	0.6	115
0.72	0.7	125
0.8278688524590164	0.8	122
0.8356164383561644	0.9	73
0.9047619047619048	1.0	42
0.0	0.1	3
0.2727272727272727	0.2	11
0.34615384615384615	0.3	26
0.36666666666666664	0.4	60
0.631578947368421	0.5	95
0.5833333333333334	0.6	108
0.7769230769230769	0.7	130
0.788135593220339	0.8	118
0.8604651162790697	0.9	86
0.9069767441860465	1.0	43
0.0	0.0	1
0.25	0.1	4
0.21428571428571427	0.2	14
0.30303030303030304	0.3	33
0.46296296296296297	0.4	54
0.6336633663366337	0.5	101
0.6210526315789474	0.6	95
0.7092198581560284	0.7	141
0.8429752066115702	0.8	121
0.8311688311688312	0.9	77
0.9230769230769231	1.0	39
0.3333333333333333	0.1	3
0.25	0.2	20
0.32142857142857145	0.3	28
0.4528301886792453	0.4	53
0.6455696202531646	0.5	79
0.5887850467289719	0.6	107
0.7164179104477612	0.7	134
0.824	0.8	125
0.8024691358024691	0.9	81
0.94	1.0	50
0.3333333333333333	0.1	3
0.21428571428571427	0.2	14
0.2413793103448276	0.3	29
0.5294117647058824	0.4	51
0.5822784810126582	0.5	79
0.584070796460177	0.6	113
0.7518248175182481	0.7	137
0.84251968503937	0.8	127
0.7613636363636364	0.9	88
0.9487179487179487	1.0	39
0.5	0.1	4
0.15384615384615385	0.2	13
0.358974358974359	0.3	39
0.4166666666666667	0.4	48
0.6352941176470588	0.5	85
0.6161616161616161	0.6	99
0.7183098591549296	0.7	142
0.8272727272727273	0.8	110
0.8181818181818182	0.9	88
0.8846153846153846	1.0	52
0.0	0.0	1
0.5	0.1	4
0.09090909090909091	0.2	11
0.4090909090909091	0.3	22
0.44642857142857145	0.4	56
0.5104166666666666	0.5	96
0.6761904761904762	0.6	105
0.6985294117647058	0.7	136
0.8032786885245902	0.8	122
0.9024390243902439	0.9	82
0.8888888888888888	1.0	45
0.0	0.0	1
0.3333333333333333	0.1	3
0.2727272727272727	0.2	11
0.32608695652173914	0.3	46
0.5185185185185185	0.4	54
0.5876288659793815	0.5	97
0.6304347826086957	0.6	92
0.725	0.7	120
0.8130081300813008	0.8	123
0.8271604938271605	0.9	81
0.9230769230769231	1.0	52
0.3333333333333333	0.1	3
0.25	0.2	12
0.2647058823529412	0.3	34
0.4838709677419355	0.4	62
0.6063829787234043	0.5	94
0.6203703703703703	0.6	108
0.7142857142857143	0.7	119
0.8376068376068376	0.8	117
0.8433734939759037	0.9	83
0.9166666666666666	1.0	48
0.0	0.1	2
0.2222222222222222	0.2	9
0.2916666666666667	0.3	24
0.42857142857142855	0.4	49
0.5595238095238095	0.5	84
0.5981308411214953	0.6	107
0.7	0.7	130
0.8344827586206897	0.8	145
0.8117647058823529	0.9	85
0.9333333333333333	1.0	45
0.0	0.1	2
0.17647058823529413	0.2	17
0.35135135135135137	0.3	37
0.4918032786885246	0.4	61
0.6021505376344086	0.5	93
0.6764705882352942	0.6	102
0.7142857142857143	0.7	112
0.796875	0.8	128
0.8571428571428571	0.9	84
0.8863636363636364	1.0	44
0.0	0.1	3
0.5	0.2	8
0.2692307692307692	0.3	26
0.4423076923076923	0.4	52
0.5217391304347826	0.5	92
0.6491228070175439	0.6	114
0.7083333333333334	0.7	120
0.8283582089552238	0.8	134
0.8227848101265823	0.9	79
0.9038461538461539	1.0	52
0.0	0.1	4
0.3333333333333333	0.2	12
0.25	0.3	28
0.5161290322580645	0.4	62
0.5543478260869565	0.5	92
0.6105263157894737	0.6	95
0.704	0.7	125
0.8449612403100775	0.8	129
0.8227848101265823	0.9	79
0.9259259259259259	1.0	54
0.0	0.0	1
0.0	0.1	3
0.5454545454545454	0.2	11
0.22857142857142856	0.3	35
0.5147058823529411	0.4	68
0.5975609756097561	0.5	82
0.6310679611650486	0.6	103
0.7016129032258065	0.7	124
0.8244274809160306	0.8	131
0.8309859154929577	0.9	71
0.9215686274509803	1.0	51
0.0	0.0	1
0.16666666666666666	0.1	6
0.3	0.2	10
0.20512820512820512	0.3	39
0.5	0.4	48
0.6476190476190476	0.5	105
0.5876288659793815	0.6	97
0.7410071942446043	0.7	139
0.8448275862068966	0.8	116
0.8194444444444444	0.9	72
0.9148936170212766	1.0	47
0.0	0.0	1
0.3333333333333333	0.1	6
0.16666666666666666	0.2	12
0.30303030303030304	0.3	33
0.49019607843137253	0.4	51
0.6451612903225806	0.5	93
0.6190476190476191	0.6	105
0.6911764705882353	0.7	136
0.8448275862068966	0.8	116
0.8170731707317073	0.9	82
0.9111111111111111	1.0	45
0.3333333333333333	0.1	3
0.1875	0.2	16
0.34615384615384615	0.3	26
0.39215686274509803	0.4	51
0.5862068965517241	0.5	87
0.6071428571428571	0.6	112
0.75	0.7	140
0.7983870967741935	0.8	124
0.8717948717948718	0.9	78
0.9302325581395349	1.0	43
0.0	0.1	2
0.3333333333333333	0.2	18
0.28125	0.3	32
0.4411764705882353	0.4	68
0.625	0.5	96
0.6767676767676768	0.6	99
0.7222222222222222	0.7	126
0.831858407079646	0.8	113
0.8255813953488372	0.9	86
0.9	1.0	40
0.0	0.0	3
0.6666666666666666	0.1	3
0.14285714285714285	0.2	14
0.21428571428571427	0.3	28
0.5535714285714286	0.4	56
0.5194805194805194	0.5	77
0.6517857142857143	0.6	112
0.7419354838709677	0.7	124
0.7902097902097902	0.8	143
0.8441558441558441	0.9	77
0.9302325581395349	1.0	43
0.5	0.1	4
0.06666666666666667	0.2	15
0.25925925925925924	0.3	27
0.4727272727272727	0.4	55
0.5980392156862745	0.5	102
0.6194690265486725	0.6	113
0.753968253968254	0.7	126
0.8319327731092437	0.8	119
0.8266666666666667	0.9	75
0.9318181818181818	1.0	44
0.0	0.0	1
0.3333333333333333	0.1	3
0.08333333333333333	0.2	12
0.375	0.3	32
0.4426229508196721	0.4	61
0.6043956043956044	0.5	91
0.6435643564356436	0.6	101
0.72	0.7	125
0.8099173553719008	0.8	121
0.8554216867469879	0.9	83
0.88	1.0	50
0.3076923076923077	0.2	13
0.25925925925925924	0.3	27
0.46875	0.4	64
0.5851063829787234	0.5	94
0.6346153846153846	0.6	104
0.697841726618705	0.7	139
0.8392857142857143	0.8	112
0.8433734939759037	0.9	83
0.9318181818181818	1.0	44
0.25	0.1	4
0.25	0.2	12
0.23529411764705882	0.3	34
0.52	0.4	50
0.6144578313253012	0.5	83
0.6106194690265486	0.6	113
0.7578125	0.7	128
0.7674418604651163	0.8	129
0.8214285714285714	0.9	84
0.9534883720930233	1.0	43
0.0	0.1	4
0.25	0.2	12
0.325	0.3	40
0.47692307692307695	0.4	65
0.5576923076923077	0.5	104
0.6857142857142857	0.6	105
0.7540983606557377	0.7	122
0.8454545454545455	0.8	110
0.8354430379746836	0.9	79
0.9230769230769231	1.0	39
0.0	0.1	3
0.38461538461538464	0.2	13
0.25	0.3	36
0.5686274509803921	0.4	51
0.5454545454545454	0.5	110
0.6666666666666666	0.6	99
0.725925925925926	0.7	135
0.8260869565217391	0.8	115
0.8421052631578947	0.9	76
0.9047619047619048	1.0	42
0.3333333333333333	0.1	6
0.2857142857142857	0.2	14
0.2894736842105263	0.3	38
0.5079365079365079	0.4	63
0.5660377358490566	0.5	106
0.6759259259259259	0.6	108
0.74	0.7	100
0.808	0.8	125
0.8481012658227848	0.9	79
0.975609756097561	1.0	41
0.0	0.1	2
0.29411764705882354	0.2	17
0.15625	0.3	32
0.5185185185185185	0.4	54
0.6179775280898876	0.5	89
0.648936170212766	0.6	94
0.6666666666666666	0.7	126
0.848	0.8	125
0.8260869565217391	0.9	92
0.8979591836734694	1.0	49
0.3333333333333333	0.1	3
0.06666666666666667	0.2	15
0.37142857142857144	0.3	35
0.5614035087719298	0.4	57
0.5434782608695652	0.5	92
0.6470588235294118	0.6	102
0.704225352112676	0.7	142
0.8333333333333334	0.8	114
0.8904109589041096	0.9	73
0.8723404255319149	1.0	47
0.25	0.1	4
0.2	0.2	10
0.32142857142857145	0.3	28
0.375	0.4	40
0.5769230769230769	0.5	78
0.5803571428571429	0.6	112
0.6923076923076923	0.7	143
0.8615384615384616	0.8	130
0.8181818181818182	0.9	88
0.9361702127659575	1.0	47
0.0	0.0	1
0.3333333333333333	0.1	3
0.14285714285714285	0.2	14
0.4	0.3	30
0.3958333333333333	0.4	48
0.5480769230769231	0.5	104
0.7021276595744681	0.6	94
0.7575757575757576	0.7	132
0.7936507936507936	0.8	126
0.7875	0.9	80
0.9166666666666666	1.0	48
0.0	0.0	1
0.6666666666666666	0.1	3
0.1	0.2	10
0.4	0.3	35
0.49206349206349204	0.4	63
0.5416666666666666	0.5	96
0.6276595744680851	0.6	94
0.7203389830508474	0.7	118
0.8253968253968254	0.8	126
0.8390804597701149	0.9	87
0.9148936170212766	1.0	47
0.0	0.0	2
0.6666666666666666	0.1	3
0.06666666666666667	0.2	15
0.2857142857142857	0.3	28
0.4888888888888889	0.4	45
0.6179775280898876	0.5	89
0.5858585858585859	0.6	99
0.704225352112676	0.7	142
0.84	0.8	125
0.8333333333333334	0.9	90
0.9047619047619048	1.0	42
0.0	0.0	1
0.3333333333333333	0.1	3
0.1	0.2	10
0.39285714285714285	0.3	28
0.5272727272727272	0.4	55
0.4838709677419355	0.5	93
0.6442307692307693	0.6	104
0.7054263565891473	0.7	129
0.8416666666666667	0.8	120
0.8522727272727273	0.9	88
0.8775510204081632	1.0	49
0.25	0.1	4
0.125	0.2	8
0.32432432432432434	0.3	37
0.4807692307692308	0.4	52
0.5875	0.5	80
0.6460176991150443	0.6	113
0.6821705426356589	0.7	129
0.8403361344537815	0.8	119
0.8181818181818182	0.9	88
0.9	1.0	50
0.0	0.1	2
0.2727272727272727	0.2	11
0.4	0.3	25
0.3793103448275862	0.4	58
0.5660377358490566	0.5	106
0.7096774193548387	0.6	93
0.6766917293233082	0.7	133
0.8225806451612904	0.8	124
0.8395061728395061	0.9	81
0.9148936170212766	1.0	47
0.3333333333333333	0.1	3
0.15	0.2	20
0.16666666666666666	0.3	30
0.5625	0.4	64
0.6	0.5	90
0.6831683168316832	0.6	101
0.6793893129770993	0.7	131
0.8596491228070176	0.8	114
0.8354430379746836	0.9	79
0.8958333333333334	1.0	48
0.0	0.0	1
0.0	0.1	4
0.4166666666666667	0.2	12
0.3055555555555556	0.3	36
0.48	0.4	50
0.5980392156862745	0.5	102
0.6304347826086957	0.6	92
0.7361111111111112	0.7	144
0.8166666666666667	0.8	120
0.8194444444444444	0.9	72
0.8936170212765957	1.0	47
0.0	0.0	1
0.3333333333333333	0.1	3
0.25	0.2	12
0.34375	0.3	32
0.42857142857142855	0.4	63
0.5730337078651685	0.5	89
0.6388888888888888	0.6	108
0.7441860465116279	0.7	129
0.8392857142857143	0.8	112
0.8227848101265823	0.9	79
0.9038461538461539	1.0	52
0.3333333333333333	0.1	3
0.23076923076923078	0.2	13
0.3333333333333333	0.3	36
0.45098039215686275	0.4	51
0.6170212765957447	0.5	94
0.6170212765957447	0.6	94
0.6637168141592921	0.7	113
0.8549618320610687	0.8	131
0.8297872340425532	0.9	94
0.8627450980392157	1.0	51
0.0	0.1	3
0.16666666666666666	0.2	12
0.3333333333333333	0.3	24
0.3953488372093023	0.4	43
0.5773195876288659	0.5	97
0.6752136752136753	0.6	117
0.7086092715231788	0.7	151
0.8347826086956521	0.8	115
0.8108108108108109	0.9	74
0.8863636363636364	1.0	44
0.2	0.1	5
0.25	0.2	12
0.3125	0.3	32
0.4067796610169492	0.4	59
0.5714285714285714	0.5	105
0.6559139784946236	0.6	93
0.7288135593220338	0.7	118
0.8571428571428571	0.8	119
0.8089887640449438	0.9	89
0.9375	1.0	48
0.0	0.0	1
0.5	0.1	2
0.25	0.2	12
0.23076923076923078	0.3	26
0.5333333333333333	0.4	45
0.5555555555555556	0.5	72
0.5583333333333333	0.6	120
0.7445255474452555	0.7	137
0.8208955223880597	0.8	134
0.8235294117647058	0.9	85
0.8913043478260869	1.0	46
0.25	0.1	4
0.25	0.2	12
0.34615384615384615	0.3	26
0.4	0.4	50
0.6236559139784946	0.5	93
0.6355140186915887	0.6	107
0.6689655172413793	0.7	145
0.8487394957983193	0.8	119
0.8433734939759037	0.9	83
0.9024390243902439	1.0	41
0.5	0.1	4
0.0	0.2	12
0.2777777777777778	0.3	36
0.5666666666666667	0.4	60
0.5316455696202531	0.5	79
0.6792452830188679	0.6	106
0.7007299270072993	0.7	137
0.8208955223880597	0.8	134
0.855072463768116	0.9	69
0.9069767441860465	1.0	43
0.16666666666666666	0.1	6
0.25	0.2	16
0.38461538461538464	0.3	26
0.425531914893617	0.4	47
0.5529411764705883	0.5	85
0.6470588235294118	0.6	119
0.7058823529411765	0.7	119
0.8211382113821138	0.8	123
0.8387096774193549	0.9	93
0.9130434782608695	1.0	46
0.0	0.0	1
0.0	0.1	2
0.2631578947368421	0.2	19
0.3548387096774194	0.3	31
0.4339622641509434	0.4	53
0.6082474226804123	0.5	97
0.6330275229357798	0.6	109
0.6972477064220184	0.7	109
0.8769230769230769	0.8	130
0.7816091954022989	0.9	87
0.9285714285714286	1.0	42
0.6666666666666666	0.1	3
0.16666666666666666	0.2	12
0.34375	0.3	32
0.40384615384615385	0.4	52
0.5517241379310345	0.5	87
0.6949152542372882	0.6	118
0.6991869918699187	0.7	123
0.803030303030303	0.8	132
0.863013698630137	0.9	73
0.8958333333333334	1.0	48
0.3333333333333333	0.1	3
0.3	0.2	10
0.26666666666666666	0.3	30
0.4666666666666667	0.4	45
0.5918367346938775	0.5	98
0.6020408163265306	0.6	98
0.7111111111111111	0.7	135
0.823076923076923	0.8	130
0.8295454545454546	0.9	88
0.8837209302325582	1.0	43
0.14285714285714285	0.1	7
0.21428571428571427	0.2	14
0.21052631578947367	0.3	19
0.5161290322580645	0.4	62
0.575	0.5	80
0.6122448979591837	0.6	98
0.743801652892562	0.7	121
0.7841726618705036	0.8	139
0.8314606741573034	0.9	89
0.8823529411764706	1.0	51
0.0	0.0	2
0.25	0.1	4
0.21052631578947367	0.2	19
0.36363636363636365	0.3	33
0.45652173913043476	0.4	46
0.6352941176470588	0.5	85
0.672566371681416	0.6	113
0.6911764705882353	0.7	136
0.8235294117647058	0.8	119
0.7974683544303798	0.9	79
0.9318181818181818	1.0	44
0.2	0.1	5
0.2857142857142857	0.2	14
0.3225806451612903	0.3	31
0.49122807017543857	0.4	57
0.5643564356435643	0.5	101
0.7058823529411765	0.6	102
0.6942148760330579	0.7	121
0.8031496062992126	0.8	127
0.8266666666666667	0.9	75
0.9361702127659575	1.0	47
0.0	0.0	1
0.25	0.1	4
0.15384615384615385	0.2	13
0.4	0.3	25
0.3888888888888889	0.4	54
0.6179775280898876	0.5	89
0.6106194690265486	0.6	113
0.7457627118644068	0.7	118
0.8225806451612904	0.8	124
0.813953488372093	0.9	86
0.8679245283018868	1.0	53
0.3333333333333333	0.1	3
0.14285714285714285	0.2	14
0.2631578947368421	0.3	19
0.375	0.4	48
0.6025641025641025	0.5	78
0.6528925619834711	0.6	121
0.6785714285714286	0.7	140
0.8387096774193549	0.8	124
0.8024691358024691	0.9	81
0.9230769230769231	1.0	52
0.0	0.1	1
0.23529411764705882	0.2	17
0.3225806451612903	0.3	31
0.49122807017543857	0.4	57
0.59375	0.5	96
0.6636363636363637	0.6	110
0.7131782945736435	0.7	129
0.8306451612903226	0.8	124
0.8157894736842105	0.9	76
0.8974358974358975	1.0	39
0.0	0.1	3
0.42857142857142855	0.2	14
0.21875	0.3	32
0.45	0.4	60
0.6190476190476191	0.5	84
0.6306306306306306	0.6	111
0.6967213114754098	0.7	122
0.8629032258064516	0.8	124
0.8	0.9	85
0.9333333333333333	1.0	45
0.16666666666666666	0.1	6
0.3	0.2	10
0.36666666666666664	0.3	30
0.46875	0.4	64
0.47368421052631576	0.5	95
0.7314814814814815	0.6	108
0.75	0.7	132
0.808695652173913	0.8	115
0.8194444444444444	0.9	72
0.9166666666666666	1.0	48
0.0	0.1	4
0.35294117647058826	0.2	17
0.2692307692307692	0.3	26
0.4126984126984127	0.4	63
0.65	0.5	80
0.6363636363636364	0.6	110
0.7111111111111111	0.7	135
0.8363636363636363	0.8	110
0.8064516129032258	0.9	93
0.9523809523809523	1.0	42
0.0	0.1	4
0.26666666666666666	0.2	15
0.42105263157894735	0.3	38
0.4605263157894737	0.4	76
0.5641025641025641	0.5	78
0.7027027027027027	0.6	111
0.7301587301587301	0.7	126
0.8240740740740741	0.8	108
0.8289473684210527	0.9	76
0.8958333333333334	1.0	48
0.25	0.2	8
0.25925925925925924	0.3	27
0.42424242424242425	0.4	66
0.5698924731182796	0.5	93
0.6637168141592921	0.6	113
0.71900826446281	0.7	121
0.8205128205128205	0.8	117
0.8314606741573034	0.9	89
0.9130434782608695	1.0	46
0.0	0.0	1
0.25	0.1	4
0.26666666666666666	0.2	15
0.24	0.3	25
0.4727272727272727	0.4	55
0.581081081081081	0.5	74
0.6224489795918368	0.6	98
0.7021276595744681	0.7	141
0.8203125	0.8	128
0.8260869565217391	0.9	92
0.9148936170212766	1.0	47
0.0	0.0	1
0.25	0.1	4
0.1	0.2	10
0.3939393939393939	0.3	33
0.4186046511627907	0.4	43
0.5894736842105263	0.5	95
0.6354166666666666	0.6	96
0.6911764705882353	0.7	136
0.8484848484848485	0.8	132
0.7912087912087912	0.9	91
0.9230769230769231	1.0	39
0.2	0.1	5
0.25	0.2	12
0.29411764705882354	0.3	34
0.4576271186440678	0.4	59
0.6210526315789474	0.5	95
0.5777777777777777	0.6	90
0.7532467532467533	0.7	154
0.8290598290598291	0.8	117
0.8378378378378378	0.9	74
0.925	1.0	40
0.2	0.1	5
0.2857142857142857	0.2	14
0.41025641025641024	0.3	39
0.4406779661016949	0.4	59
0.6105263157894737	0.5	95
0.6237623762376238	0.6	101
0.7083333333333334	0.7	120
0.8135593220338984	0.8	118
0.8607594936708861	0.9	79
0.94	1.0	50
0.25	0.1	4
0.0	0.2	9
0.3103448275862069	0.3	29
0.45614035087719296	0.4	57
0.5742574257425742	0.5	101
0.6813186813186813	0.6	91
0.7253521126760564	0.7	142
0.8125	0.8	112
0.8260869565217391	0.9	92
0.8837209302325582	1.0	43
0.2	0.1	5
0.21428571428571427	0.2	14
0.3	0.3	30
0.49122807017543857	0.4	57
0.5657894736842105	0.5	76
0.6635514018691588	0.6	107
0.7122302158273381	0.7	139
0.7851239669421488	0.8	121
0.8588235294117647	0.9	85
0.9130434782608695	1.0	46
0.0	0.0	1
0.25	0.1	4
0.23076923076923078	0.2	13
0.3333333333333333	0.3	33
0.42592592592592593	0.4	54
0.5652173913043478	0.5	92
0.6181818181818182	0.6	110
0.7615384615384615	0.7	130
0.8373983739837398	0.8	123
0.8289473684210527	0.9	76
0.9318181818181818	1.0	44
0.0	0.1	2
0.2857142857142857	0.2	14
0.2962962962962963	0.3	27
0.4166666666666667	0.4	48
0.5517241379310345	0.5	87
0.6448598130841121	0.6	107
0.7153846153846154	0.7	130
0.8321167883211679	0.8	137
0.8289473684210527	0.9	76
0.8653846153846154	1.0	52
0.0	0.1	5
0.3333333333333333	0.2	6
0.22580645161290322	0.3	31
0.4918032786885246	0.4	61
0.5934065934065934	0.5	91
0.6538461538461539	0.6	104
0.6880733944954128	0.7	109
0.8148148148148148	0.8	135
0.8064516129032258	0.9	93
0.9555555555555556	1.0	45
0.0	0.1	3
0.15384615384615385	0.2	13
0.4166666666666667	0.3	24
0.3829787234042553	0.4	47
0.6049382716049383	0.5	81
0.6181818181818182	0.6	110
0.7407407407407407	0.7	135
0.7593984962406015	0.8	133
0.8375	0.9	80
0.9074074074074074	1.0	54
0.0	0.1	2
0.2727272727272727	0.2	11
0.2857142857142857	0.3	28
0.49206349206349204	0.4	63
0.6162790697674418	0.5	86
0.616822429906542	0.6	107
0.6821705426356589	0.7	129
0.788135593220339	0.8	118
0.8829787234042553	0.9	94
0.9285714285714286	1.0	42
0.25	0.1	4
0.15384615384615385	0.2	13
0.25806451612903225	0.3	31
0.5	0.4	58
0.6210526315789474	0.5	95
0.6116504854368932	0.6	103
0.7388059701492538	0.7	134
0.8064516129032258	0.8	124
0.8333333333333334	0.9	66
0.9230769230769231	1.0	52
0.16666666666666666	0.1	6
0.2727272727272727	0.2	11
0.3055555555555556	0.3	36
0.45614035087719296	0.4	57
0.651685393258427	0.5	89
0.6140350877192983	0.6	114
0.7264957264957265	0.7	117
0.7981651376146789	0.8	109
0.8604651162790697	0.9	86
0.8909090909090909	1.0	55
0.0	0.1	2
0.2857142857142857	0.2	14
0.3142857142857143	0.3	35
0.45161290322580644	0.4	62
0.6019417475728155	0.5	103
0.6222222222222222	0.6	90
0.7751937984496124	0.7	129
0.7777777777777778	0.8	126
0.8933333333333333	0.9	75
0.8636363636363636	1.0	44
0.0	0.1	4
0.3333333333333333	0.2	12
0.2222222222222222	0.3	27
0.4838709677419355	0.4	62
0.5647058823529412	0.5	85
0.6132075471698113	0.6	106
0.7432432432432432	0.7	148
0.8571428571428571	0.8	112
0.8192771084337349	0.9	83
0.9024390243902439	1.0	41
0.0	0.0	1
0.25	0.1	4
0.23076923076923078	0.2	13
0.28125	0.3	32
0.5102040816326531	0.4	49
0.5555555555555556	0.5	99
0.65	0.6	100
0.7345132743362832	0.7	113
0.7868852459016393	0.8	122
0.8369565217391305	0.9	92
0.9090909090909091	1.0	55
0.0	0.0	1
0.4	0.1	5
0.21052631578947367	0.2	19
0.2857142857142857	0.3	28
0.4603174603174603	0.4	63
0.5747126436781609	0.5	87
0.7	0.6	110
0.6403508771929824	0.7	114
0.859504132231405	0.8	121
0.8409090909090909	0.9	88
0.9772727272727273	1.0	44
0.0	0.0	1
0.5	0.1	4
0.125	0.2	8
0.16666666666666666	0.3	30
0.4716981132075472	0.4	53
0.6506024096385542	0.5	83
0.6274509803921569	0.6	102
0.6762589928057554	0.7	139
0.8201438848920863	0.8	139
0.85	0.9	80
0.9024390243902439	1.0	41
0.0	0.0	1
0.25	0.1	8
0.3076923076923077	0.2	13
0.2903225806451613	0.3	31
0.5	0.4	52
0.6162790697674418	0.5	86
0.59375	0.6	96
0.7063492063492064	0.7	126
0.8017241379310345	0.8	116
0.84375	0.9	96
0.9090909090909091	1.0	55
0.0	0.1	3
0.2727272727272727	0.2	11
0.2571428571428571	0.3	35
0.47540983606557374	0.4	61
0.6057692307692307	0.5	104
0.7244897959183674	0.6	98
0.6439393939393939	0.7	132
0.8362068965517241	0.8	116
0.8536585365853658	0.9	82
0.9736842105263158	1.0	38
0.0	0.0	1
0.3333333333333333	0.1	6
0.25	0.2	12
0.16666666666666666	0.3	24
0.4583333333333333	0.4	48
0.5858585858585859	0.5	99
0.6090909090909091	0.6	110
0.7131147540983607	0.7	122
0.8559322033898306	0.8	118
0.8372093023255814	0.9	86
0.8888888888888888	1.0	54
0.0	0.0	1
0.2	0.1	5
0.3076923076923077	0.2	13
0.38235294117647056	0.3	34
0.4444444444444444	0.4	45
0.5494505494505495	0.5	91
0.6272727272727273	0.6	110
0.7232142857142857	0.7	112
0.8142857142857143	0.8	140
0.8313253012048193	0.9	83
0.9347826086956522	1.0	46
0.0	0.1	4
0.2857142857142857	0.2	14
0.28	0.3	25
0.4426229508196721	0.4	61
0.6288659793814433	0.5	97
0.594059405940594	0.6	101
0.7445255474452555	0.7	137
0.8275862068965517	0.8	116
0.8026315789473685	0.9	76
0.9387755102040817	1.0	49
1.0	0.1	1
0.13333333333333333	0.2	15
0.34210526315789475	0.3	38
0.42857142857142855	0.4	49
0.6210526315789474	0.5	95
0.68	0.6	100
0.6888888888888889	0.7	135
0.8099173553719008	0.8	121
0.8452380952380952	0.9	84
0.9047619047619048	1.0	42
0.0	0.0	1
0.0	0.1	2
0.26666666666666666	0.2	15
0.2972972972972973	0.3	37
0.42	0.4	50
0.6111111111111112	0.5	90
0.6534653465346535	0.6	101
0.7142857142857143	0.7	119
0.8428571428571429	0.8	140
0.7926829268292683	0.9	82
0.9069767441860465	1.0	43
0.16666666666666666	0.1	6
0.1875	0.2	16
0.28205128205128205	0.3	39
0.5185185185185185	0.4	54
0.6105263157894737	0.5	95
0.6862745098039216	0.6	102
0.7071428571428572	0.7	140
0.8214285714285714	0.8	112
0.8493150684931506	0.9	73
0.9302325581395349	1.0	43
0.0	0.0	1
0.3333333333333333	0.1	3
0.1	0.2	10
0.2857142857142857	0.3	35
0.46551724137931033	0.4	58
0.5869565217391305	0.5	92
0.6782608695652174	0.6	115
0.6953125	0.7	128
0.85	0.8	120
0.8378378378378378	0.9	74
0.9090909090909091	1.0	44
0.25	0.1	4
0.2727272727272727	0.2	11
0.22857142857142856	0.3	35
0.4528301886792453	0.4	53
0.6091954022988506	0.5	87
0.6833333333333333	0.6	120
0.7058823529411765	0.7	119
0.8095238095238095	0.8	126
0.8148148148148148	0.9	81
0.9318181818181818	1.0	44
0.0	0.0	1
0.0	0.1	1
0.26666666666666666	0.2	15
0.2608695652173913	0.3	23
0.5454545454545454	0.4	55
0.5625	0.5	96
0.5728155339805825	0.6	103
0.7086614173228346	0.7	127
0.8455284552845529	0.8	123
0.8275862068965517	0.9	87
0.9183673469387755	1.0	49
0.0	0.0	1
0.3333333333333333	0.1	3
0.3333333333333333	0.2	12
0.2631578947368421	0.3	38
0.5	0.4	66
0.5609756097560976	0.5	82
0.6509433962264151	0.6	106
0.7480916030534351	0.7	131
0.808695652173913	0.8	115
0.85	0.9	80
0.9130434782608695	1.0	46
0.0	0.0	1
0.0	0.1	2
0.3888888888888889	0.2	18
0.2413793103448276	0.3	29
0.43636363636363634	0.4	55
0.6021505376344086	0.5	93
0.660377358490566	0.6	106
0.753968253968254	0.7	126
0.7804878048780488	0.8	123
0.8227848101265823	0.9	79
0.9166666666666666	1.0	48
0.0	0.0	2
0.6666666666666666	0.1	3
0.2222222222222222	0.2	18
0.4230769230769231	0.3	26
0.4523809523809524	0.4	42
0.5119047619047619	0.5	84
0.6068376068376068	0.6	117
0.7307692307692307	0.7	130
0.825	0.8	120
0.8494623655913979	0.9	93
0.9111111111111111	1.0	45
0.0	0.0	1
0.2857142857142857	0.1	7
0.07142857142857142	0.2	14
0.3181818181818182	0.3	22
0.4576271186440678	0.4	59
0.5483870967741935	0.5	93
0.6274509803921569	0.6	102
0.7482014388489209	0.7	139
0.8269230769230769	0.8	104
0.8478260869565217	0.9	92
0.9361702127659575	1.0	47
0.0	0.1	3
0.15384615384615385	0.2	13
0.2962962962962963	0.3	27
0.5660377358490566	0.4	53
0.5681818181818182	0.5	88
0.6090909090909091	0.6	110
0.6864406779661016	0.7	118
0.832	0.8	125
0.84	0.9	100
0.8837209302325582	1.0	43
0.5	0.1	4
0.2	0.2	15
0.3125	0.3	32
0.38181818181818183	0.4	55
0.6237623762376238	0.5	101
0.6421052631578947	0.6	95
0.7209302325581395	0.7	129
0.832	0.8	125
0.8552631578947368	0.9	76
0.875	1.0	48
0.16666666666666666	0.2	6
0.2222222222222222	0.3	27
0.45	0.4	40
0.5208333333333334	0.5	96
0.6611570247933884	0.6	121
0.7222222222222222	0.7	126
0.7478991596638656	0.8	119
0.8804347826086957	0.9	92
0.9056603773584906	1.0	53
0.2	0.1	5
0.2222222222222222	0.2	9
0.2571428571428571	0.3	35
0.52	0.4	50
0.5977011494252874	0.5	87
0.6203703703703703	0.6	108
0.704	0.7	125
0.8153846153846154	0.8	130
0.8470588235294118	0.9	85
0.8913043478260869	1.0	46
0.3333333333333333	0.1	3
0.21428571428571427	0.2	14
0.21428571428571427	0.3	28
0.4	0.4	55
0.6463414634146342	0.5	82
0.6608695652173913	0.6	115
0.6428571428571429	0.7	126
0.8407079646017699	0.8	113
0.8529411764705882	0.9	102
0.9523809523809523	1.0	42
0.5	0.1	4
0.2	0.2	15
0.23529411764705882	0.3	34
0.5357142857142857	0.4	56
0.5742574257425742	0.5	101
0.65625	0.6	96
0.7352941176470589	0.7	136
0.8035714285714286	0.8	112
0.8395061728395061	0.9	81
0.9333333333333333	1.0	45
0.0	0.0	1
0.0	0.1	4
0.3076923076923077	0.2	13
0.2727272727272727	0.3	33
0.5405405405405406	0.4	37
0.5625	0.5	80
0.6460176991150443	0.6	113
0.7189542483660131	0.7	153
0.8067226890756303	0.8	119
0.8	0.9	85
0.9285714285714286	1.0	42
0.0	0.1	3
0.23076923076923078	0.2	13
0.25925925925925924	0.3	27
0.4406779661016949	0.4	59
0.5795454545454546	0.5	88
0.71	0.6	100
0.6451612903225806	0.7	124
0.8359375	0.8	128
0.8315789473684211	0.9	95
0.9302325581395349	1.0	43
0.3333333333333333	0.1	3
0.2727272727272727	0.2	11
0.23333333333333334	0.3	30
0.5	0.4	54
0.5619047619047619	0.5	105
0.6222222222222222	0.6	90
0.7421875	0.7	128
0.8120300751879699	0.8	133
0.8292682926829268	0.9	82
0.9090909090909091	1.0	44
0.0	0.1	3
0.21428571428571427	0.2	14
0.34615384615384615	0.3	26
0.45901639344262296	0.4	61
0.5384615384615384	0.5	91
0.6559139784946236	0.6	93
0.7301587301587301	0.7	126
0.8333333333333334	0.8	126
0.813953488372093	0.9	86
0.8703703703703703	1.0	54
0.0	0.1	2
0.3333333333333333	0.2	15
0.2647058823529412	0.3	34
0.42857142857142855	0.4	56
0.5903614457831325	0.5	83
0.6862745098039216	0.6	102
0.7111111111111111	0.7	135
0.8015873015873016	0.8	126
0.8533333333333334	0.9	75
0.8846153846153846	1.0	52
0.0	0.0	1
0.0	0.1	2
0.29411764705882354	0.2	17
0.2608695652173913	0.3	23
0.3888888888888889	0.4	54
0.5806451612903226	0.5	93
0.6756756756756757	0.6	111
0.688	0.7	125
0.832	0.8	125
0.8607594936708861	0.9	79
0.9	1.0	50
0.5	0.1	4
0.08333333333333333	0.2	12
0.28	0.3	25
0.47368421052631576	0.4	57
0.6	0.5	85
0.6608695652173913	0.6	115
0.6986301369863014	0.7	146
0.7982456140350878	0.8	114
0.8690476190476191	0.9	84
0.8947368421052632	1.0	38
0.0	0.0	1
0.4	0.1	5
0.3076923076923077	0.2	13
0.24242424242424243	0.3	33
0.49019607843137253	0.4	51
0.569620253164557	0.5	79
0.6846846846846847	0.6	111
0.6752136752136753	0.7	117
0.8260869565217391	0.8	138
0.8045977011494253	0.9	87
0.9111111111111111	1.0	45
0.3333333333333333	0.1	6
0.09090909090909091	0.2	11
0.27586206896551724	0.3	29
0.5	0.4	56
0.6138613861386139	0.5	101
0.6213592233009708	0.6	103
0.6962962962962963	0.7	135
0.8449612403100775	0.8	129
0.8615384615384616	0.9	65
0.8888888888888888	1.0	45
0.3333333333333333	0.1	3
0.2727272727272727	0.2	11
0.2608695652173913	0.3	23
0.391304347826087	0.4	46
0.54	0.5	100
0.6372549019607843	0.6	102
0.708029197080292	0.7	137
0.8409090909090909	0.8	132
0.8625	0.9	80
0.8695652173913043	1.0	46
0.16666666666666666	0.1	6
0.5	0.2	8
0.25	0.3	32
0.4807692307692308	0.4	52
0.5742574257425742	0.5	101
0.6407766990291263	0.6	103
0.6985294117647058	0.7	136
0.8392857142857143	0.8	112
0.8536585365853658	0.9	82
0.8958333333333334	1.0	48
1.0	0.1	1
0.23076923076923078	0.2	13
0.27586206896551724	0.3	29
0.46774193548387094	0.4	62
0.5714285714285714	0.5	98
0.6428571428571429	0.6	98
0.7293233082706767	0.7	133
0.8416666666666667	0.8	120
0.797752808988764	0.9	89
0.9459459459459459	1.0	37
0.0	0.0	1
0.25	0.1	4
0.23529411764705882	0.2	17
0.42424242424242425	0.3	33
0.4666666666666667	0.4	60
0.5784313725490197	0.5	102
0.6666666666666666	0.6	108
0.7203389830508474	0.7	118
0.8220338983050848	0.8	118
0.8493150684931506	0.9	73
0.9130434782608695	1.0	46
0.5	0.1	2
0.0	0.2	12
0.21428571428571427	0.3	28
0.4634146341463415	0.4	41
0.6138613861386139	0.5	101
0.6039603960396039	0.6	101
0.7132352941176471	0.7	136
0.8114754098360656	0.8	122
0.8314606741573034	0.9	89
0.9375	1.0	48
0.0	0.0	1
0.0	0.1	2
0.2857142857142857	0.2	21
0.3076923076923077	0.3	26
0.43103448275862066	0.4	58
0.5979381443298969	0.5	97
0.6330275229357798	0.6	109
0.7659574468085106	0.7	141
0.8240740740740741	0.8	108
0.8289473684210527	0.9	76
0.926829268292683	1.0	41
0.3333333333333333	0.1	6
0.3076923076923077	0.2	13
0.2857142857142857	0.3	28
0.417910447761194	0.4	67
0.6063829787234043	0.5	94
0.7090909090909091	0.6	110
0.6946564885496184	0.7	131
0.8157894736842105	0.8	114
0.8421052631578947	0.9	76
0.9512195121951219	1.0	41
0.0	0.0	1
0.0	0.1	3
0.2222222222222222	0.2	18
0.4117647058823529	0.3	34
0.5094339622641509	0.4	53
0.5773195876288659	0.5	97
0.6991150442477876	0.6	113
0.6771653543307087	0.7	127
0.839622641509434	0.8	106
0.8222222222222222	0.9	90
0.9210526315789473	1.0	38
0.0	0.0	1
0.6666666666666666	0.1	3
0.14285714285714285	0.2	14
0.30434782608695654	0.3	23
0.43137254901960786	0.4	51
0.57	0.5	100
0.63	0.6	100
0.7022900763358778	0.7	131
0.8346456692913385	0.8	127
0.8426966292134831	0.9	89
0.926829268292683	1.0	41
0.0	0.0	1
0.25	0.1	4
0.4166666666666667	0.2	12
0.13793103448275862	0.3	29
0.5471698113207547	0.4	53
0.5652173913043478	0.5	92
0.6470588235294118	0.6	102
0.676923076923077	0.7	130
0.8688524590163934	0.8	122
0.8	0.9	95
0.925	1.0	40
0.0	0.0	1
0.25	0.1	4
0.23076923076923078	0.2	13
0.3235294117647059	0.3	34
0.4230769230769231	0.4	52
0.6979166666666666	0.5	96
0.5982142857142857	0.6	112
0.703125	0.7	128
0.811965811965812	0.8	117
0.8604651162790697	0.9	86
0.918918918918919	1.0	37
0.0	0.0	1
0.3333333333333333	0.1	3
0.35294117647058826	0.2	17
0.3055555555555556	0.3	36
0.41935483870967744	0.4	62
0.6444444444444445	0.5	90
0.6285714285714286	0.6	105
0.7304964539007093	0.7	141
0.8532110091743119	0.8	109
0.8142857142857143	0.9	70
0.9347826086956522	1.0	46
0.0	0.0	1
0.0	0.1	4
0.2857142857142857	0.2	14
0.3870967741935484	0.3	31
0.43548387096774194	0.4	62
0.6125	0.5	80
0.660377358490566	0.6	106
0.7131147540983607	0.7	122
0.8071428571428572	0.8	140
0.8133333333333334	0.9	75
0.9111111111111111	1.0	45
0.0	0.0	1
0.4	0.1	5
0.18181818181818182	0.2	11
0.3235294117647059	0.3	34
0.48	0.4	50
0.6043956043956044	0.5	91
0.580952380952381	0.6	105
0.7692307692307693	0.7	130
0.8130081300813008	0.8	123
0.8160919540229885	0.9	87
0.8837209302325582	1.0	43
0.3333333333333333	0.1	3
0.11764705882352941	0.2	17
0.23333333333333334	0.3	30
0.5423728813559322	0.4	59
0.5882352941176471	0.5	85
0.6974789915966386	0.6	119
0.6985294117647058	0.7	136
0.8020833333333334	0.8	96
0.8295454545454546	0.9	88
0.9361702127659575	1.0	47
0.0	0.1	4
0.3076923076923077	0.2	13
0.1724137931034483	0.3	29
0.5192307692307693	0.4	52
0.5888888888888889	0.5	90
0.6491228070175439	0.6	114
0.7063492063492064	0.7	126
0.8333333333333334	0.8	114
0.8117647058823529	0.9	85
0.9056603773584906	1.0	53
0.0	0.0	1
0.2	0.1	5
0.2857142857142857	0.2	21
0.3333333333333333	0.3	36
0.5333333333333333	0.4	45
0.58	0.5	100
0.6633663366336634	0.6	101
0.717391304347826	0.7	138
0.8264462809917356	0.8	121
0.8356164383561644	0.9	73
0.9230769230769231	1.0	39
0.0	0.0	1
0.25	0.1	4
0.17647058823529413	0.2	17
0.34615384615384615	0.3	26
0.5	0.4	54
0.5652173913043478	0.5	92
0.5757575757575758	0.6	99
0.7313432835820896	0.7	134
0.860655737704918	0.8	122
0.813953488372093	0.9	86
0.9333333333333333	1.0	45
0.0	0.1	4
0.29411764705882354	0.2	17
0.2692307692307692	0.3	26
0.4918032786885246	0.4	61
0.6082474226804123	0.5	97
0.6477272727272727	0.6	88
0.6833333333333333	0.7	120
0.819672131147541	0.8	122
0.8125	0.9	96
0.9387755102040817	1.0	49
0.0	0.0	1
0.42857142857142855	0.1	7
0.2727272727272727	0.2	11
0.34375	0.3	32
0.48214285714285715	0.4	56
0.6	0.5	100
0.5909090909090909	0.6	110
0.75	0.7	136
0.8584905660377359	0.8	106
0.7792207792207793	0.9	77
0.9545454545454546	1.0	44
0.0	0.1	2
0.3125	0.2	16
0.3333333333333333	0.3	27
0.36585365853658536	0.4	41
0.550561797752809	0.5	89
0.6355140186915887	0.6	107
0.7175572519083969	0.7	131
0.8195488721804511	0.8	133
0.8333333333333334	0.9	90
0.9090909090909091	1.0	44
0.0	0.0	1
0.2	0.1	5
0.14285714285714285	0.2	14
0.18518518518518517	0.3	27
0.4666666666666667	0.4	60
0.6585365853658537	0.5	82
0.6382978723404256	0.6	94
0.746268656716418	0.7	134
0.7739130434782608	0.8	115
0.797979797979798	0.9	99
0.9387755102040817	1.0	49
0.0	0.0	1
0.3333333333333333	0.1	3
0.38461538461538464	0.2	13
0.3611111111111111	0.3	36
0.37735849056603776	0.4	53
0.5777777777777777	0.5	90
0.6545454545454545	0.6	110
0.7086614173228346	0.7	127
0.816	0.8	125
0.8695652173913043	0.9	69
0.9245283018867925	1.0	53
0.3333333333333333	0.1	3
0.25	0.2	12
0.26666666666666666	0.3	30
0.5094339622641509	0.4	53
0.5533980582524272	0.5	103
0.7128712871287128	0.6	101
0.6585365853658537	0.7	123
0.8307692307692308	0.8	130
0.8024691358024691	0.9	81
0.9545454545454546	1.0	44
0.25	0.1	4
0.15384615384615385	0.2	13
0.28125	0.3	32
0.5454545454545454	0.4	44
0.5729166666666666	0.5	96
0.6	0.6	85
0.6906474820143885	0.7	139
0.8421052631578947	0.8	133
0.8048780487804879	0.9	82
0.9230769230769231	1.0	52
0.0	0.1	4
0.5	0.2	8
0.3235294117647059	0.3	34
0.4067796610169492	0.4	59
0.5904761904761905	0.5	105
0.6730769230769231	0.6	104
0.6929133858267716	0.7	127
0.8461538461538461	0.8	117
0.8461538461538461	0.9	78
0.9090909090909091	1.0	44
0.5	0.1	4
0.3333333333333333	0.2	15
0.2894736842105263	0.3	38
0.4642857142857143	0.4	56
0.5402298850574713	0.5	87
0.7314814814814815	0.6	108
0.6771653543307087	0.7	127
0.8411214953271028	0.8	107
0.8404255319148937	0.9	94
0.8863636363636364	1.0	44
0.0	0.0	1
0.25	0.1	4
0.16666666666666666	0.2	12
0.3448275862068966	0.3	29
0.4	0.4	50
0.6341463414634146	0.5	82
0.5769230769230769	0.6	104
0.7112676056338029	0.7	142
0.8548387096774194	0.8	124
0.8045977011494253	0.9	87
0.9333333333333333	1.0	45
0.25	0.1	4
0.2222222222222222	0.2	18
0.3170731707317073	0.3	41
0.46938775510204084	0.4	49
0.5833333333333334	0.5	84
0.6428571428571429	0.6	98
0.7622950819672131	0.7	122
0.792	0.8	125
0.8235294117647058	0.9	85
0.9074074074074074	1.0	54
0.2	0.1	5
0.15789473684210525	0.2	19
0.3548387096774194	0.3	31
0.4426229508196721	0.4	61
0.625	0.5	88
0.625	0.6	104
0.7142857142857143	0.7	119
0.8256880733944955	0.8	109
0.8461538461538461	0.9	91
0.9433962264150944	1.0	53
0.16666666666666666	0.1	6
0.2777777777777778	0.2	18
0.3333333333333333	0.3	30
0.46938775510204084	0.4	49
0.5851063829787234	0.5	94
0.6574074074074074	0.6	108
0.7333333333333333	0.7	135
0.8083333333333333	0.8	120
0.8148148148148148	0.9	81
0.9487179487179487	1.0	39
0.0	0.0	1
0.3333333333333333	0.1	3
0.23076923076923078	0.2	13
0.2571428571428571	0.3	35
0.49122807017543857	0.4	57
0.7045454545454546	0.5	88
0.5612244897959183	0.6	98
0.6940298507462687	0.7	134
0.825	0.8	120
0.8295454545454546	0.9	88
0.9534883720930233	1.0	43
0.2	0.1	5
0.11764705882352941	0.2	17
0.4074074074074074	0.3	27
0.4142857142857143	0.4	70
0.5888888888888889	0.5	90
0.6826923076923077	0.6	104
0.7416666666666667	0.7	120
0.8235294117647058	0.8	119
0.8352941176470589	0.9	85
0.9069767441860465	1.0	43
0.5	0.1	2
0.2857142857142857	0.2	14
0.3225806451612903	0.3	31
0.48484848484848486	0.4	66
0.5531914893617021	0.5	94
0.7232142857142857	0.6	112
0.6818181818181818	0.7	132
0.8165137614678899	0.8	109
0.85	0.9	80
0.925	1.0	40
0.0	0.0	1
0.2	0.1	5
0.2777777777777778	0.2	18
0.2903225806451613	0.3	31
0.45454545454545453	0.4	44
0.5865384615384616	0.5	104
0.6464646464646465	0.6	99
0.7253521126760564	0.7	142
0.8490566037735849	0.8	106
0.8117647058823529	0.9	85
0.9333333333333333	1.0	45
0.2	0.1	5
0.0	0.2	8
0.3103448275862069	0.3	29
0.49230769230769234	0.4	65
0.5301204819277109	0.5	83
0.6491228070175439	0.6	114
0.7734375	0.7	128
0.7768595041322314	0.8	121
0.8536585365853658	0.9	82
0.9111111111111111	1.0	45
0.0	0.0	1
0.5	0.1	2
0.16666666666666666	0.2	12
0.35714285714285715	0.3	28
0.32608695652173914	0.4	46
0.5789473684210527	0.5	95
0.6666666666666666	0.6	93
0.6923076923076923	0.7	130
0.8014184397163121	0.8	141
0.872093023255814	0.9	86
0.8913043478260869	1.0	46
0.3333333333333333	0.1	3
0.1	0.2	10
0.3793103448275862	0.3	29
0.41379310344827586	0.4	58
0.5656565656565656	0.5	99
0.63	0.6	100
0.7058823529411765	0.7	119
0.8412698412698413	0.8	126
0.8469387755102041	0.9	98
0.9210526315789473	1.0	38
1.0	0.1	1
0.16666666666666666	0.2	12
0.2777777777777778	0.3	36
0.45901639344262296	0.4	61
0.5760869565217391	0.5	92
0.672566371681416	0.6	113
0.7073170731707317	0.7	123
0.8220338983050848	0.8	118
0.8831168831168831	0.9	77
0.8936170212765957	1.0	47
0.0	0.0	1
0.0	0.1	2
0.3125	0.2	16
0.21212121212121213	0.3	33
0.5333333333333333	0.4	60
0.64	0.5	75
0.6285714285714286	0.6	105
0.7153284671532847	0.7	137
0.782608695652174	0.8	115
0.8390804597701149	0.9	87
0.9183673469387755	1.0	49
0.0	0.0	1
0.0	0.1	4
0.4	0.2	15
0.28205128205128205	0.3	39
0.3953488372093023	0.4	43
0.6164383561643836	0.5	73
0.5948275862068966	0.6	116
0.7580645161290323	0.7	124
0.8057553956834532	0.8	139
0.8333333333333334	0.9	84
0.9523809523809523	1.0	42
0.0	0.1	2
0.23076923076923078	0.2	13
0.3235294117647059	0.3	34
0.46	0.4	50
0.6024096385542169	0.5	83
0.6542056074766355	0.6	107
0.6535433070866141	0.7	127
0.835820895522388	0.8	134
0.8352941176470589	0.9	85
0.9111111111111111	1.0	45
0.0	0.1	3
0.4	0.2	15
0.18518518518518517	0.3	27
0.4489795918367347	0.4	49
0.5632183908045977	0.5	87
0.6078431372549019	0.6	102
0.7368421052631579	0.7	114
0.8	0.8	150
0.8620689655172413	0.9	87
0.8913043478260869	1.0	46
0.0	0.1	2
0.2857142857142857	0.2	14
0.25	0.3	20
0.4838709677419355	0.4	62
0.53	0.5	100
0.6822429906542056	0.6	107
0.7054263565891473	0.7	129
0.8253968253968254	0.8	126
0.8395061728395061	0.9	81
0.9230769230769231	1.0	39
0.3333333333333333	0.1	3
0.2	0.2	10
0.2777777777777778	0.3	36
0.5333333333333333	0.4	60
0.5480769230769231	0.5	104
0.6470588235294118	0.6	102
0.7565217391304347	0.7	115
0.828125	0.8	128
0.7974683544303798	0.9	79
0.9302325581395349	1.0	43
0.0	0.0	1
0.3333333333333333	0.1	3
0.375	0.2	8
0.2857142857142857	0.3	35
0.43636363636363634	0.4	55
0.5376344086021505	0.5	93
0.6116504854368932	0.6	103
0.746031746031746	0.7	126
0.8487394957983193	0.8	119
0.8478260869565217	0.9	92
0.8888888888888888	1.0	45
0.4	0.1	5
0.15384615384615385	0.2	13
0.25925925925925924	0.3	27
0.4358974358974359	0.4	39
0.5222222222222223	0.5	90
0.6355140186915887	0.6	107
0.7194244604316546	0.7	139
0.8571428571428571	0.8	119
0.8089887640449438	0.9	89
0.9038461538461539	1.0	52
0.5	0.1	4
0.16666666666666666	0.2	12
0.2692307692307692	0.3	26
0.4626865671641791	0.4	67
0.611764705882353	0.5	85
0.5901639344262295	0.6	122
0.7719298245614035	0.7	114
0.7903225806451613	0.8	124
0.8313253012048193	0.9	83
1.0	1.0	43
0.0	0.1	2
0.23529411764705882	0.2	17
0.3333333333333333	0.3	33
0.43137254901960786	0.4	51
0.620253164556962	0.5	79
0.6371681415929203	0.6	113
0.7286821705426356	0.7	129
0.7941176470588235	0.8	136
0.8767123287671232	0.9	73
0.851063829787234	1.0	47
0.0	0.1	2
0.18181818181818182	0.2	22
0.375	0.3	24
0.41509433962264153	0.4	53
0.6470588235294118	0.5	85
0.6161616161616161	0.6	99
0.6906474820143885	0.7	139
0.864406779661017	0.8	118
0.7978723404255319	0.9	94
0.9090909090909091	1.0	44
0.5	0.1	4
0.1111111111111111	0.2	18
0.40625	0.3	32
0.46296296296296297	0.4	54
0.6190476190476191	0.5	84
0.6181818181818182	0.6	110
0.7016129032258065	0.7	124
0.8396946564885496	0.8	131
0.8125	0.9	80
0.9302325581395349	1.0	43
0.0	0.0	1
0.16666666666666666	0.1	6
0.25	0.2	12
0.29411764705882354	0.3	34
0.4489795918367347	0.4	49
0.65	0.5	100
0.6095238095238096	0.6	105
0.7107438016528925	0.7	121
0.8074074074074075	0.8	135
0.863013698630137	0.9	73
0.9318181818181818	1.0	44
0.0	0.1	4
0.4	0.2	10
0.2619047619047619	0.3	42
0.5357142857142857	0.4	56
0.5747126436781609	0.5	87
0.6422018348623854	0.6	109
0.725	0.7	120
0.8125	0.8	128
0.8205128205128205	0.9	78
0.9565217391304348	1.0	46
0.3076923076923077	0.2	13
0.25925925925925924	0.3	27
0.4444444444444444	0.4	45
0.5656565656565656	0.5	99
0.6120689655172413	0.6	116
0.7421875	0.7	128
0.8416666666666667	0.8	120
0.8048780487804879	0.9	82
0.88	1.0	50
0.3333333333333333	0.1	3
0.2222222222222222	0.2	9
0.35135135135135137	0.3	37
0.46	0.4	50
0.5679012345679012	0.5	81
0.6206896551724138	0.6	116
0.7279411764705882	0.7	136
0.8392857142857143	0.8	112
0.8152173913043478	0.9	92
0.8863636363636364	1.0	44
0.0	0.0	1
0.3333333333333333	0.1	3
0.3076923076923077	0.2	13
0.2571428571428571	0.3	35
0.40816326530612246	0.4	49
0.5955056179775281	0.5	89
0.672566371681416	0.6	113
0.7112676056338029	0.7	142
0.8543689320388349	0.8	103
0.8089887640449438	0.9	89
0.9302325581395349	1.0	43
0.0	0.0	1
0.4	0.1	5
0.21428571428571427	0.2	14
0.2692307692307692	0.3	26
0.39622641509433965	0.4	53
0.5978260869565217	0.5	92
0.6732673267326733	0.6	101
0.6838235294117647	0.7	136
0.8455284552845529	0.8	123
0.8295454545454546	0.9	88
0.926829268292683	1.0	41
0.0	0.1	2
0.26666666666666666	0.2	15
0.20689655172413793	0.3	29
0.5178571428571429	0.4	56
0.6019417475728155	0.5	103
0.6407766990291263	0.6	103
0.6885245901639344	0.7	122
0.8389830508474576	0.8	118
0.8351648351648352	0.9	91
0.926829268292683	1.0	41
0.0	0.0	1
0.25	0.1	4
0.25	0.2	16
0.25806451612903225	0.3	31
0.4782608695652174	0.4	46
0.5888888888888889	0.5	90
0.6194690265486725	0.6	113
0.7226890756302521	0.7	119
0.8076923076923077	0.8	130
0.8470588235294118	0.9	85
0.9555555555555556	1.0	45
0.0	0.0	1
0.5	0.1	4
0.2	0.2	15
0.23333333333333334	0.3	30
0.532258064516129	0.4	62
0.5	0.5	82
0.6826923076923077	0.6	104
0.7293233082706767	0.7	133
0.816	0.8	125
0.8333333333333334	0.9	72
0.9230769230769231	1.0	52
0.0	0.0	1
0.16666666666666666	0.1	6
0.2857142857142857	0.2	14
0.34210526315789475	0.3	38
0.4583333333333333	0.4	48
0.5789473684210527	0.5	95
0.6285714285714286	0.6	105
0.7478260869565218	0.7	115
0.816793893129771	0.8	131
0.8481012658227848	0.9	79
0.8958333333333334	1.0	48
0.0	0.0	1
0.3333333333333333	0.1	6
0.15	0.2	20
0.36666666666666664	0.3	30
0.5151515151515151	0.4	66
0.5979381443298969	0.5	97
0.6057692307692307	0.6	104
0.7192982456140351	0.7	114
0.8943089430894309	0.8	123
0.7837837837837838	0.9	74
0.9555555555555556	1.0	45
0.25	0.1	4
0.2	0.2	15
0.2413793103448276	0.3	29
0.45098039215686275	0.4	51
0.589041095890411	0.5	73
0.6074766355140186	0.6	107
0.7846153846153846	0.7	130
0.7540983606557377	0.8	122
0.8350515463917526	0.9	97
0.9038461538461539	1.0	52
0.3333333333333333	0.1	3
0.21428571428571427	0.2	14
0.3870967741935484	0.3	31
0.44642857142857145	0.4	56
0.5888888888888889	0.5	90
0.6	0.6	100
0.7210884353741497	0.7	147
0.8429752066115702	0.8	121
0.8461538461538461	0.9	78
0.9	1.0	40
0.3333333333333333	0.1	3
0.2	0.2	15
0.3333333333333333	0.3	36
0.46551724137931033	0.4	58
0.5595238095238095	0.5	84
0.6831683168316832	0.6	101
0.7037037037037037	0.7	135
0.8292682926829268	0.8	123
0.8395061728395061	0.9	81
0.9090909090909091	1.0	44
0.0	0.1	3
0.25	0.2	12
0.28	0.3	25
0.5084745762711864	0.4	59
0.5324675324675324	0.5	77
0.6460176991150443	0.6	113
0.6935483870967742	0.7	124
0.8405797101449275	0.8	138
0.8235294117647058	0.9	85
0.8636363636363636	1.0	44
0.5	0.1	4
0.3	0.2	10
0.16666666666666666	0.3	30
0.5	0.4	52
0.58	0.5	100
0.63	0.6	100
0.6923076923076923	0.7	130
0.8235294117647058	0.8	119
0.8414634146341463	0.9	82
0.9433962264150944	1.0	53
0.0	0.0	1
0.5	0.1	2
0.26666666666666666	0.2	15
0.27586206896551724	0.3	29
0.5333333333333333	0.4	45
0.5625	0.5	80
0.6039603960396039	0.6	101
0.7448275862068966	0.7	145
0.796875	0.8	128
0.8064516129032258	0.9	93
0.8780487804878049	1.0	41
0.0	0.0	3
0.4	0.1	5
0.17647058823529413	0.2	17
0.29411764705882354	0.3	34
0.5283018867924528	0.4	53
0.5862068965517241	0.5	87
0.6396396396396397	0.6	111
0.7073170731707317	0.7	123
0.8389830508474576	0.8	118
0.8395061728395061	0.9	81
0.9375	1.0	48
0.0	0.1	4
0.35294117647058826	0.2	17
0.25925925925925924	0.3	27
0.48936170212765956	0.4	47
0.5333333333333333	0.5	105
0.693069306930693	0.6	101
0.7058823529411765	0.7	119
0.816	0.8	125
0.813953488372093	0.9	86
0.9387755102040817	1.0	49
0.0	0.0	1
0.25	0.1	4
0.19047619047619047	0.2	21
0.3225806451612903	0.3	31
0.4489795918367347	0.4	49
0.6352941176470588	0.5	85
0.6190476190476191	0.6	105
0.7058823529411765	0.7	136
0.8403361344537815	0.8	119
0.8481012658227848	0.9	79
0.9	1.0	50
0.0	0.0	1
0.0	0.1	3
0.2727272727272727	0.2	11
0.38461538461538464	0.3	39
0.45614035087719296	0.4	57
0.525	0.5	80
0.7102803738317757	0.6	107
0.6814814814814815	0.7	135
0.8103448275862069	0.8	116
0.8461538461538461	0.9	78
0.9433962264150944	1.0	53
0.0	0.1	3
0.2222222222222222	0.2	9
0.3	0.3	40
0.46153846153846156	0.4	52
0.6373626373626373	0.5	91
0.6283185840707964	0.6	113
0.6934306569343066	0.7	137
0.868421052631579	0.8	114
0.8181818181818182	0.9	77
0.9090909090909091	1.0	44
0.0	0.0	1
0.5	0.1	4
0.2	0.2	10
0.23529411764705882	0.3	34
0.4444444444444444	0.4	63
0.5974025974025974	0.5	77
0.6486486486486487	0.6	111
0.7293233082706767	0.7	133
0.8113207547169812	0.8	106
0.8222222222222222	0.9	90
0.9607843137254902	1.0	51
0.5	0.1	4
0.1111111111111111	0.2	9
0.28	0.3	25
0.44776119402985076	0.4	67
0.5567010309278351	0.5	97
0.6782608695652174	0.6	115
0.6984126984126984	0.7	126
0.8558558558558559	0.8	111
0.8333333333333334	0.9	90
0.9444444444444444	1.0	36
0.0	0.1	3
0.3333333333333333	0.2	15
0.23529411764705882	0.3	34
0.5094339622641509	0.4	53
0.5824175824175825	0.5	91
0.6730769230769231	0.6	104
0.7297297297297297	0.7	111
0.7709923664122137	0.8	131
0.8275862068965517	0.9	87
0.9215686274509803	1.0	51
0.0	0.0	1
0.3333333333333333	0.1	3
0.15384615384615385	0.2	13
0.3	0.3	30
0.4339622641509434	0.4	53
0.58	0.5	100
0.6703296703296703	0.6	91
0.7480916030534351	0.7	131
0.7894736842105263	0.8	133
0.8048780487804879	0.9	82
0.9534883720930233	1.0	43
0.5	0.1	4
0.1	0.2	10
0.28	0.3	25
0.48936170212765956	0.4	47
0.5957446808510638	0.5	94
0.6548672566371682	0.6	113
0.6307692307692307	0.7	130
0.832	0.8	125
0.8452380952380952	0.9	84
0.9166666666666666	1.0	48
0.0	0.1	3
0.2	0.2	10
0.28125	0.3	32
0.5087719298245614	0.4	57
0.5824175824175825	0.5	91
0.6181818181818182	0.6	110
0.6953125	0.7	128
0.8387096774193549	0.8	124
0.8625	0.9	80
0.9111111111111111	1.0	45
1.0	0.1	1
0.2	0.2	15
0.34615384615384615	0.3	26
0.44680851063829785	0.4	47
0.5247524752475248	0.5	101
0.6722689075630253	0.6	119
0.7480314960629921	0.7	127
0.7846153846153846	0.8	130
0.8533333333333334	0.9	75
0.9230769230769231	1.0	39
0.0	0.0	1
0.25	0.1	4
0.23529411764705882	0.2	17
0.4230769230769231	0.3	26
0.4074074074074074	0.4	54
0.5875	0.5	80
0.6634615384615384	0.6	104
0.6666666666666666	0.7	129
0.873015873015873	0.8	126
0.7840909090909091	0.9	88
0.8823529411764706	1.0	51
0.0	0.1	3
0.2631578947368421	0.2	19
0.43902439024390244	0.3	41
0.4576271186440678	0.4	59
0.5784313725490197	0.5	102
0.6074766355140186	0.6	107
0.7966101694915254	0.7	118
0.8476190476190476	0.8	105
0.8227848101265823	0.9	79
0.8936170212765957	1.0	47
0.2857142857142857	0.1	7
0.25	0.2	12
0.21212121212121213	0.3	33
0.47368421052631576	0.4	57
0.6235294117647059	0.5	85
0.660377358490566	0.6	106
0.6929133858267716	0.7	127
0.8536585365853658	0.8	123
0.8095238095238095	0.9	84
0.8913043478260869	1.0	46
0.0	0.1	1
0.3333333333333333	0.2	9
0.25	0.3	28
0.4444444444444444	0.4	54
0.5625	0.5	96
0.6666666666666666	0.6	111
0.7338709677419355	0.7	124
0.7878787878787878	0.8	132
0.8148148148148148	0.9	81
0.9318181818181818	1.0	44
0.0	0.1	2
0.2727272727272727	0.2	11
0.2647058823529412	0.3	34
0.5	0.4	52
0.5888888888888889	0.5	90
0.6545454545454545	0.6	110
0.6771653543307087	0.7	127
0.8189655172413793	0.8	116
0.8295454545454546	0.9	88
0.94	1.0	50
0.0	0.0	2
0.0	0.1	1
0.2222222222222222	0.2	18
0.23333333333333334	0.3	30
0.5555555555555556	0.4	54
0.5581395348837209	0.5	86
0.660377358490566	0.6	106
0.7279411764705882	0.7	136
0.7903225806451613	0.8	124
0.8311688311688312	0.9	77
0.9565217391304348	1.0	46
0.2	0.1	5
0.2727272727272727	0.2	11
0.3	0.3	40
0.5	0.4	62
0.5617977528089888	0.5	89
0.7333333333333333	0.6	105
0.6846153846153846	0.7	130
0.7981651376146789	0.8	109
0.875	0.9	80
0.8979591836734694	1.0	49
0.25	0.1	4
0.3125	0.2	16
0.2894736842105263	0.3	38
0.44	0.4	50
0.6216216216216216	0.5	111
0.6595744680851063	0.6	94
0.7131147540983607	0.7	122
0.8384615384615385	0.8	130
0.8421052631578947	0.9	76
0.8717948717948718	1.0	39
0.25	0.1	4
0.16666666666666666	0.2	12
0.2682926829268293	0.3	41
0.5098039215686274	0.4	51
0.651685393258427	0.5	89
0.6	0.6	105
0.7348484848484849	0.7	132
0.7844827586206896	0.8	116
0.8604651162790697	0.9	86
0.9318181818181818	1.0	44
0.0	0.0	1
0.25	0.1	4
0.23529411764705882	0.2	17
0.3	0.3	30
0.55	0.4	60
0.5652173913043478	0.5	92
0.6761904761904762	0.6	105
0.7033898305084746	0.7	118
0.8076923076923077	0.8	130
0.8313253012048193	0.9	83
0.925	1.0	40
0.3333333333333333	0.1	3
0.2222222222222222	0.2	9
0.2564102564102564	0.3	39
0.5066666666666667	0.4	75
0.6153846153846154	0.5	78
0.6504854368932039	0.6	103
0.6888888888888889	0.7	135
0.8739495798319328	0.8	119
0.7974683544303798	0.9	79
0.95	1.0	40
0.375	0.1	8
0.25	0.2	12
0.3055555555555556	0.3	36
0.47368421052631576	0.4	57
0.5543478260869565	0.5	92
0.6804123711340206	0.6	97
0.7230769230769231	0.7	130
0.8070175438596491	0.8	114
0.8505747126436781	0.9	87
0.9148936170212766	1.0	47
0.0	0.0	1
0.3333333333333333	0.1	3
0.21428571428571427	0.2	14
0.3333333333333333	0.3	30
0.46808510638297873	0.4	47
0.5784313725490197	0.5	102
0.6565656565656566	0.6	99
0.6985294117647058	0.7	136
0.8545454545454545	0.8	110
0.7692307692307693	0.9	91
0.9574468085106383	1.0	47
0.3333333333333333	0.1	3
0.15384615384615385	0.2	13
0.32	0.3	25
0.5094339622641509	0.4	53
0.5533980582524272	0.5	103
0.6336633663366337	0.6	101
0.7410071942446043	0.7	139
0.7933884297520661	0.8	121
0.8148148148148148	0.9	81
0.975609756097561	1.0	41
0.0	0.0	1
0.0	0.1	3
0.21428571428571427	0.2	14
0.3157894736842105	0.3	38
0.5106382978723404	0.4	47
0.5862068965517241	0.5	87
0.6875	0.6	112
0.6942148760330579	0.7	121
0.7966101694915254	0.8	118
0.8160919540229885	0.9	87
0.9230769230769231	1.0	52
0.5	0.0	2
0.0	0.1	3
0.23076923076923078	0.2	13
0.2962962962962963	0.3	27
0.44	0.4	50
0.5922330097087378	0.5	103
0.5865384615384616	0.6	104
0.751937984496124	0.7	129
0.8292682926829268	0.8	123
0.8148148148148148	0.9	81
0.9555555555555556	1.0	45
1.0	0.1	2
0.125	0.2	16
0.2	0.3	35
0.5737704918032787	0.4	61
0.5934065934065934	0.5	91
0.6578947368421053	0.6	114
0.7033898305084746	0.7	118
0.8359375	0.8	128
0.8309859154929577	0.9	71
0.9090909090909091	1.0	44
0.0	0.0	1
0.25	0.1	4
0.3076923076923077	0.2	13
0.3076923076923077	0.3	26
0.48	0.4	50
0.5569620253164557	0.5	79
0.6857142857142857	0.6	105
0.6865671641791045	0.7	134
0.7692307692307693	0.8	130
0.8235294117647058	0.9	85
0.9245283018867925	1.0	53
0.3333333333333333	0.1	3
0.21428571428571427	0.2	14
0.2413793103448276	0.3	29
0.4576271186440678	0.4	59
0.6	0.5	100
0.6521739130434783	0.6	92
0.7107438016528925	0.7	121
0.7923076923076923	0.8	130
0.8555555555555555	0.9	90
0.9523809523809523	1.0	42
0.0	0.1	4
0.26666666666666666	0.2	15
0.3	0.3	30
0.509090909090909	0.4	55
0.5176470588235295	0.5	85
0.6363636363636364	0.6	99
0.7428571428571429	0.7	140
0.8389830508474576	0.8	118
0.8202247191011236	0.9	89
0.8888888888888888	1.0	45
0.0	0.0	1
0.3333333333333333	0.1	3
0.25	0.2	16
0.2857142857142857	0.3	28
0.40816326530612246	0.4	49
0.5822784810126582	0.5	79
0.6194690265486725	0.6	113
0.7313432835820896	0.7	134
0.8372093023255814	0.8	129
0.8214285714285714	0.9	84
0.9090909090909091	1.0	44
0.0	0.0	1
0.5	0.1	2
0.2222222222222222	0.2	9
0.38461538461538464	0.3	39
0.4727272727272727	0.4	55
0.5730337078651685	0.5	89
0.6138613861386139	0.6	101
0.7272727272727273	0.7	143
0.8411214953271028	0.8	107
0.8043478260869565	0.9	92
0.9285714285714286	1.0	42
0.0	0.1	2
0.2727272727272727	0.2	11
0.25	0.3	36
0.54	0.4	50
0.5638297872340425	0.5	94
0.6363636363636364	0.6	99
0.6940298507462687	0.7	134
0.8173913043478261	0.8	115
0.8505747126436781	0.9	87
0.9230769230769231	1.0	52
0.3333333333333333	0.1	3
0.3	0.2	10
0.36	0.3	25
0.38181818181818183	0.4	55
0.5384615384615384	0.5	104
0.6875	0.6	96
0.6838235294117647	0.7	136
0.8547008547008547	0.8	117
0.8181818181818182	0.9	88
0.9347826086956522	1.0	46
0.25	0.1	4
0.2857142857142857	0.2	14
0.3125	0.3	32
0.43548387096774194	0.4	62
0.6063829787234043	0.5	94
0.6442307692307693	0.6	104
0.6934306569343066	0.7	137
0.875	0.8	104
0.8470588235294118	0.9	85
0.9090909090909091	1.0	44
0.3333333333333333	0.1	3
0.125	0.2	16
0.3125	0.3	32
0.4745762711864407	0.4	59
0.5612244897959183	0.5	98
0.6907216494845361	0.6	97
0.7083333333333334	0.7	120
0.8345323741007195	0.8	139
0.8666666666666667	0.9	75
0.8536585365853658	1.0	41
0.0	0.1	2
0.2727272727272727	0.2	11
0.3225806451612903	0.3	31
0.42857142857142855	0.4	42
0.6046511627906976	0.5	86
0.6132075471698113	0.6	106
0.7207792207792207	0.7	154
0.7913043478260869	0.8	115
0.8426966292134831	0.9	89
0.8863636363636364	1.0	44
0.0	0.1	2
0.25	0.2	16
0.4	0.3	30
0.39655172413793105	0.4	58
0.6	0.5	100
0.6601941747572816	0.6	103
0.75	0.7	124
0.7837837837837838	0.8	111
0.8314606741573034	0.9	89
0.9148936170212766	1.0	47
0.0	0.1	2
0.25	0.2	20
0.3125	0.3	32
0.4727272727272727	0.4	55
0.574468085106383	0.5	94
0.6697247706422018	0.6	109
0.696	0.7	125
0.8360655737704918	0.8	122
0.8518518518518519	0.9	81
0.95	1.0	40
0.0	0.0	1
0.3333333333333333	0.1	3
0.2857142857142857	0.2	14
0.22580645161290322	0.3	31
0.5121951219512195	0.4	41
0.5757575757575758	0.5	99
0.6306306306306306	0.6	111
0.734375	0.7	128
0.7936507936507936	0.8	126
0.85	0.9	80
0.9130434782608695	1.0	46
0.0	0.1	3
0.2727272727272727	0.2	22
0.34375	0.3	32
0.4489795918367347	0.4	49
0.5411764705882353	0.5	85
0.6756756756756757	0.6	111
0.7213114754098361	0.7	122
0.8015267175572519	0.8	131
0.8641975308641975	0.9	81
0.9318181818181818	1.0	44
0.0	0.1	3
0.2777777777777778	0.2	18
0.26666666666666666	0.3	30
0.5	0.4	68
0.6185567010309279	0.5	97
0.6336633663366337	0.6	101
0.7583333333333333	0.7	120
0.7706422018348624	0.8	109
0.8505747126436781	0.9	87
0.9361702127659575	1.0	47
0.0	0.1	2
0.3333333333333333	0.2	18
0.3	0.3	30
0.42	0.4	50
0.5882352941176471	0.5	85
0.6363636363636364	0.6	99
0.7142857142857143	0.7	133
0.8283582089552238	0.8	134
0.8111111111111111	0.9	90
0.9230769230769231	1.0	39
0.0	0.1	1
0.35714285714285715	0.2	14
0.2857142857142857	0.3	28
0.421875	0.4	64
0.5769230769230769	0.5	104
0.6363636363636364	0.6	88
0.7251908396946565	0.7	131
0.8214285714285714	0.8	112
0.8390804597701149	0.9	87
0.9411764705882353	1.0	51
0.0	0.0	1
0.3333333333333333	0.1	3
0.23076923076923078	0.2	13
0.29411764705882354	0.3	34
0.5172413793103449	0.4	58
0.5543478260869565	0.5	92
0.6388888888888888	0.6	108
0.7213114754098361	0.7	122
0.8360655737704918	0.8	122
0.825	0.9	80
0.9361702127659575	1.0	47
0.5	0.1	4
0.0	0.2	13
0.3333333333333333	0.3	33
0.46938775510204084	0.4	49
0.5980392156862745	0.5	102
0.6595744680851063	0.6	94
0.7338709677419355	0.7	124
0.7923076923076923	0.8	130
0.8372093023255814	0.9	86
0.8666666666666667	1.0	45
0.0	0.0	1
0.2857142857142857	0.1	7
0.21428571428571427	0.2	14
0.3103448275862069	0.3	29
0.38461538461538464	0.4	52
0.6666666666666666	0.5	96
0.6635514018691588	0.6	107
0.7142857142857143	0.7	133
0.782608695652174	0.8	115
0.8536585365853658	0.9	82
0.9090909090909091	1.0	44
0.25	0.1	4
0.2	0.2	10
0.2571428571428571	0.3	35
0.56	0.4	50
0.5365853658536586	0.5	82
0.6893203883495146	0.6	103
0.6474820143884892	0.7	139
0.8345864661654135	0.8	133
0.8271604938271605	0.9	81
0.9534883720930233	1.0	43
0.0	0.0	1
0.25	0.1	4
0.25	0.2	12
0.24324324324324326	0.3	37
0.5454545454545454	0.4	55
0.5555555555555556	0.5	90
0.6846846846846847	0.6	111
0.704	0.7	125
0.8294573643410853	0.8	129
0.84	0.9	75
0.9024390243902439	1.0	41
0.5	0.1	2
0.13333333333333333	0.2	15
0.30434782608695654	0.3	23
0.45161290322580644	0.4	62
0.5783132530120482	0.5	83
0.6752136752136753	0.6	117
0.68	0.7	125
0.823076923076923	0.8	130
0.8375	0.9	80
0.9302325581395349	1.0	43
0.0	0.0	1
0.25	0.1	4
0.14285714285714285	0.2	14
0.3	0.3	30
0.46	0.4	50
0.5833333333333334	0.5	96
0.6759259259259259	0.6	108
0.6859504132231405	0.7	121
0.808	0.8	125
0.8651685393258427	0.9	89
0.9285714285714286	1.0	42
0.5	0.1	4
0.125	0.2	8
0.2894736842105263	0.3	38
0.5178571428571429	0.4	56
0.5288461538461539	0.5	104
0.719626168224299	0.6	107
0.6940298507462687	0.7	134
0.8636363636363636	0.8	110
0.810126582278481	0.9	79
0.925	1.0	40
0.2727272727272727	0.2	11
0.20588235294117646	0.3	34
0.42592592592592593	0.4	54
0.64	0.5	100
0.5806451612903226	0.6	93
0.71900826446281	0.7	121
0.8450704225352113	0.8	142
0.8048780487804879	0.9	82
0.9302325581395349	1.0	43
0.5	0.1	4
0.18181818181818182	0.2	11
0.23076923076923078	0.3	39
0.5510204081632653	0.4	49
0.6145833333333334	0.5	96
0.5922330097087378	0.6	103
0.7445255474452555	0.7	137
0.8125	0.8	128
0.8356164383561644	0.9	73
0.925	1.0	40
0.0	0.0	1
0.4	0.1	5
0.36363636363636365	0.2	11
0.2702702702702703	0.3	37
0.4909090909090909	0.4	55
0.5903614457831325	0.5	83
0.6545454545454545	0.6	110
0.6857142857142857	0.7	140
0.8407079646017699	0.8	113
0.8641975308641975	0.9	81
0.8863636363636364	1.0	44
0.0	0.0	1
0.4	0.1	5
0.29411764705882354	0.2	17
0.27586206896551724	0.3	29
0.4727272727272727	0.4	55
0.5955056179775281	0.5	89
0.6542056074766355	0.6	107
0.768	0.7	125
0.7416666666666667	0.8	120
0.8554216867469879	0.9	83
0.8979591836734694	1.0	49
0.0	0.1	2
0.1875	0.2	16
0.2857142857142857	0.3	28
0.43137254901960786	0.4	51
0.6153846153846154	0.5	91
0.6666666666666666	0.6	102
0.6724137931034483	0.7	116
0.8098591549295775	0.8	142
0.8354430379746836	0.9	79
0.9056603773584906	1.0	53
0.2	0.1	5
0.14285714285714285	0.2	14
0.29411764705882354	0.3	34
0.5	0.4	46
0.5154639175257731	0.5	97
0.7340425531914894	0.6	94
0.7121212121212122	0.7	132
0.8076923076923077	0.8	130
0.8285714285714286	0.9	70
0.896551724137931	1.0	58
0.0	0.0	1
0.0	0.1	2
0.23076923076923078	0.2	13
0.38235294117647056	0.3	34
0.44	0.4	50
0.6235294117647059	0.5	85
0.6106194690265486	0.6	113
0.7218045112781954	0.7	133
0.8230088495575221	0.8	113
0.8191489361702128	0.9	94
0.9047619047619048	1.0	42
0.25	0.1	4
0.21428571428571427	0.2	14
0.29411764705882354	0.3	34
0.4915254237288136	0.4	59
0.6132075471698113	0.5	106
0.638095238095238	0.6	105
0.7591240875912408	0.7	137
0.7894736842105263	0.8	114
0.863013698630137	0.9	73
0.9411764705882353	1.0	34
0.0	0.0	1
0.25	0.1	4
0.3	0.2	20
0.125	0.3	24
0.45614035087719296	0.4	57
0.6458333333333334	0.5	96
0.6372549019607843	0.6	102
0.744	0.7	125
0.8188976377952756	0.8	127
0.7738095238095238	0.9	84
0.975	1.0	40
0.0	0.0	1
0.25	0.1	4
0.35294117647058826	0.2	17
0.3103448275862069	0.3	29
0.4166666666666667	0.4	60
0.6236559139784946	0.5	93
0.693069306930693	0.6	101
0.6640625	0.7	128
0.8434782608695652	0.8	115
0.8292682926829268	0.9	82
0.9	1.0	50
1.0	0.1	2
0.2	0.2	15
0.25	0.3	28
0.5238095238095238	0.4	63
0.57	0.5	100
0.6422018348623854	0.6	109
0.7286821705426356	0.7	129
0.8306451612903226	0.8	124
0.8428571428571429	0.9	70
0.9	1.0	40
0.16666666666666666	0.1	6
0.4	0.2	10
0.3076923076923077	0.3	39
0.4827586206896552	0.4	58
0.6176470588235294	0.5	102
0.6868686868686869	0.6	99
0.71875	0.7	128
0.8050847457627118	0.8	118
0.8076923076923077	0.9	78
0.9047619047619048	1.0	42
1.0	0.0	1
0.0	0.1	4
0.16666666666666666	0.2	12
0.3225806451612903	0.3	31
0.4603174603174603	0.4	63
0.5943396226415094	0.5	106
0.6804123711340206	0.6	97
0.723404255319149	0.7	141
0.8411214953271028	0.8	107
0.8205128205128205	0.9	78
0.925	1.0	40
0.2	0.1	5
0.2222222222222222	0.2	18
0.35294117647058826	0.3	34
0.4411764705882353	0.4	68
0.6630434782608695	0.5	92
0.6481481481481481	0.6	108
0.7222222222222222	0.7	126
0.8303571428571429	0.8	112
0.8157894736842105	0.9	76
0.975609756097561	1.0	41
0.0	0.1	2
0.21428571428571427	0.2	14
0.26666666666666666	0.3	30
0.36538461538461536	0.4	52
0.5862068965517241	0.5	87
0.6857142857142857	0.6	105
0.7089552238805971	0.7	134
0.8403361344537815	0.8	119
0.8282828282828283	0.9	99
0.8947368421052632	1.0	38
0.0	0.1	3
0.09090909090909091	0.2	11
0.34615384615384615	0.3	26
0.4423076923076923	0.4	52
0.5445544554455446	0.5	101
0.7142857142857143	0.6	105
0.6944444444444444	0.7	144
0.8448275862068966	0.8	116
0.8108108108108109	0.9	74
0.8958333333333334	1.0	48
0.0	0.0	1
0.2	0.1	5
0.3157894736842105	0.2	19
0.23529411764705882	0.3	34
0.5454545454545454	0.4	55
0.5959595959595959	0.5	99
0.6637168141592921	0.6	113
0.7368421052631579	0.7	114
0.8362068965517241	0.8	116
0.8024691358024691	0.9	81
0.9069767441860465	1.0	43
0.0	0.0	1
0.5	0.1	2
0.375	0.2	16
0.375	0.3	32
0.35714285714285715	0.4	56
0.6	0.5	95
0.7129629629629629	0.6	108
0.7050359712230215	0.7	139
0.811965811965812	0.8	117
0.8194444444444444	0.9	72
0.9285714285714286	1.0	42
0.25	0.1	4
0.21052631578947367	0.2	19
0.2	0.3	25
0.4852941176470588	0.4	68
0.5487804878048781	0.5	82
0.7247706422018348	0.6	109
0.6583333333333333	0.7	120
0.8333333333333334	0.8	120
0.8631578947368421	0.9	95
0.9473684210526315	1.0	38
0.0	0.0	1
0.5	0.1	2
0.4117647058823529	0.2	17
0.16666666666666666	0.3	30
0.48717948717948717	0.4	39
0.5581395348837209	0.5	86
0.616822429906542	0.6	107
0.7164179104477612	0.7	134
0.808	0.8	125
0.8571428571428571	0.9	91
0.8958333333333334	1.0	48
0.0	0.1	4
0.375	0.2	16
0.37142857142857144	0.3	35
0.39344262295081966	0.4	61
0.5747126436781609	0.5	87
0.71	0.6	100
0.7153846153846154	0.7	130
0.7967479674796748	0.8	123
0.8666666666666667	0.9	75
0.8979591836734694	1.0	49
0.0	0.0	1
0.0	0.1	2
0.35294117647058826	0.2	17
0.2972972972972973	0.3	37
0.49122807017543857	0.4	57
0.5434782608695652	0.5	92
0.67	0.6	100
0.7647058823529411	0.7	136
0.8	0.8	105
0.8275862068965517	0.9	87
0.9130434782608695	1.0	46
0.5	0.1	4
0.16666666666666666	0.2	12
0.2903225806451613	0.3	31
0.4444444444444444	0.4	54
0.6129032258064516	0.5	93
0.6262626262626263	0.6	99
0.6690647482014388	0.7	139
0.8524590163934426	0.8	122
0.8441558441558441	0.9	77
0.9387755102040817	1.0	49
0.0	0.0	1
0.0	0.1	4
0.26666666666666666	0.2	15
0.37142857142857144	0.3	35
0.5	0.4	54
0.6086956521739131	0.5	92
0.6635514018691588	0.6	107
0.676923076923077	0.7	130
0.8518518518518519	0.8	108
0.8068181818181818	0.9	88
0.9130434782608695	1.0	46
0.0	0.0	1
0.4	0.1	5
0.2727272727272727	0.2	11
0.25	0.3	32
0.46938775510204084	0.4	49
0.651685393258427	0.5	89
0.5454545454545454	0.6	110
0.7401574803149606	0.7	127
0.8032786885245902	0.8	122
0.8636363636363636	0.9	88
0.9130434782608695	1.0	46
0.0	0.0	1
0.4	0.1	5
0.16666666666666666	0.2	12
0.42105263157894735	0.3	38
0.39215686274509803	0.4	51
0.5909090909090909	0.5	88
0.6261682242990654	0.6	107
0.728	0.7	125
0.8403361344537815	0.8	119
0.8148148148148148	0.9	81
0.9056603773584906	1.0	53
0.16666666666666666	0.1	6
0.3181818181818182	0.2	22
0.34375	0.3	32
0.4727272727272727	0.4	55
0.6063829787234043	0.5	94
0.6224489795918368	0.6	98
0.7708333333333334	0.7	144
0.8035714285714286	0.8	112
0.8571428571428571	0.9	70
0.851063829787234	1.0	47
0.0	0.0	1
0.25	0.1	4
0.36363636363636365	0.2	11
0.2727272727272727	0.3	33
0.4117647058823529	0.4	51
0.5806451612903226	0.5	93
0.6605504587155964	0.6	109
0.7054263565891473	0.7	129
0.8333333333333334	0.8	126
0.8354430379746836	0.9	79
0.9318181818181818	1.0	44
0.0	0.0	1
0.3333333333333333	0.1	3
0.2857142857142857	0.2	14
0.24242424242424243	0.3	33
0.49206349206349204	0.4	63
0.5764705882352941	0.5	85
0.6637168141592921	0.6	113
0.7416666666666667	0.7	120
0.8064516129032258	0.8	124
0.8536585365853658	0.9	82
0.8809523809523809	1.0	42
0.0	0.1	3
0.1875	0.2	16
0.3181818181818182	0.3	22
0.4230769230769231	0.4	52
0.5666666666666667	0.5	90
0.6695652173913044	0.6	115
0.7293233082706767	0.7	133
0.8333333333333334	0.8	120
0.7816091954022989	0.9	87
0.9285714285714286	1.0	42
0.25	0.1	4
0.2	0.2	10
0.3333333333333333	0.3	30
0.43137254901960786	0.4	51
0.6122448979591837	0.5	98
0.6330275229357798	0.6	109
0.7202797202797203	0.7	143
0.8487394957983193	0.8	119
0.76	0.9	75
0.9512195121951219	1.0	41
0.3333333333333333	0.1	3
0.2631578947368421	0.2	19
0.28125	0.3	32
0.515625	0.4	64
0.6153846153846154	0.5	91
0.6595744680851063	0.6	94
0.6666666666666666	0.7	129
0.8403361344537815	0.8	119
0.8390804597701149	0.9	87
0.9285714285714286	1.0	42
0.0	0.1	4
0.25	0.2	16
0.32	0.3	25
0.41935483870967744	0.4	62
0.6105263157894737	0.5	95
0.6627906976744186	0.6	86
0.6611570247933884	0.7	121
0.8515625	0.8	128
0.8247422680412371	0.9	97
0.9130434782608695	1.0	46
0.25	0.1	4
0.25	0.2	12
0.3055555555555556	0.3	36
0.43548387096774194	0.4	62
0.6344086021505376	0.5	93
0.6666666666666666	0.6	102
0.676923076923077	0.7	130
0.875	0.8	120
0.8125	0.9	80
0.9024390243902439	1.0	41
0.0	0.0	1
0.2	0.1	5
0.21428571428571427	0.2	14
0.30303030303030304	0.3	33
0.4418604651162791	0.4	43
0.632183908045977	0.5	87
0.6576576576576577	0.6	111
0.6470588235294118	0.7	136
0.8717948717948718	0.8	117
0.8181818181818182	0.9	88
0.9111111111111111	1.0	45
0.0	0.0	1
0.25	0.1	4
0.3076923076923077	0.2	13
0.3125	0.3	32
0.5087719298245614	0.4	57
0.5638297872340425	0.5	94
0.6339285714285714	0.6	112
0.7288135593220338	0.7	118
0.8347107438016529	0.8	121
0.8117647058823529	0.9	85
0.9302325581395349	1.0	43
0.0	0.1	2
0.2727272727272727	0.2	11
0.2413793103448276	0.3	29
0.46	0.4	50
0.6043956043956044	0.5	91
0.6320754716981132	0.6	106
0.7074829931972789	0.7	147
0.8070175438596491	0.8	114
0.8409090909090909	0.9	88
0.9285714285714286	1.0	42
0.0	0.0	1
0.0	0.1	3
0.36363636363636365	0.2	11
0.2857142857142857	0.3	28
0.42857142857142855	0.4	49
0.6146788990825688	0.5	109
0.5904761904761905	0.6	105
0.7244094488188977	0.7	127
0.8396946564885496	0.8	131
0.8026315789473685	0.9	76
0.975	1.0	40
0.0	0.0	2
0.25	0.1	4
0.26666666666666666	0.2	15
0.22580645161290322	0.3	31
0.5178571428571429	0.4	56
0.5789473684210527	0.5	76
0.6347826086956522	0.6	115
0.7226890756302521	0.7	119
0.8181818181818182	0.8	132
0.8133333333333334	0.9	75
0.9272727272727272	1.0	55
0.0	0.0	2
0.5	0.1	4
0.18181818181818182	0.2	22
0.3793103448275862	0.3	29
0.4727272727272727	0.4	55
0.6170212765957447	0.5	94
0.6460176991150443	0.6	113
0.7338709677419355	0.7	124
0.8389830508474576	0.8	118
0.8181818181818182	0.9	77
0.8809523809523809	1.0	42
0.0	0.0	1
0.5	0.1	2
0.13333333333333333	0.2	15
0.41379310344827586	0.3	29
0.5	0.4	52
0.5714285714285714	0.5	91
0.6355140186915887	0.6	107
0.6870229007633588	0.7	131
0.8403361344537815	0.8	119
0.8045977011494253	0.9	87
0.9347826086956522	1.0	46
0.4	0.1	5
0.08333333333333333	0.2	12
0.2903225806451613	0.3	31
0.5151515151515151	0.4	66
0.5666666666666667	0.5	90
0.6831683168316832	0.6	101
0.6992481203007519	0.7	133
0.8347826086956521	0.8	115
0.8313253012048193	0.9	83
0.9090909090909091	1.0	44
0.0	0.0	1
0.25	0.1	4
0.25	0.2	12
0.21875	0.3	32
0.45454545454545453	0.4	55
0.574468085106383	0.5	94
0.6422018348623854	0.6	109
0.7435897435897436	0.7	117
0.8409090909090909	0.8	132
0.8452380952380952	0.9	84
0.875	1.0	40
1.0	0.1	1
0.1875	0.2	16
0.35294117647058826	0.3	34
0.4444444444444444	0.4	63
0.6	0.5	80
0.6542056074766355	0.6	107
0.7022900763358778	0.7	131
0.819672131147541	0.8	122
0.8518518518518519	0.9	81
0.9111111111111111	1.0	45
0.3333333333333333	0.1	3
0.125	0.2	16
0.4230769230769231	0.3	26
0.42105263157894735	0.4	57
0.5795454545454546	0.5	88
0.6346153846153846	0.6	104
0.7028985507246377	0.7	138
0.8264462809917356	0.8	121
0.8666666666666667	0.9	75
0.9038461538461539	1.0	52
0.3333333333333333	0.1	3
0.16666666666666666	0.2	12
0.2692307692307692	0.3	26
0.4696969696969697	0.4	66
0.5591397849462365	0.5	93
0.6972477064220184	0.6	109
0.696969696969697	0.7	132
0.8288288288288288	0.8	111
0.8513513513513513	0.9	74
0.8888888888888888	1.0	54
0.5	0.1	4
0.14285714285714285	0.2	14
0.3333333333333333	0.3	36
0.5	0.4	52
0.5632183908045977	0.5	87
0.6422018348623854	0.6	109
0.7272727272727273	0.7	132
0.7983193277310925	0.8	119
0.85	0.9	80
0.9361702127659575	1.0	47
0.0	0.1	2
0.3076923076923077	0.2	13
0.21428571428571427	0.3	28
0.5263157894736842	0.4	57
0.48514851485148514	0.5	101
0.7425742574257426	0.6	101
0.7024793388429752	0.7	121
0.7983193277310925	0.8	119
0.8352941176470589	0.9	85
0.9245283018867925	1.0	53
0.0	0.0	1
0.5	0.1	2
0.13333333333333333	0.2	15
0.36	0.3	25
0.4	0.4	65
0.6086956521739131	0.5	92
0.6728971962616822	0.6	107
0.7103448275862069	0.7	145
0.8434782608695652	0.8	115
0.84	0.9	75
0.9210526315789473	1.0	38
0.25	0.1	4
0.3333333333333333	0.2	18
0.21428571428571427	0.3	28
0.5178571428571429	0.4	56
0.6071428571428571	0.5	84
0.635593220338983	0.6	118
0.7073170731707317	0.7	123
0.8360655737704918	0.8	122
0.8192771084337349	0.9	83
0.8863636363636364	1.0	44
0.0	0.0	1
0.14285714285714285	0.1	7
0.3076923076923077	0.2	13
0.2702702702702703	0.3	37
0.4897959183673469	0.4	49
0.6111111111111112	0.5	90
0.696078431372549	0.6	102
0.6791044776119403	0.7	134
0.8032786885245902	0.8	122
0.8953488372093024	0.9	86
0.8461538461538461	1.0	39
0.0	0.1	4
0.4166666666666667	0.2	12
0.3142857142857143	0.3	35
0.3488372093023256	0.4	43
0.6571428571428571	0.5	105
0.5714285714285714	0.6	98
0.7642276422764228	0.7	123
0.8076923076923077	0.8	130
0.8192771084337349	0.9	83
0.8723404255319149	1.0	47
0.0	0.1	3
0.2727272727272727	0.2	11
0.30303030303030304	0.3	33
0.4782608695652174	0.4	46
0.594059405940594	0.5	101
0.6530612244897959	0.6	98
0.7272727272727273	0.7	132
0.7698412698412699	0.8	126
0.8275862068965517	0.9	87
0.9302325581395349	1.0	43
0.25	0.1	4
0.06666666666666667	0.2	15
0.30303030303030304	0.3	33
0.5185185185185185	0.4	54
0.5851063829787234	0.5	94
0.6464646464646465	0.6	99
0.6774193548387096	0.7	124
0.8571428571428571	0.8	119
0.8255813953488372	0.9	86
0.9230769230769231	1.0	52
0.2	0.1	5
0.3888888888888889	0.2	18
0.21428571428571427	0.3	28
0.5471698113207547	0.4	53
0.5517241379310345	0.5	87
0.6754385964912281	0.6	114
0.6666666666666666	0.7	132
0.8487394957983193	0.8	119
0.8333333333333334	0.9	78
0.9130434782608695	1.0	46
0.0	0.0	1
0.0	0.1	3
0.5	0.2	12
0.19444444444444445	0.3	36
0.4489795918367347	0.4	49
0.5681818181818182	0.5	88
0.6634615384615384	0.6	104
0.736	0.7	125
0.8145161290322581	0.8	124
0.8235294117647058	0.9	85
0.8867924528301887	1.0	53
0.0	0.1	3
0.2857142857142857	0.2	14
0.30303030303030304	0.3	33
0.5652173913043478	0.4	46
0.5555555555555556	0.5	90
0.6261682242990654	0.6	107
0.656	0.7	125
0.8455284552845529	0.8	123
0.8314606741573034	0.9	89
0.94	1.0	50
0.0	0.0	1
0.5	0.1	4
0.1111111111111111	0.2	9
0.2926829268292683	0.3	41
0.5416666666666666	0.4	48
0.5888888888888889	0.5	90
0.58	0.6	100
0.7286821705426356	0.7	129
0.8405797101449275	0.8	138
0.8181818181818182	0.9	77
0.9069767441860465	1.0	43
0.0	0.0	1
0.3333333333333333	0.1	3
0.21428571428571427	0.2	14
0.36666666666666664	0.3	30
0.391304347826087	0.4	46
0.5666666666666667	0.5	90
0.6262626262626263	0.6	99
0.7361111111111112	0.7	144
0.8275862068965517	0.8	116
0.8064516129032258	0.9	93
0.9318181818181818	1.0	44
0.0	0.0	1
0.25	0.1	4
0.3	0.2	10
0.3125	0.3	32
0.41379310344827586	0.4	58
0.6292134831460674	0.5	89
0.6090909090909091	0.6	110
0.689922480620155	0.7	129
0.8650793650793651	0.8	126
0.8375	0.9	80
0.926829268292683	1.0	41
0.0	0.1	3
0.3076923076923077	0.2	13
0.28	0.3	25
0.45901639344262296	0.4	61
0.5581395348837209	0.5	86
0.6442307692307693	0.6	104
0.6861313868613139	0.7	137
0.8429752066115702	0.8	121
0.8352941176470589	0.9	85
0.9555555555555556	1.0	45
0.0	0.0	1
0.0	0.1	3
0.26666666666666666	0.2	15
0.3548387096774194	0.3	31
0.49122807017543857	0.4	57
0.5348837209302325	0.5	86
0.6857142857142857	0.6	105
0.6825396825396826	0.7	126
0.8412698412698413	0.8	126
0.8160919540229885	0.9	87
0.9302325581395349	1.0	43
0.2	0.1	5
0.38461538461538464	0.2	13
0.2692307692307692	0.3	26
0.4166666666666667	0.4	60
0.5747126436781609	0.5	87
0.6355140186915887	0.6	107
0.744	0.7	125
0.7874015748031497	0.8	127
0.8289473684210527	0.9	76
0.9629629629629629	1.0	54
0.0	0.0	1
0.3333333333333333	0.1	3
0.25	0.2	12
0.2903225806451613	0.3	31
0.5208333333333334	0.4	48
0.5686274509803921	0.5	102
0.6041666666666666	0.6	96
0.7007874015748031	0.7	127
0.8166666666666667	0.8	120
0.8461538461538461	0.9	91
0.9387755102040817	1.0	49
0.25	0.2	12
0.26666666666666666	0.3	30
0.39622641509433965	0.4	53
0.5816326530612245	0.5	98
0.6530612244897959	0.6	98
0.7164179104477612	0.7	134
0.831858407079646	0.8	113
0.8191489361702128	0.9	94
0.9166666666666666	1.0	48
0.3333333333333333	0.1	6
0.23076923076923078	0.2	13
0.2903225806451613	0.3	31
0.48333333333333334	0.4	60
0.5897435897435898	0.5	78
0.6068376068376068	0.6	117
0.7565217391304347	0.7	115
0.8106060606060606	0.8	132
0.825	0.9	80
0.9166666666666666	1.0	48
0.0	0.0	1
0.0	0.1	3
0.45454545454545453	0.2	11
0.25806451612903225	0.3	31
0.4166666666666667	0.4	48
0.5728155339805825	0.5	103
0.6415094339622641	0.6	106
0.7698412698412699	0.7	126
0.7857142857142857	0.8	126
0.8441558441558441	0.9	77
0.8958333333333334	1.0	48
0.0	0.1	5
0.38461538461538464	0.2	13
0.2413793103448276	0.3	29
0.5357142857142857	0.4	56
0.5434782608695652	0.5	92
0.6310679611650486	0.6	103
0.7301587301587301	0.7	126
0.7983193277310925	0.8	119
0.8409090909090909	0.9	88
0.9387755102040817	1.0	49
0.0	0.0	1
0.3333333333333333	0.1	3
0.18181818181818182	0.2	11
0.24242424242424243	0.3	33
0.5	0.4	54
0.6067415730337079	0.5	89
0.6320754716981132	0.6	106
0.7333333333333333	0.7	135
0.8067226890756303	0.8	119
0.8235294117647058	0.9	85
0.9090909090909091	1.0	44
0.25	0.1	4
0.17647058823529413	0.2	17
0.4	0.3	30
0.484375	0.4	64
0.5425531914893617	0.5	94
0.6831683168316832	0.6	101
0.7377049180327869	0.7	122
0.7777777777777778	0.8	126
0.8472222222222222	0.9	72
0.96	1.0	50
0.0	0.0	1
0.5	0.1	4
0.18181818181818182	0.2	11
0.23529411764705882	0.3	34
0.509090909090909	0.4	55
0.5652173913043478	0.5	92
0.6728971962616822	0.6	107
0.7099236641221374	0.7	131
0.8347107438016529	0.8	121
0.8271604938271605	0.9	81
0.9069767441860465	1.0	43
0.0	0.1	2
0.25	0.2	16
0.23255813953488372	0.3	43
0.559322033898305	0.4	59
0.5729166666666666	0.5	96
0.6836734693877551	0.6	98
0.7235772357723578	0.7	123
0.8070175438596491	0.8	114
0.8809523809523809	0.9	84
0.8888888888888888	1.0	45
0.25	0.1	4
0.3333333333333333	0.2	12
0.37142857142857144	0.3	35
0.46875	0.4	64
0.5434782608695652	0.5	92
0.6880733944954128	0.6	109
0.7105263157894737	0.7	114
0.808695652173913	0.8	115
0.8444444444444444	0.9	90
0.9111111111111111	1.0	45
0.0	0.1	3
0.25	0.2	8
0.3103448275862069	0.3	29
0.4666666666666667	0.4	60
0.5697674418604651	0.5	86
0.6548672566371682	0.6	113
0.6928571428571428	0.7	140
0.847457627118644	0.8	118
0.813953488372093	0.9	86
0.9459459459459459	1.0	37
0.125	0.1	8
0.3076923076923077	0.2	13
0.25	0.3	32
0.5166666666666667	0.4	60
0.5869565217391305	0.5	92
0.6336633663366337	0.6	101
0.7049180327868853	0.7	122
0.8584070796460177	0.8	113
0.8181818181818182	0.9	88
0.9215686274509803	1.0	51
0.4	0.1	5
0.26666666666666666	0.2	15
0.2647058823529412	0.3	34
0.5	0.4	52
0.6236559139784946	0.5	93
0.6095238095238096	0.6	105
0.7280701754385965	0.7	114
0.7971014492753623	0.8	138
0.8518518518518519	0.9	81
0.9069767441860465	1.0	43
0.6666666666666666	0.1	3
0.16666666666666666	0.2	18
0.2727272727272727	0.3	33
0.45614035087719296	0.4	57
0.5897435897435898	0.5	78
0.6470588235294118	0.6	119
0.7478260869565218	0.7	115
0.8076923076923077	0.8	130
0.8641975308641975	0.9	81
0.8695652173913043	1.0	46
0.3333333333333333	0.1	3
0.2222222222222222	0.2	9
0.3	0.3	30
0.34615384615384615	0.4	52
0.6222222222222222	0.5	90
0.6363636363636364	0.6	110
0.6929133858267716	0.7	127
0.8671875	0.8	128
0.7701149425287356	0.9	87
0.9545454545454546	1.0	44
0.0	0.1	3
0.23529411764705882	0.2	17
0.44	0.3	25
0.43636363636363634	0.4	55
0.59375	0.5	96
0.6434782608695652	0.6	115
0.7096774193548387	0.7	124
0.8278688524590164	0.8	122
0.8	0.9	80
0.9534883720930233	1.0	43
0.0	0.0	1
0.3333333333333333	0.1	3
0.23076923076923078	0.2	13
0.2777777777777778	0.3	36
0.5178571428571429	0.4	56
0.5172413793103449	0.5	87
0.7009345794392523	0.6	107
0.75	0.7	148
0.819047619047619	0.8	105
0.8192771084337349	0.9	83
0.8780487804878049	1.0	41
0.0	0.1	3
0.4	0.2	10
0.3333333333333333	0.3	21
0.375	0.4	56
0.5643564356435643	0.5	101
0.6545454545454545	0.6	110
0.7230769230769231	0.7	130
0.8114754098360656	0.8	122
0.8352941176470589	0.9	85
0.9285714285714286	1.0	42
0.5	0.1	4
0.08333333333333333	0.2	12
0.2857142857142857	0.3	35
0.5172413793103449	0.4	58
0.5869565217391305	0.5	92
0.6701030927835051	0.6	97
0.6834532374100719	0.7	139
0.8545454545454545	0.8	110
0.7951807228915663	0.9	83
0.94	1.0	50
0.0	0.0	1
0.16666666666666666	0.1	6
0.2857142857142857	0.2	21
0.3333333333333333	0.3	21
0.4262295081967213	0.4	61
0.6101694915254238	0.5	59
0.6146788990825688	0.6	109
0.7586206896551724	0.7	116
0.768	0.8	125
0.8165137614678899	0.9	109
0.9230769230769231	1.0	52
0.0	0.0	1
0.0	0.1	1
0.3157894736842105	0.2	19
0.23529411764705882	0.3	34
0.5254237288135594	0.4	59
0.5978260869565217	0.5	92
0.6698113207547169	0.6	106
0.732824427480916	0.7	131
0.794392523364486	0.8	107
0.8181818181818182	0.9	77
0.9245283018867925	1.0	53
0.0	0.0	1
0.25	0.1	4
0.2	0.2	15
0.29411764705882354	0.3	34
0.4714285714285714	0.4	70
0.6629213483146067	0.5	89
0.6666666666666666	0.6	102
0.6825396825396826	0.7	126
0.8487394957983193	0.8	119
0.825	0.9	80
0.925	1.0	40
0.0	0.1	3
0.3125	0.2	16
0.25806451612903225	0.3	31
0.41818181818181815	0.4	55
0.6413043478260869	0.5	92
0.6224489795918368	0.6	98
0.704225352112676	0.7	142
0.8416666666666667	0.8	120
0.8333333333333334	0.9	78
0.9333333333333333	1.0	45
0.0	0.0	1
0.16666666666666666	0.1	6
0.21428571428571427	0.2	14
0.3448275862068966	0.3	29
0.4807692307692308	0.4	52
0.5227272727272727	0.5	88
0.7115384615384616	0.6	104
0.6893939393939394	0.7	132
0.8264462809917356	0.8	121
0.8372093023255814	0.9	86
0.8936170212765957	1.0	47
0.0	0.0	2
0.4	0.1	5
0.23076923076923078	0.2	13
0.2857142857142857	0.3	35
0.47058823529411764	0.4	51
0.5494505494505495	0.5	91
0.6633663366336634	0.6	101
0.71875	0.7	128
0.8512396694214877	0.8	121
0.8023255813953488	0.9	86
0.9361702127659575	1.0	47
0.0	0.0	1
0.0	0.1	2
0.17647058823529413	0.2	17
0.35294117647058826	0.3	34
0.45098039215686275	0.4	51
0.5764705882352941	0.5	85
0.6460176991150443	0.6	113
0.7364341085271318	0.7	129
0.8211382113821138	0.8	123
0.8414634146341463	0.9	82
0.9069767441860465	1.0	43
0.25	0.1	4
0.08333333333333333	0.2	12
0.3125	0.3	32
0.5116279069767442	0.4	43
0.5151515151515151	0.5	99
0.6732673267326733	0.6	101
0.7218045112781954	0.7	133
0.8166666666666667	0.8	120
0.8275862068965517	0.9	87
0.9183673469387755	1.0	49
0.3	0.2	10
0.21428571428571427	0.3	28
0.5	0.4	50
0.51	0.5	100
0.6559139784946236	0.6	93
0.7293233082706767	0.7	133
0.8142857142857143	0.8	140
0.8181818181818182	0.9	77
0.8979591836734694	1.0	49
0.25	0.1	4
0.17647058823529413	0.2	17
0.3333333333333333	0.3	36
0.5208333333333334	0.4	48
0.5980392156862745	0.5	102
0.6082474226804123	0.6	97
0.7286821705426356	0.7	129
0.84251968503937	0.8	127
0.8095238095238095	0.9	84
0.9444444444444444	1.0	36
0.25	0.1	4
0.11764705882352941	0.2	17
0.30434782608695654	0.3	23
0.5283018867924528	0.4	53
0.5301204819277109	0.5	83
0.6637931034482759	0.6	116
0.688	0.7	125
0.823076923076923	0.8	130
0.8433734939759037	0.9	83
0.9130434782608695	1.0	46
0.0	0.0	1
0.25	0.1	4
0.29411764705882354	0.2	17
0.2972972972972973	0.3	37
0.48484848484848486	0.4	66
0.5784313725490197	0.5	102
0.65	0.6	100
0.7520661157024794	0.7	121
0.8440366972477065	0.8	109
0.8311688311688312	0.9	77
0.9565217391304348	1.0	46
0.0	0.1	5
0.38461538461538464	0.2	13
0.27586206896551724	0.3	29
0.42857142857142855	0.4	56
0.6024096385542169	0.5	83
0.6481481481481481	0.6	108
0.6865671641791045	0.7	134
0.8372093023255814	0.8	129
0.8271604938271605	0.9	81
0.9523809523809523	1.0	42
0.3333333333333333	0.1	3
0.0	0.2	7
0.21428571428571427	0.3	28
0.5	0.4	58
0.5666666666666667	0.5	90
0.6814159292035398	0.6	113
0.7007874015748031	0.7	127
0.7906976744186046	0.8	129
0.8395061728395061	0.9	81
0.9318181818181818	1.0	44
0.6	0.1	5
0.06666666666666667	0.2	15
0.3548387096774194	0.3	31
0.3829787234042553	0.4	47
0.6091954022988506	0.5	87
0.6060606060606061	0.6	99
0.746268656716418	0.7	134
0.7916666666666666	0.8	120
0.8333333333333334	0.9	90
0.9230769230769231	1.0	52
0.0	0.0	2
0.2	0.1	5
0.35294117647058826	0.2	17
0.24242424242424243	0.3	33
0.4827586206896552	0.4	58
0.5934065934065934	0.5	91
0.6542056074766355	0.6	107
0.7563025210084033	0.7	119
0.7889908256880734	0.8	109
0.8426966292134831	0.9	89
0.92	1.0	50
0.0	0.0	1
0.2	0.1	5
0.3333333333333333	0.2	15
0.25925925925925924	0.3	27
0.52	0.4	50
0.5280898876404494	0.5	89
0.6722689075630253	0.6	119
0.6722689075630253	0.7	119
0.8429752066115702	0.8	121
0.8478260869565217	0.9	92
0.9047619047619048	1.0	42
0.2	0.1	5
0.2	0.2	10
0.2903225806451613	0.3	31
0.4444444444444444	0.4	54
0.6534653465346535	0.5	101
0.6140350877192983	0.6	114
0.712	0.7	125
0.8245614035087719	0.8	114
0.8372093023255814	0.9	86
0.925	1.0	40
0.0	0.0	1
0.0	0.1	2
0.25	0.2	16
0.28125	0.3	32
0.5	0.4	46
0.6095238095238096	0.5	105
0.6019417475728155	0.6	103
0.7131782945736435	0.7	129
0.8303571428571429	0.8	112
0.8375	0.9	80
0.9259259259259259	1.0	54
0.5	0.1	2
0.17647058823529413	0.2	17
0.2692307692307692	0.3	26
0.47368421052631576	0.4	57
0.6336633663366337	0.5	101
0.5764705882352941	0.6	85
0.7346938775510204	0.7	147
0.8181818181818182	0.8	121
0.8243243243243243	0.9	74
0.9	1.0	50
0.0	0.0	1
0.0	0.1	5
0.4166666666666667	0.2	12
0.2571428571428571	0.3	35
0.46551724137931033	0.4	58
0.6493506493506493	0.5	77
0.5869565217391305	0.6	92
0.6992481203007519	0.7	133
0.8203125	0.8	128
0.8404255319148937	0.9	94
0.9333333333333333	1.0	45
0.0	0.1	3
0.23076923076923078	0.2	13
0.25	0.3	28
0.4230769230769231	0.4	52
0.5806451612903226	0.5	93
0.6428571428571429	0.6	98
0.7142857142857143	0.7	140
0.8360655737704918	0.8	122
0.8409090909090909	0.9	88
0.9069767441860465	1.0	43
0.0	0.0	1
0.4	0.1	5
0.1875	0.2	16
0.44	0.3	25
0.3673469387755102	0.4	49
0.573170731707317	0.5	82
0.6578947368421053	0.6	114
0.6818181818181818	0.7	132
0.84	0.8	125
0.8470588235294118	0.9	85
0.8913043478260869	1.0	46
0.0	0.0	1
0.2857142857142857	0.1	7
0.07692307692307693	0.2	13
0.4375	0.3	32
0.3684210526315789	0.4	38
0.5942028985507246	0.5	69
0.6302521008403361	0.6	119
0.7131782945736435	0.7	129
0.8098591549295775	0.8	142
0.7848101265822784	0.9	79
0.9411764705882353	1.0	51
0.4	0.1	5
0.16666666666666666	0.2	12
0.2916666666666667	0.3	24
0.44680851063829785	0.4	47
0.4939759036144578	0.5	83
0.64	0.6	125
0.6944444444444444	0.7	108
0.8615384615384616	0.8	130
0.8172043010752689	0.9	93
0.9056603773584906	1.0	53
0.0	0.0	1
0.2857142857142857	0.1	7
0.25	0.2	8
0.36363636363636365	0.3	33
0.39285714285714285	0.4	56
0.5822784810126582	0.5	79
0.6339285714285714	0.6	112
0.7410071942446043	0.7	139
0.816	0.8	125
0.8607594936708861	0.9	79
0.8780487804878049	1.0	41
0.0	0.1	4
0.26666666666666666	0.2	15
0.37037037037037035	0.3	27
0.41379310344827586	0.4	58
0.6666666666666666	0.5	99
0.5871559633027523	0.6	109
0.7258064516129032	0.7	124
0.8288288288288288	0.8	111
0.8160919540229885	0.9	87
0.9347826086956522	1.0	46
0.0	0.1	1
0.2	0.2	15
0.2727272727272727	0.3	33
0.43859649122807015	0.4	57
0.6436781609195402	0.5	87
0.66	0.6	100
0.6764705882352942	0.7	136
0.8145161290322581	0.8	124
0.8641975308641975	0.9	81
0.9130434782608695	1.0	46
0.0	0.0	1
0.25	0.1	4
0.18181818181818182	0.2	11
0.27586206896551724	0.3	29
0.4727272727272727	0.4	55
0.5697674418604651	0.5	86
0.6517857142857143	0.6	112
0.6833333333333333	0.7	120
0.8203125	0.8	128
0.8636363636363636	0.9	88
0.9130434782608695	1.0	46
0.3333333333333333	0.1	3
0.13333333333333333	0.2	15
0.3793103448275862	0.3	29
0.4318181818181818	0.4	44
0.5925925925925926	0.5	108
0.6435643564356436	0.6	101
0.7142857142857143	0.7	140
0.8306451612903226	0.8	124
0.8243243243243243	0.9	74
0.9047619047619048	1.0	42
0.0	0.0	1
0.4	0.1	5
0.2	0.2	15
0.29411764705882354	0.3	34
0.4852941176470588	0.4	68
0.6195652173913043	0.5	92
0.6082474226804123	0.6	97
0.7543859649122807	0.7	114
0.8110236220472441	0.8	127
0.8352941176470589	0.9	85
0.9523809523809523	1.0	42
0.25	0.1	4
0.2222222222222222	0.2	9
0.3125	0.3	32
0.40384615384615385	0.4	52
0.5333333333333333	0.5	90
0.6862745098039216	0.6	102
0.7089552238805971	0.7	134
0.7857142857142857	0.8	112
0.8295454545454546	0.9	88
0.9824561403508771	1.0	57
0.0	0.0	1
0.5	0.1	2
0.25	0.2	20
0.2903225806451613	0.3	31
0.5538461538461539	0.4	65
0.5747126436781609	0.5	87
0.6761904761904762	0.6	105
0.7121212121212122	0.7	132
0.8090909090909091	0.8	110
0.8292682926829268	0.9	82
0.9111111111111111	1.0	45
0.0	0.0	1
0.4	0.1	5
0.23529411764705882	0.2	17
0.2	0.3	25
0.4	0.4	50
0.631578947368421	0.5	95
0.6637168141592921	0.6	113
0.728	0.7	125
0.8333333333333334	0.8	120
0.7831325301204819	0.9	83
0.9130434782608695	1.0	46
0.2	0.1	5
0.2222222222222222	0.2	9
0.34375	0.3	32
0.4444444444444444	0.4	54
0.59	0.5	100
0.6283185840707964	0.6	113
0.7368421052631579	0.7	133
0.819672131147541	0.8	122
0.8533333333333334	0.9	75
0.918918918918919	1.0	37
0.25	0.1	4
0.3076923076923077	0.2	13
0.3	0.3	30
0.48484848484848486	0.4	66
0.5730337078651685	0.5	89
0.6021505376344086	0.6	93
0.7037037037037037	0.7	108
0.8260869565217391	0.8	138
0.8505747126436781	0.9	87
0.9038461538461539	1.0	52
0.4	0.1	5
0.16666666666666666	0.2	12
0.25925925925925924	0.3	27
0.4745762711864407	0.4	59
0.6145833333333334	0.5	96
0.625	0.6	96
0.6950354609929078	0.7	141
0.8278688524590164	0.8	122
0.85	0.9	80
0.9285714285714286	1.0	42
0.3333333333333333	0.1	3
0.25	0.2	12
0.25	0.3	28
0.43137254901960786	0.4	51
0.53125	0.5	96
0.7289719626168224	0.6	107
0.7131782945736435	0.7	129
0.8	0.8	125
0.810126582278481	0.9	79
0.92	1.0	50
0.2	0.1	5
0.35714285714285715	0.2	14
0.25806451612903225	0.3	31
0.4	0.4	40
0.6067415730337079	0.5	89
0.6	0.6	95
0.7183098591549296	0.7	142
0.8135593220338984	0.8	118
0.8333333333333334	0.9	90
0.8928571428571429	1.0	56
0.25	0.1	4
0.17391304347826086	0.2	23
0.36363636363636365	0.3	22
0.46774193548387094	0.4	62
0.5957446808510638	0.5	94
0.673469387755102	0.6	98
0.6942148760330579	0.7	121
0.8151260504201681	0.8	119
0.8292682926829268	0.9	82
0.9272727272727272	1.0	55
0.0	0.0	1
0.25	0.1	4
0.3333333333333333	0.2	18
0.2571428571428571	0.3	35
0.5094339622641509	0.4	53
0.5760869565217391	0.5	92
0.6320754716981132	0.6	106
0.711864406779661	0.7	118
0.8515625	0.8	128
0.8378378378378378	0.9	74
0.9019607843137255	1.0	51
0.0	0.0	1
0.3333333333333333	0.1	3
0.1875	0.2	16
0.36666666666666664	0.3	30
0.41379310344827586	0.4	58
0.5921052631578947	0.5	76
0.6428571428571429	0.6	112
0.7441860465116279	0.7	129
0.7819548872180451	0.8	133
0.8734177215189873	0.9	79
0.9069767441860465	1.0	43
0.0	0.0	1
0.25	0.1	4
0.23076923076923078	0.2	13
0.35	0.3	20
0.4772727272727273	0.4	44
0.5416666666666666	0.5	72
0.6173913043478261	0.6	115
0.7014925373134329	0.7	134
0.7956204379562044	0.8	137
0.797752808988764	0.9	89
0.9411764705882353	1.0	51
0.25	0.1	4
0.1875	0.2	16
0.3888888888888889	0.3	18
0.375	0.4	48
0.625	0.5	80
0.5855855855855856	0.6	111
0.7092198581560284	0.7	141
0.8412698412698413	0.8	126
0.7934782608695652	0.9	92
0.9318181818181818	1.0	44
0.0	0.1	2
0.35714285714285715	0.2	14
0.32	0.3	25
0.41379310344827586	0.4	58
0.5568181818181818	0.5	88
0.625	0.6	104
0.7536231884057971	0.7	138
0.8372093023255814	0.8	129
0.7631578947368421	0.9	76
0.9347826086956522	1.0	46
0.0	0.0	1
0.25	0.1	4
0.3	0.2	10
0.32432432432432434	0.3	37
0.47761194029850745	0.4	67
0.5625	0.5	96
0.6764705882352942	0.6	102
0.7543859649122807	0.7	114
0.7923076923076923	0.8	130
0.8589743589743589	0.9	78
0.9024390243902439	1.0	41
0.0	0.0	1
0.0	0.1	2
0.4117647058823529	0.2	17
0.26666666666666666	0.3	30
0.5087719298245614	0.4	57
0.5520833333333334	0.5	96
0.6770833333333334	0.6	96
0.6923076923076923	0.7	117
0.8045112781954887	0.8	133
0.8255813953488372	0.9	86
0.9555555555555556	1.0	45
0.0	0.0	2
0.5	0.1	8
0.2	0.2	15
0.34375	0.3	32
0.39622641509433965	0.4	53
0.6395348837209303	0.5	86
0.6388888888888888	0.6	108
0.7348484848484849	0.7	132
0.8305084745762712	0.8	118
0.7777777777777778	0.9	81
0.9555555555555556	1.0	45
0.3333333333333333	0.1	3
0.21428571428571427	0.2	14
0.2972972972972973	0.3	37
0.48333333333333334	0.4	60
0.5851063829787234	0.5	94
0.6633663366336634	0.6	101
0.7009345794392523	0.7	107
0.8153846153846154	0.8	130
0.8666666666666667	0.9	90
0.8863636363636364	1.0	44
0.0	0.0	1
0.25	0.1	4
0.375	0.2	16
0.25806451612903225	0.3	31
0.5576923076923077	0.4	52
0.5212765957446809	0.5	94
0.6728971962616822	0.6	107
0.7244094488188977	0.7	127
0.8145161290322581	0.8	124
0.8461538461538461	0.9	78
0.8695652173913043	1.0	46
0.5	0.1	2
0.25	0.2	16
0.22857142857142856	0.3	35
0.5	0.4	66
0.6024096385542169	0.5	83
0.646551724137931	0.6	116
0.7368421052631579	0.7	133
0.8333333333333334	0.8	120
0.859375	0.9	64
0.8888888888888888	1.0	45
0.0	0.0	1
0.0	0.1	1
0.21428571428571427	0.2	14
0.3225806451612903	0.3	31
0.41509433962264153	0.4	53
0.5979381443298969	0.5	97
0.6354166666666666	0.6	96
0.6911764705882353	0.7	136
0.8373983739837398	0.8	123
0.8604651162790697	0.9	86
0.9285714285714286	1.0	42
0.0	0.0	1
0.5	0.1	4
0.2	0.2	15
0.28125	0.3	32
0.509090909090909	0.4	55
0.5903614457831325	0.5	83
0.6310679611650486	0.6	103
0.6953125	0.7	128
0.8114754098360656	0.8	122
0.8571428571428571	0.9	91
0.9130434782608695	1.0	46
0.4	0.1	5
0.3	0.2	10
0.23529411764705882	0.3	34
0.4909090909090909	0.4	55
0.5714285714285714	0.5	105
0.6095238095238096	0.6	105
0.7923076923076923	0.7	130
0.8034188034188035	0.8	117
0.8421052631578947	0.9	76
0.9069767441860465	1.0	43
0.4	0.1	5
0.16666666666666666	0.2	12
0.23333333333333334	0.3	30
0.5	0.4	48
0.5252525252525253	0.5	99
0.6981132075471698	0.6	106
0.6992481203007519	0.7	133
0.8421052631578947	0.8	114
0.8444444444444444	0.9	90
0.8837209302325582	1.0	43
0.25	0.1	4
0.125	0.2	8
0.23333333333333334	0.3	30
0.5	0.4	48
0.504950495049505	0.5	101
0.7102803738317757	0.6	107
0.7272727272727273	0.7	121
0.788135593220339	0.8	118
0.8297872340425532	0.9	94
0.9183673469387755	1.0	49
0.4	0.1	5
0.3333333333333333	0.2	9
0.23076923076923078	0.3	39
0.5098039215686274	0.4	51
0.5340909090909091	0.5	88
0.6346153846153846	0.6	104
0.7404580152671756	0.7	131
0.8319327731092437	0.8	119
0.8260869565217391	0.9	92
0.9285714285714286	1.0	42
0.4	0.1	5
0.2222222222222222	0.2	18
0.3225806451612903	0.3	31
0.4107142857142857	0.4	56
0.63	0.5	100
0.6548672566371682	0.6	113
0.7321428571428571	0.7	112
0.8387096774193549	0.8	124
0.810126582278481	0.9	79
0.9047619047619048	1.0	42
0.0	0.0	1
0.25	0.1	4
0.25	0.2	12
0.22580645161290322	0.3	31
0.52	0.4	50
0.6666666666666666	0.5	87
0.5887850467289719	0.6	107
0.7218045112781954	0.7	133
0.7698412698412699	0.8	126
0.8620689655172413	0.9	87
0.9047619047619048	1.0	42
0.0	0.0	1
0.3333333333333333	0.1	3
0.1875	0.2	16
0.34615384615384615	0.3	26
0.5357142857142857	0.4	56
0.5222222222222223	0.5	90
0.6818181818181818	0.6	110
0.7142857142857143	0.7	126
0.8	0.8	120
0.8255813953488372	0.9	86
0.9130434782608695	1.0	46
0.2	0.1	5
0.2222222222222222	0.2	18
0.3103448275862069	0.3	29
0.45454545454545453	0.4	55
0.5888888888888889	0.5	90
0.6470588235294118	0.6	102
0.7364341085271318	0.7	129
0.8095238095238095	0.8	126
0.8192771084337349	0.9	83
0.9534883720930233	1.0	43
0.0	0.0	1
0.4	0.1	5
0.23529411764705882	0.2	17
0.2222222222222222	0.3	27
0.5	0.4	58
0.574468085106383	0.5	94
0.6534653465346535	0.6	101
0.6953125	0.7	128
0.8512396694214877	0.8	121
0.8333333333333334	0.9	90
0.9473684210526315	1.0	38
0.3333333333333333	0.1	6
0.08333333333333333	0.2	12
0.3142857142857143	0.3	35
0.4745762711864407	0.4	59
0.5833333333333334	0.5	84
0.6578947368421053	0.6	114
0.7416666666666667	0.7	120
0.824	0.8	125
0.7976190476190477	0.9	84
0.9512195121951219	1.0	41
0.3333333333333333	0.1	6
0.16666666666666666	0.2	12
0.23809523809523808	0.3	21
0.38095238095238093	0.4	42
0.5952380952380952	0.5	84
0.6475409836065574	0.6	122
0.6870229007633588	0.7	131
0.8	0.8	125
0.8333333333333334	0.9	84
0.9433962264150944	1.0	53
0.0	0.0	1
0.6666666666666666	0.1	3
0.23076923076923078	0.2	13
0.3125	0.3	32
0.4716981132075472	0.4	53
0.6	0.5	100
0.5980392156862745	0.6	102
0.7058823529411765	0.7	119
0.8372093023255814	0.8	129
0.8625	0.9	80
0.875	1.0	48
0.2631578947368421	0.2	19
0.30303030303030304	0.3	33
0.4090909090909091	0.4	44
0.5945945945945946	0.5	111
0.6363636363636364	0.6	99
0.7768595041322314	0.7	121
0.7727272727272727	0.8	132
0.8533333333333334	0.9	75
0.9130434782608695	1.0	46
0.0	0.0	1
0.14285714285714285	0.1	7
0.16666666666666666	0.2	18
0.2962962962962963	0.3	27
0.5238095238095238	0.4	63
0.5925925925925926	0.5	81
0.6116504854368932	0.6	103
0.7264957264957265	0.7	117
0.8384615384615385	0.8	130
0.8260869565217391	0.9	92
0.926829268292683	1.0	41
0.0	0.1	3
0.2857142857142857	0.2	14
0.2222222222222222	0.3	27
0.47368421052631576	0.4	57
0.5116279069767442	0.5	86
0.7368421052631579	0.6	114
0.6717557251908397	0.7	131
0.8604651162790697	0.8	129
0.7945205479452054	0.9	73
0.9130434782608695	1.0	46
0.0	0.0	1
0.4	0.1	5
0.13333333333333333	0.2	15
0.3103448275862069	0.3	29
0.5079365079365079	0.4	63
0.63	0.5	100
0.6310679611650486	0.6	103
0.7107438016528925	0.7	121
0.8135593220338984	0.8	118
0.8625	0.9	80
0.8888888888888888	1.0	45
0.0	0.0	1
0.4	0.1	5
0.23076923076923078	0.2	13
0.27586206896551724	0.3	29
0.4807692307692308	0.4	52
0.5647058823529412	0.5	85
0.6495726495726496	0.6	117
0.6967213114754098	0.7	122
0.7946428571428571	0.8	112
0.8555555555555555	0.9	90
0.9444444444444444	1.0	54
0.0	0.0	3
0.25	0.1	4
0.26666666666666666	0.2	15
0.3235294117647059	0.3	34
0.46511627906976744	0.4	43
0.5604395604395604	0.5	91
0.6792452830188679	0.6	106
0.72	0.7	125
0.8031496062992126	0.8	127
0.8275862068965517	0.9	87
0.9111111111111111	1.0	45
0.0	0.0	2
0.23529411764705882	0.2	17
0.3333333333333333	0.3	33
0.4666666666666667	0.4	45
0.5588235294117647	0.5	102
0.6792452830188679	0.6	106
0.723404255319149	0.7	141
0.8290598290598291	0.8	117
0.8170731707317073	0.9	82
0.9428571428571428	1.0	35
0.0	0.0	1
0.0	0.1	2
0.2	0.2	15
0.45	0.3	40
0.4318181818181818	0.4	44
0.6043956043956044	0.5	91
0.6106194690265486	0.6	113
0.7154471544715447	0.7	123
0.8275862068965517	0.8	116
0.8131868131868132	0.9	91
0.9545454545454546	1.0	44
0.4	0.1	5
0.14285714285714285	0.2	14
0.32432432432432434	0.3	37
0.48214285714285715	0.4	56
0.5769230769230769	0.5	104
0.6982758620689655	0.6	116
0.7435897435897436	0.7	117
0.8125	0.8	112
0.8157894736842105	0.9	76
0.9302325581395349	1.0	43
0.3333333333333333	0.1	3
0.25	0.2	8
0.2647058823529412	0.3	34
0.4528301886792453	0.4	53
0.5833333333333334	0.5	84
0.6260869565217392	0.6	115
0.7480314960629921	0.7	127
0.7950819672131147	0.8	122
0.8452380952380952	0.9	84
0.88	1.0	50
0.0	0.0	1
0.5	0.1	2
0.16666666666666666	0.2	18
0.3448275862068966	0.3	29
0.5	0.4	58
0.5454545454545454	0.5	88
0.6636363636363637	0.6	110
0.6810344827586207	0.7	116
0.8548387096774194	0.8	124
0.8255813953488372	0.9	86
0.9166666666666666	1.0	48
0.0	0.0	1
0.6666666666666666	0.1	3
0.26666666666666666	0.2	15
0.24	0.3	25
0.52	0.4	50
0.5157894736842106	0.5	95
0.6595744680851063	0.6	94
0.7142857142857143	0.7	147
0.8157894736842105	0.8	114
0.8315789473684211	0.9	95
0.926829268292683	1.0	41
0.0	0.0	1
0.5	0.1	4
0.15384615384615385	0.2	13
0.2962962962962963	0.3	27
0.4878048780487805	0.4	41
0.5903614457831325	0.5	83
0.5785123966942148	0.6	121
0.7310924369747899	0.7	119
0.8057553956834532	0.8	139
0.8780487804878049	0.9	82
0.84	1.0	50
0.0	0.0	1
0.3333333333333333	0.1	3
0.2	0.2	15
0.3448275862068966	0.3	29
0.33962264150943394	0.4	53
0.6633663366336634	0.5	101
0.6666666666666666	0.6	99
0.68	0.7	125
0.8174603174603174	0.8	126
0.8313253012048193	0.9	83
0.9333333333333333	1.0	45
0.3333333333333333	0.1	3
0.1875	0.2	16
0.1724137931034483	0.3	29
0.4918032786885246	0.4	61
0.6	0.5	90
0.6826923076923077	0.6	104
0.7	0.7	110
0.8226950354609929	0.8	141
0.8024691358024691	0.9	81
0.9333333333333333	1.0	45
0.3333333333333333	0.1	3
0.21428571428571427	0.2	14
0.15	0.3	20
0.4915254237288136	0.4	59
0.5384615384615384	0.5	78
0.6851851851851852	0.6	108
0.7089552238805971	0.7	134
0.781021897810219	0.8	137
0.8375	0.9	80
0.9148936170212766	1.0	47
0.0	0.0	1
0.3333333333333333	0.1	3
0.16666666666666666	0.2	12
0.37037037037037035	0.3	27
0.48214285714285715	0.4	56
0.5531914893617021	0.5	94
0.6530612244897959	0.6	98
0.7089552238805971	0.7	134
0.8307692307692308	0.8	130
0.8095238095238095	0.9	84
0.9024390243902439	1.0	41
0.6666666666666666	0.1	3
0.18181818181818182	0.2	11
0.23076923076923078	0.3	26
0.47761194029850745	0.4	67
0.5376344086021505	0.5	93
0.6634615384615384	0.6	104
0.7345132743362832	0.7	113
0.8153846153846154	0.8	130
0.8191489361702128	0.9	94
0.9487179487179487	1.0	39
0.2	0.1	5
0.18181818181818182	0.2	11
0.26666666666666666	0.3	30
0.5689655172413793	0.4	58
0.5510204081632653	0.5	98
0.6605504587155964	0.6	109
0.7086614173228346	0.7	127
0.8211382113821138	0.8	123
0.8378378378378378	0.9	74
0.9111111111111111	1.0	45
0.0	0.0	1
0.25	0.1	4
0.2222222222222222	0.2	9
0.3684210526315789	0.3	38
0.5094339622641509	0.4	53
0.5697674418604651	0.5	86
0.65	0.6	100
0.7028985507246377	0.7	138
0.765625	0.8	128
0.8947368421052632	0.9	76
0.9148936170212766	1.0	47
0.0	0.0	1
0.3333333333333333	0.1	3
0.29411764705882354	0.2	17
0.34285714285714286	0.3	35
0.5	0.4	56
0.5494505494505495	0.5	91
0.6565656565656566	0.6	99
0.6929133858267716	0.7	127
0.859504132231405	0.8	121
0.8235294117647058	0.9	85
0.9111111111111111	1.0	45
0.0	0.1	3
0.1875	0.2	16
0.14285714285714285	0.3	28
0.5106382978723404	0.4	47
0.631578947368421	0.5	95
0.6074766355140186	0.6	107
0.7132352941176471	0.7	136
0.8365384615384616	0.8	104
0.8315789473684211	0.9	95
0.9183673469387755	1.0	49
0.0	0.0	1
0.0	0.1	3
0.2777777777777778	0.2	18
0.2692307692307692	0.3	26
0.48	0.4	50
0.5632183908045977	0.5	87
0.616822429906542	0.6	107
0.7213114754098361	0.7	122
0.8222222222222222	0.8	135
0.8390804597701149	0.9	87
0.9318181818181818	1.0	44
1.0	0.1	1
0.09090909090909091	0.2	11
0.36363636363636365	0.3	22
0.38	0.4	50
0.5494505494505495	0.5	91
0.6372549019607843	0.6	102
0.6923076923076923	0.7	130
0.8248175182481752	0.8	137
0.8372093023255814	0.9	86
0.9	1.0	50
0.25	0.1	4
0.25	0.2	12
0.2571428571428571	0.3	35
0.4528301886792453	0.4	53
0.6404494382022472	0.5	89
0.594059405940594	0.6	101
0.7121212121212122	0.7	132
0.8629032258064516	0.8	124
0.8045977011494253	0.9	87
0.9069767441860465	1.0	43
0.25	0.1	4
0.1	0.2	10
0.38461538461538464	0.3	26
0.4489795918367347	0.4	49
0.5679012345679012	0.5	81
0.6296296296296297	0.6	108
0.7446808510638298	0.7	141
0.7751937984496124	0.8	129
0.8125	0.9	80
0.8846153846153846	1.0	52
0.0	0.1	2
0.2222222222222222	0.2	18
0.2857142857142857	0.3	28
0.42	0.4	50
0.5384615384615384	0.5	91
0.6875	0.6	112
0.7265625	0.7	128
0.8267716535433071	0.8	127
0.8205128205128205	0.9	78
0.9347826086956522	1.0	46
0.3333333333333333	0.1	3
0.2222222222222222	0.2	9
0.3333333333333333	0.3	33
0.35294117647058826	0.4	51
0.6666666666666666	0.5	90
0.6140350877192983	0.6	114
0.6946564885496184	0.7	131
0.8110236220472441	0.8	127
0.8690476190476191	0.9	84
0.9210526315789473	1.0	38
0.6666666666666666	0.1	3
0.13333333333333333	0.2	15
0.40625	0.3	32
0.3829787234042553	0.4	47
0.6105263157894737	0.5	95
0.6132075471698113	0.6	106
0.6929133858267716	0.7	127
0.8394160583941606	0.8	137
0.8461538461538461	0.9	78
0.925	1.0	40
0.5	0.1	4
0.21428571428571427	0.2	14
0.3055555555555556	0.3	36
0.49019607843137253	0.4	51
0.5617977528089888	0.5	89
0.6274509803921569	0.6	102
0.7435897435897436	0.7	117
0.8188976377952756	0.8	127
0.8217821782178217	0.9	101
0.8974358974358975	1.0	39
0.0	0.1	5
0.38461538461538464	0.2	13
0.25806451612903225	0.3	31
0.4528301886792453	0.4	53
0.5841584158415841	0.5	101
0.6470588235294118	0.6	102
0.7481481481481481	0.7	135
0.8487394957983193	0.8	119
0.7631578947368421	0.9	76
0.9333333333333333	1.0	45
0.0	0.1	3
0.25	0.2	8
0.22727272727272727	0.3	22
0.42857142857142855	0.4	63
0.6	0.5	95
0.6122448979591837	0.6	98
0.7165354330708661	0.7	127
0.8333333333333334	0.8	126
0.8021978021978022	0.9	91
0.9361702127659575	1.0	47
0.2	0.1	5
0.2	0.2	15
0.2903225806451613	0.3	31
0.5081967213114754	0.4	61
0.5647058823529412	0.5	85
0.6407766990291263	0.6	103
0.7142857142857143	0.7	126
0.8467741935483871	0.8	124
0.813953488372093	0.9	86
0.9318181818181818	1.0	44
0.25	0.1	4
0.0	0.2	12
0.37037037037037035	0.3	27
0.49019607843137253	0.4	51
0.5578947368421052	0.5	95
0.6320754716981132	0.6	106
0.696	0.7	125
0.823076923076923	0.8	130
0.8690476190476191	0.9	84
0.8913043478260869	1.0	46
0.0	0.0	1
0.5	0.1	6
0.3333333333333333	0.2	9
0.18518518518518517	0.3	27
0.47619047619047616	0.4	63
0.5434782608695652	0.5	92
0.6869565217391305	0.6	115
0.7338709677419355	0.7	124
0.8135593220338984	0.8	118
0.825	0.9	80
0.9111111111111111	1.0	45
0.5	0.1	4
0.2	0.2	10
0.2	0.3	25
0.423728813559322	0.4	59
0.5882352941176471	0.5	102
0.6057692307692307	0.6	104
0.7463768115942029	0.7	138
0.8559322033898306	0.8	118
0.84	0.9	75
0.8888888888888888	1.0	45
0.0	0.0	1
0.14285714285714285	0.1	7
0.35714285714285715	0.2	14
0.3125	0.3	32
0.48214285714285715	0.4	56
0.5581395348837209	0.5	86
0.696969696969697	0.6	99
0.7089552238805971	0.7	134
0.7786885245901639	0.8	122
0.881578947368421	0.9	76
0.8867924528301887	1.0	53
0.0	0.0	1
0.0	0.1	4
0.42857142857142855	0.2	14
0.3333333333333333	0.3	27
0.4230769230769231	0.4	52
0.5616438356164384	0.5	73
0.6194690265486725	0.6	113
0.6906474820143885	0.7	139
0.8508771929824561	0.8	114
0.81	0.9	100
0.9767441860465116	1.0	43
0.0	0.0	1
0.3333333333333333	0.1	3
0.2	0.2	15
0.3225806451612903	0.3	31
0.4642857142857143	0.4	56
0.6161616161616161	0.5	99
0.6352941176470588	0.6	85
0.6906474820143885	0.7	139
0.8275862068965517	0.8	116
0.8494623655913979	0.9	93
0.9047619047619048	1.0	42
0.25	0.1	4
0.21428571428571427	0.2	14
0.23076923076923078	0.3	26
0.44	0.4	50
0.5342465753424658	0.5	73
0.6509433962264151	0.6	106
0.7196969696969697	0.7	132
0.8043478260869565	0.8	138
0.8351648351648352	0.9	91
0.9130434782608695	1.0	46
0.0	0.0	1
0.5	0.1	2
0.2777777777777778	0.2	18
0.21875	0.3	32
0.46938775510204084	0.4	49
0.6145833333333334	0.5	96
0.63	0.6	100
0.7111111111111111	0.7	135
0.825	0.8	120
0.8481012658227848	0.9	79
0.9166666666666666	1.0	48
0.5	0.1	2
0.3076923076923077	0.2	13
0.1875	0.3	32
0.4666666666666667	0.4	60
0.6095238095238096	0.5	105
0.6494845360824743	0.6	97
0.728	0.7	125
0.8110236220472441	0.8	127
0.8441558441558441	0.9	77
0.9285714285714286	1.0	42
0.5	0.1	4
0.1	0.2	10
0.3225806451612903	0.3	31
0.46296296296296297	0.4	54
0.5384615384615384	0.5	78
0.66	0.6	100
0.6985294117647058	0.7	136
0.8294573643410853	0.8	129
0.8045977011494253	0.9	87
0.9019607843137255	1.0	51
0.0	0.0	1
0.3333333333333333	0.1	3
0.19047619047619047	0.2	21
0.29411764705882354	0.3	34
0.4897959183673469	0.4	49
0.6206896551724138	0.5	87
0.6138613861386139	0.6	101
0.732824427480916	0.7	131
0.8110236220472441	0.8	127
0.868421052631579	0.9	76
0.88	1.0	50
0.0	0.0	1
0.3333333333333333	0.1	3
0.3076923076923077	0.2	13
0.27586206896551724	0.3	29
0.5087719298245614	0.4	57
0.5647058823529412	0.5	85
0.6545454545454545	0.6	110
0.6785714285714286	0.7	140
0.8559322033898306	0.8	118
0.8157894736842105	0.9	76
0.9166666666666666	1.0	48
0.0	0.1	4
0.3333333333333333	0.2	18
0.27586206896551724	0.3	29
0.47692307692307695	0.4	65
0.6025641025641025	0.5	78
0.6454545454545455	0.6	110
0.7264957264957265	0.7	117
0.7846153846153846	0.8	130
0.8607594936708861	0.9	79
0.92	1.0	50
0.0	0.0	1
0.5	0.1	4
0.36363636363636365	0.2	22
0.1111111111111111	0.3	27
0.5692307692307692	0.4	65
0.5882352941176471	0.5	102
0.6666666666666666	0.6	102
0.7301587301587301	0.7	126
0.8272727272727273	0.8	110
0.7733333333333333	0.9	75
0.9782608695652174	1.0	46
0.25	0.1	4
0.25	0.2	12
0.24324324324324326	0.3	37
0.5294117647058824	0.4	68
0.5783132530120482	0.5	83
0.6333333333333333	0.6	120
0.7333333333333333	0.7	105
0.8608695652173913	0.8	115
0.8068181818181818	0.9	88
0.9166666666666666	1.0	48
0.0	0.0	1
0.5	0.1	4
0.25	0.2	12
0.2962962962962963	0.3	27
0.39622641509433965	0.4	53
0.5853658536585366	0.5	82
0.625	0.6	112
0.7155963302752294	0.7	109
0.8507462686567164	0.8	134
0.78125	0.9	96
0.9	1.0	50
0.0	0.0	1
0.5	0.1	2
0.2222222222222222	0.2	18
0.25	0.3	40
0.4782608695652174	0.4	46
0.6344086021505376	0.5	93
0.6571428571428571	0.6	105
0.7037037037037037	0.7	135
0.8512396694214877	0.8	121
0.8082191780821918	0.9	73
0.9130434782608695	1.0	46
0.0	0.0	1
0.3333333333333333	0.1	3
0.3333333333333333	0.2	12
0.28125	0.3	32
0.425531914893617	0.4	47
0.5327102803738317	0.5	107
0.6881720430107527	0.6	93
0.6953125	0.7	128
0.8467741935483871	0.8	124
0.8426966292134831	0.9	89
0.9090909090909091	1.0	44
0.0	0.0	1
0.25	0.1	4
0.20833333333333334	0.2	24
0.3611111111111111	0.3	36
0.5423728813559322	0.4	59
0.5578947368421052	0.5	95
0.6732673267326733	0.6	101
0.7086614173228346	0.7	127
0.8859649122807017	0.8	114
0.821917808219178	0.9	73
0.8913043478260869	1.0	46
0.0	0.0	1
0.4	0.1	5
0.125	0.2	16
0.34375	0.3	32
0.49019607843137253	0.4	51
0.5760869565217391	0.5	92
0.6666666666666666	0.6	96
0.6984126984126984	0.7	126
0.8161764705882353	0.8	136
0.8181818181818182	0.9	77
0.9375	1.0	48
0.0	0.0	1
0.0	0.1	3
0.2	0.2	20
0.29411764705882354	0.3	34
0.6086956521739131	0.4	46
0.5473684210526316	0.5	95
0.6285714285714286	0.6	105
0.7443609022556391	0.7	133
0.8442622950819673	0.8	122
0.8026315789473685	0.9	76
0.9111111111111111	1.0	45
0.0	0.1	3
0.36363636363636365	0.2	11
0.2692307692307692	0.3	26
0.5	0.4	52
0.5764705882352941	0.5	85
0.6060606060606061	0.6	99
0.7254901960784313	0.7	153
0.784	0.8	125
0.8414634146341463	0.9	82
0.9090909090909091	1.0	44
0.0	0.0	1
0.5	0.1	4
0.13333333333333333	0.2	15
0.275	0.3	40
0.4423076923076923	0.4	52
0.7	0.5	90
0.6020408163265306	0.6	98
0.7037037037037037	0.7	135
0.8403361344537815	0.8	119
0.8170731707317073	0.9	82
0.9545454545454546	1.0	44
0.0	0.0	1
0.4	0.1	5
0.2222222222222222	0.2	18
0.29411764705882354	0.3	34
0.5409836065573771	0.4	61
0.5555555555555556	0.5	90
0.6336633663366337	0.6	101
0.7540983606557377	0.7	122
0.8064516129032258	0.8	124
0.8641975308641975	0.9	81
0.9069767441860465	1.0	43
0.25	0.1	4
0.15384615384615385	0.2	13
0.4	0.3	30
0.4666666666666667	0.4	45
0.5116279069767442	0.5	86
0.6435643564356436	0.6	101
0.7218045112781954	0.7	133
0.7883211678832117	0.8	137
0.8641975308641975	0.9	81
0.9	1.0	50
0.0	0.1	6
0.21428571428571427	0.2	14
0.28888888888888886	0.3	45
0.509090909090909	0.4	55
0.6428571428571429	0.5	84
0.6637168141592921	0.6	113
0.6747967479674797	0.7	123
0.8468468468468469	0.8	111
0.8607594936708861	0.9	79
0.92	1.0	50
0.0	0.0	1
0.0	0.1	2
0.2631578947368421	0.2	19
0.19230769230769232	0.3	26
0.45614035087719296	0.4	57
0.6276595744680851	0.5	94
0.6306306306306306	0.6	111
0.728	0.7	125
0.8739495798319328	0.8	119
0.788235294117647	0.9	85
0.9024390243902439	1.0	41
0.14285714285714285	0.1	7
0.42857142857142855	0.2	14
0.21428571428571427	0.3	28
0.4444444444444444	0.4	54
0.6153846153846154	0.5	78
0.5825242718446602	0.6	103
0.7664233576642335	0.7	137
0.8048780487804879	0.8	123
0.8160919540229885	0.9	87
0.8979591836734694	1.0	49
0.0	0.0	1
0.0	0.1	2
0.2857142857142857	0.2	14
0.2903225806451613	0.3	31
0.4489795918367347	0.4	49
0.6081081081081081	0.5	74
0.5967741935483871	0.6	124
0.7235772357723578	0.7	123
0.8283582089552238	0.8	134
0.8125	0.9	80
0.9375	1.0	48
0.4	0.1	5
0.08333333333333333	0.2	12
0.4	0.3	30
0.5	0.4	60
0.5232558139534884	0.5	86
0.6756756756756757	0.6	111
0.7054794520547946	0.7	146
0.8636363636363636	0.8	110
0.7948717948717948	0.9	78
0.9285714285714286	1.0	42
0.0	0.0	1
0.25	0.1	4
0.2222222222222222	0.2	9
0.25	0.3	40
0.5471698113207547	0.4	53
0.5795454545454546	0.5	88
0.6476190476190476	0.6	105
0.7131782945736435	0.7	129
0.8264462809917356	0.8	121
0.8160919540229885	0.9	87
0.9302325581395349	1.0	43
0.3333333333333333	0.1	3
0.0	0.2	8
0.3939393939393939	0.3	33
0.4166666666666667	0.4	60
0.5777777777777777	0.5	90
0.6173913043478261	0.6	115
0.7441860465116279	0.7	129
0.825	0.8	120
0.8607594936708861	0.9	79
0.9069767441860465	1.0	43
0.0	0.0	1
0.25	0.1	4
0.2	0.2	15
0.4074074074074074	0.3	27
0.425531914893617	0.4	47
0.5681818181818182	0.5	88
0.6396396396396397	0.6	111
0.7175572519083969	0.7	131
0.8203125	0.8	128
0.8125	0.9	80
0.9166666666666666	1.0	48
0.0	0.0	1
0.5	0.1	4
0.16666666666666666	0.2	18
0.3939393939393939	0.3	33
0.4861111111111111	0.4	72
0.5714285714285714	0.5	91
0.7142857142857143	0.6	98
0.7313432835820896	0.7	134
0.831858407079646	0.8	113
0.7916666666666666	0.9	72
0.9090909090909091	1.0	44
0.5	0.1	4
0.11764705882352941	0.2	17
0.2608695652173913	0.3	23
0.45098039215686275	0.4	51
0.6024096385542169	0.5	83
0.6306306306306306	0.6	111
0.6940298507462687	0.7	134
0.860655737704918	0.8	122
0.8041237113402062	0.9	97
0.9210526315789473	1.0	38
0.3333333333333333	0.1	3
0.2	0.2	15
0.25	0.3	28
0.5254237288135594	0.4	59
0.5596330275229358	0.5	109
0.6444444444444445	0.6	90
0.75	0.7	128
0.8032786885245902	0.8	122
0.8214285714285714	0.9	84
0.9523809523809523	1.0	42
0.0	0.1	2
0.38461538461538464	0.2	13
0.2647058823529412	0.3	34
0.46808510638297873	0.4	47
0.5918367346938775	0.5	98
0.5982905982905983	0.6	117
0.7480314960629921	0.7	127
0.8145161290322581	0.8	124
0.8441558441558441	0.9	77
0.9512195121951219	1.0	41
0.0	0.1	6
0.42857142857142855	0.2	7
0.37142857142857144	0.3	35
0.5208333333333334	0.4	48
0.5222222222222223	0.5	90
0.6548672566371682	0.6	113
0.7028985507246377	0.7	138
0.8387096774193549	0.8	124
0.7945205479452054	0.9	73
0.9347826086956522	1.0	46
0.0	0.0	1
0.4	0.1	5
0.125	0.2	16
0.23333333333333334	0.3	30
0.46296296296296297	0.4	54
0.6263736263736264	0.5	91
0.6782608695652174	0.6	115
0.7218045112781954	0.7	133
0.819672131147541	0.8	122
0.8405797101449275	0.9	69
0.8863636363636364	1.0	44
0.2	0.1	5
0.2727272727272727	0.2	11
0.3225806451612903	0.3	31
0.5217391304347826	0.4	46
0.5581395348837209	0.5	86
0.6160714285714286	0.6	112
0.7214285714285714	0.7	140
0.8134328358208955	0.8	134
0.8194444444444444	0.9	72
0.9302325581395349	1.0	43
0.0	0.0	2
0.2	0.1	5
0.3333333333333333	0.2	12
0.225	0.3	40
0.5185185185185185	0.4	54
0.5684210526315789	0.5	95
0.6842105263157895	0.6	114
0.7213114754098361	0.7	122
0.85	0.8	120
0.8356164383561644	0.9	73
0.9069767441860465	1.0	43
0.0	0.0	2
0.0	0.1	1
0.3	0.2	20
0.18518518518518517	0.3	27
0.5	0.4	54
0.6125	0.5	80
0.6261682242990654	0.6	107
0.7222222222222222	0.7	126
0.7938931297709924	0.8	131
0.8571428571428571	0.9	84
0.8958333333333334	1.0	48
0.25	0.1	4
0.2727272727272727	0.2	11
0.25	0.3	32
0.5161290322580645	0.4	62
0.5465116279069767	0.5	86
0.6785714285714286	0.6	112
0.704	0.7	125
0.8145161290322581	0.8	124
0.8505747126436781	0.9	87
0.918918918918919	1.0	37
0.0	0.0	1
0.3333333333333333	0.1	6
0.14285714285714285	0.2	14
0.1935483870967742	0.3	31
0.5319148936170213	0.4	47
0.631578947368421	0.5	95
0.6060606060606061	0.6	99
0.7272727272727273	0.7	132
0.819672131147541	0.8	122
0.8160919540229885	0.9	87
0.9130434782608695	1.0	46
0.0	0.0	1
0.3333333333333333	0.1	3
0.38461538461538464	0.2	13
0.20689655172413793	0.3	29
0.45652173913043476	0.4	46
0.5894736842105263	0.5	95
0.6288659793814433	0.6	97
0.6911764705882353	0.7	136
0.8151260504201681	0.8	119
0.8421052631578947	0.9	95
0.9347826086956522	1.0	46
0.0	0.1	2
0.1875	0.2	16
0.3870967741935484	0.3	31
0.4426229508196721	0.4	61
0.5824175824175825	0.5	91
0.6666666666666666	0.6	105
0.6698113207547169	0.7	106
0.8142857142857143	0.8	140
0.8588235294117647	0.9	85
0.9534883720930233	1.0	43
0.0	0.1	3
0.14285714285714285	0.2	7
0.34782608695652173	0.3	23
0.38	0.4	50
0.5164835164835165	0.5	91
0.6944444444444444	0.6	108
0.6666666666666666	0.7	135
0.8740157480314961	0.8	127
0.8048780487804879	0.9	82
0.8703703703703703	1.0	54
0.0	0.0	1
0.5	0.1	2
0.2	0.2	10
0.24242424242424243	0.3	33
0.5357142857142857	0.4	56
0.5466666666666666	0.5	75
0.6446280991735537	0.6	121
0.7099236641221374	0.7	131
0.8333333333333334	0.8	126
0.8170731707317073	0.9	82
0.9069767441860465	1.0	43
0.0	0.0	1
0.3333333333333333	0.1	3
0.4375	0.2	16
0.19230769230769232	0.3	26
0.4727272727272727	0.4	55
0.5666666666666667	0.5	90
0.6224489795918368	0.6	98
0.7194244604316546	0.7	139
0.8292682926829268	0.8	123
0.8235294117647058	0.9	85
0.9318181818181818	1.0	44
0.42857142857142855	0.1	7
0.18181818181818182	0.2	11
0.3055555555555556	0.3	36
0.4444444444444444	0.4	45
0.59375	0.5	96
0.6605504587155964	0.6	109
0.7022900763358778	0.7	131
0.8220338983050848	0.8	118
0.8518518518518519	0.9	81
0.8913043478260869	1.0	46
0.25	0.1	4
0.18181818181818182	0.2	11
0.2777777777777778	0.3	36
0.5283018867924528	0.4	53
0.5904761904761905	0.5	105
0.6170212765957447	0.6	94
0.6967213114754098	0.7	122
0.8407079646017699	0.8	113
0.8241758241758241	0.9	91
0.9411764705882353	1.0	51
0.0	0.0	1
0.3333333333333333	0.1	3
0.125	0.2	16
0.3333333333333333	0.3	24
0.43636363636363634	0.4	55
0.5862068965517241	0.5	87
0.6880733944954128	0.6	109
0.6739130434782609	0.7	138
0.8360655737704918	0.8	122
0.8192771084337349	0.9	83
0.9523809523809523	1.0	42
0.0	0.1	6
0.625	0.2	8
0.2647058823529412	0.3	34
0.4339622641509434	0.4	53
0.65	0.5	80
0.6283185840707964	0.6	113
0.6962962962962963	0.7	135
0.8294573643410853	0.8	129
0.810126582278481	0.9	79
0.9069767441860465	1.0	43
0.2857142857142857	0.1	7
0.14285714285714285	0.2	14
0.24324324324324326	0.3	37
0.5737704918032787	0.4	61
0.5784313725490197	0.5	102
0.625	0.6	104
0.7711864406779662	0.7	118
0.8137254901960784	0.8	102
0.8488372093023255	0.9	86
0.9183673469387755	1.0	49
0.4	0.1	5
0.07142857142857142	0.2	14
0.3	0.3	30
0.484375	0.4	64
0.5760869565217391	0.5	92
0.6696428571428571	0.6	112
0.7768595041322314	0.7	121
0.784	0.8	125
0.8289473684210527	0.9	76
0.926829268292683	1.0	41
0.25	0.1	4
0.2	0.2	15
0.2894736842105263	0.3	38
0.49019607843137253	0.4	51
0.5841584158415841	0.5	101
0.6170212765957447	0.6	94
0.762962962962963	0.7	135
0.8095238095238095	0.8	126
0.8285714285714286	0.9	70
0.9565217391304348	1.0	46
0.5	0.1	2
0.16666666666666666	0.2	12
0.21428571428571427	0.3	28
0.5272727272727272	0.4	55
0.5384615384615384	0.5	104
0.6382978723404256	0.6	94
0.7642276422764228	0.7	123
0.7899159663865546	0.8	119
0.8297872340425532	0.9	94
0.8979591836734694	1.0	49
0.25	0.1	8
0.1875	0.2	16
0.36363636363636365	0.3	33
0.5192307692307693	0.4	52
0.5631067961165048	0.5	103
0.6633663366336634	0.6	101
0.7295081967213115	0.7	122
0.8387096774193549	0.8	124
0.8292682926829268	0.9	82
0.8717948717948718	1.0	39
0.3333333333333333	0.1	3
0.25	0.2	16
0.25806451612903225	0.3	31
0.4666666666666667	0.4	60
0.6179775280898876	0.5	89
0.6574074074074074	0.6	108
0.6747967479674797	0.7	123
0.8717948717948718	0.8	117
0.7954545454545454	0.9	88
0.9333333333333333	1.0	45
0.4	0.1	5
0.1111111111111111	0.2	9
0.36	0.3	25
0.36	0.4	50
0.5465116279069767	0.5	86
0.6666666666666666	0.6	111
0.71900826446281	0.7	121
0.7769784172661871	0.8	139
0.8780487804878049	0.9	82
0.8846153846153846	1.0	52
0.0	0.0	1
0.0	0.1	2
0.26666666666666666	0.2	15
0.3448275862068966	0.3	29
0.475	0.4	40
0.625	0.5	88
0.5892857142857143	0.6	112
0.627906976744186	0.7	129
0.8787878787878788	0.8	132
0.8160919540229885	0.9	87
0.9333333333333333	1.0	45
0.25	0.1	4
0.2	0.2	15
0.32	0.3	25
0.4	0.4	50
0.6222222222222222	0.5	90
0.6	0.6	105
0.7459016393442623	0.7	122
0.823076923076923	0.8	130
0.7934782608695652	0.9	92
0.8936170212765957	1.0	47
0.0	0.0	1
0.5	0.1	2
0.21428571428571427	0.2	14
0.2	0.3	30
0.5294117647058824	0.4	51
0.5714285714285714	0.5	91
0.6161616161616161	0.6	99
0.7099236641221374	0.7	131
0.8333333333333334	0.8	132
0.8222222222222222	0.9	90
0.9487179487179487	1.0	39
0.0	0.1	1
0.4	0.2	10
0.11538461538461539	0.3	26
0.47058823529411764	0.4	51
0.5742574257425742	0.5	101
0.6521739130434783	0.6	92
0.6739130434782609	0.7	138
0.828125	0.8	128
0.8571428571428571	0.9	84
0.8979591836734694	1.0	49
0.25	0.1	4
0.2857142857142857	0.2	14
0.36666666666666664	0.3	30
0.3888888888888889	0.4	54
0.6382978723404256	0.5	94
0.6391752577319587	0.6	97
0.6833333333333333	0.7	120
0.8175182481751825	0.8	137
0.8313253012048193	0.9	83
0.8936170212765957	1.0	47
0.0	0.1	3
0.2	0.2	10
0.36666666666666664	0.3	30
0.3541666666666667	0.4	48
0.5806451612903226	0.5	93
0.6534653465346535	0.6	101
0.6976744186046512	0.7	129
0.8181818181818182	0.8	143
0.8125	0.9	80
0.9767441860465116	1.0	43
0.3333333333333333	0.1	6
0.16666666666666666	0.2	12
0.25	0.3	28
0.4666666666666667	0.4	60
0.5714285714285714	0.5	91
0.6767676767676768	0.6	99
0.7185185185185186	0.7	135
0.8359375	0.8	128
0.7866666666666666	0.9	75
0.9347826086956522	1.0	46
0.0	0.1	1
0.16666666666666666	0.2	12
0.2857142857142857	0.3	35
0.44	0.4	50
0.6470588235294118	0.5	85
0.5982905982905983	0.6	117
0.7419354838709677	0.7	124
0.8095238095238095	0.8	126
0.8072289156626506	0.9	83
0.9361702127659575	1.0	47
0.3333333333333333	0.1	3
0.25	0.2	8
0.1935483870967742	0.3	31
0.4888888888888889	0.4	45
0.5959595959595959	0.5	99
0.6055045871559633	0.6	109
0.7464788732394366	0.7	142
0.8	0.8	130
0.8243243243243243	0.9	74
0.9487179487179487	1.0	39
0.3333333333333333	0.1	3
0.14285714285714285	0.2	14
0.25806451612903225	0.3	31
0.49122807017543857	0.4	57
0.6136363636363636	0.5	88
0.6448598130841121	0.6	107
0.7099236641221374	0.7	131
0.7844827586206896	0.8	116
0.8539325842696629	0.9	89
0.9545454545454546	1.0	44
0.0	0.0	1
0.25	0.1	4
0.25	0.2	16
0.22857142857142856	0.3	35
0.5614035087719298	0.4	57
0.5806451612903226	0.5	93
0.6203703703703703	0.6	108
0.7723577235772358	0.7	123
0.7933884297520661	0.8	121
0.8831168831168831	0.9	77
0.8666666666666667	1.0	45
0.0	0.0	1
0.5	0.1	4
0.125	0.2	16
0.36	0.3	25
0.425531914893617	0.4	47
0.5903614457831325	0.5	83
0.5818181818181818	0.6	110
0.7265625	0.7	128
0.8467153284671532	0.8	137
0.8	0.9	80
0.9183673469387755	1.0	49
0.25	0.1	4
0.3	0.2	10
0.23529411764705882	0.3	34
0.47368421052631576	0.4	57
0.5783132530120482	0.5	83
0.6285714285714286	0.6	105
0.75	0.7	136
0.8	0.8	130
0.8734177215189873	0.9	79
0.8571428571428571	1.0	42
0.3333333333333333	0.1	3
0.2857142857142857	0.2	14
0.20689655172413793	0.3	29
0.4745762711864407	0.4	59
0.6	0.5	95
0.6161616161616161	0.6	99
0.7651515151515151	0.7	132
0.7868852459016393	0.8	122
0.8235294117647058	0.9	85
0.9523809523809523	1.0	42
0.25	0.1	4
0.2222222222222222	0.2	9
0.29411764705882354	0.3	34
0.52	0.4	50
0.5918367346938775	0.5	98
0.616822429906542	0.6	107
0.725925925925926	0.7	135
0.7747747747747747	0.8	111
0.8666666666666667	0.9	90
0.9285714285714286	1.0	42
0.3333333333333333	0.1	3
0.25	0.2	16
0.25	0.3	32
0.4418604651162791	0.4	43
0.5961538461538461	0.5	104
0.6344086021505376	0.6	93
0.7083333333333334	0.7	120
0.8267716535433071	0.8	127
0.8241758241758241	0.9	91
0.9019607843137255	1.0	51
0.0	0.0	1
0.6666666666666666	0.1	3
0.23076923076923078	0.2	13
0.3333333333333333	0.3	33
0.48148148148148145	0.4	54
0.5168539325842697	0.5	89
0.6568627450980392	0.6	102
0.744	0.7	125
0.8045112781954887	0.8	133
0.8375	0.9	80
0.8936170212765957	1.0	47
0.0	0.1	3
0.30434782608695654	0.2	23
0.2222222222222222	0.3	27
0.4852941176470588	0.4	68
0.5591397849462365	0.5	93
0.6868686868686869	0.6	99
0.75	0.7	120
0.8053097345132744	0.8	113
0.8414634146341463	0.9	82
0.9230769230769231	1.0	52
0.0	0.0	1
0.3333333333333333	0.1	3
0.23529411764705882	0.2	17
0.32142857142857145	0.3	28
0.4126984126984127	0.4	63
0.6021505376344086	0.5	93
0.6909090909090909	0.6	110
0.7251908396946565	0.7	131
0.8305084745762712	0.8	118
0.8266666666666667	0.9	75
0.9024390243902439	1.0	41
0.0	0.0	1
0.0	0.1	2
0.26666666666666666	0.2	15
0.3125	0.3	32
0.5319148936170213	0.4	47
0.611764705882353	0.5	85
0.6016949152542372	0.6	118
0.7348484848484849	0.7	132
0.808	0.8	125
0.7974683544303798	0.9	79
0.9318181818181818	1.0	44
0.0	0.0	1
0.25	0.1	4
0.15384615384615385	0.2	13
0.41025641025641024	0.3	39
0.40350877192982454	0.4	57
0.5760869565217391	0.5	92
0.6914893617021277	0.6	94
0.723404255319149	0.7	141
0.8360655737704918	0.8	122
0.8169014084507042	0.9	71
0.9130434782608695	1.0	46
0.0	0.0	1
0.0	0.1	2
0.2222222222222222	0.2	18
0.2962962962962963	0.3	27
0.45	0.4	60
0.625	0.5	96
0.6210526315789474	0.6	95
0.7401574803149606	0.7	127
0.8095238095238095	0.8	126
0.8354430379746836	0.9	79
0.8979591836734694	1.0	49
0.0	0.0	1
0.3333333333333333	0.1	3
0.2857142857142857	0.2	14
0.20588235294117646	0.3	34
0.5272727272727272	0.4	55
0.5934065934065934	0.5	91
0.6929824561403509	0.6	114
0.6451612903225806	0.7	124
0.8559322033898306	0.8	118
0.8395061728395061	0.9	81
0.9111111111111111	1.0	45
0.0	0.1	3
0.3157894736842105	0.2	19
0.3076923076923077	0.3	26
0.4406779661016949	0.4	59
0.5747126436781609	0.5	87
0.6732673267326733	0.6	101
0.6791044776119403	0.7	134
0.8536585365853658	0.8	123
0.8395061728395061	0.9	81
0.8936170212765957	1.0	47
0.35294117647058826	0.2	17
0.24	0.3	25
0.40350877192982454	0.4	57
0.631578947368421	0.5	95
0.6090909090909091	0.6	110
0.7121212121212122	0.7	132
0.8389830508474576	0.8	118
0.8295454545454546	0.9	88
0.9473684210526315	1.0	38
0.0	0.0	2
0.0	0.1	3
0.3157894736842105	0.2	19
0.36	0.3	25
0.42857142857142855	0.4	56
0.5681818181818182	0.5	88
0.7263157894736842	0.6	95
0.647887323943662	0.7	142
0.8442622950819673	0.8	122
0.8461538461538461	0.9	78
0.9	1.0	50
0.0	0.1	3
0.2777777777777778	0.2	18
0.3611111111111111	0.3	36
0.48214285714285715	0.4	56
0.5402298850574713	0.5	87
0.6916666666666667	0.6	120
0.7185185185185186	0.7	135
0.8407079646017699	0.8	113
0.855072463768116	0.9	69
0.8837209302325582	1.0	43
0.0	0.0	1
0.3333333333333333	0.1	6
0.125	0.2	16
0.3103448275862069	0.3	29
0.48214285714285715	0.4	56
0.6060606060606061	0.5	99
0.6634615384615384	0.6	104
0.6791044776119403	0.7	134
0.8849557522123894	0.8	113
0.8266666666666667	0.9	75
0.8936170212765957	1.0	47
0.0	0.0	2
0.3333333333333333	0.1	3
0.1875	0.2	16
0.25806451612903225	0.3	31
0.4807692307692308	0.4	52
0.5679012345679012	0.5	81
0.6237623762376238	0.6	101
0.7251908396946565	0.7	131
0.8396946564885496	0.8	131
0.813953488372093	0.9	86
0.9347826086956522	1.0	46
0.3333333333333333	0.1	3
0.14285714285714285	0.2	14
0.24	0.3	25
0.46551724137931033	0.4	58
0.6276595744680851	0.5	94
0.652542372881356	0.6	118
0.7076923076923077	0.7	130
0.8114754098360656	0.8	122
0.8533333333333334	0.9	75
0.9024390243902439	1.0	41
0.25	0.1	4
0.0625	0.2	16
0.36666666666666664	0.3	30
0.46774193548387094	0.4	62
0.6049382716049383	0.5	81
0.6548672566371682	0.6	113
0.7213114754098361	0.7	122
0.8099173553719008	0.8	121
0.8241758241758241	0.9	91
0.95	1.0	40
0.0	0.0	1
0.5	0.1	4
0.36363636363636365	0.2	11
0.25	0.3	32
0.4375	0.4	48
0.6237623762376238	0.5	101
0.6041666666666666	0.6	96
0.732824427480916	0.7	131
0.7983193277310925	0.8	119
0.8241758241758241	0.9	91
0.9130434782608695	1.0	46
0.0	0.1	2
0.3076923076923077	0.2	13
0.3333333333333333	0.3	24
0.43548387096774194	0.4	62
0.5934065934065934	0.5	91
0.6415094339622641	0.6	106
0.6923076923076923	0.7	130
0.8264462809917356	0.8	121
0.8426966292134831	0.9	89
0.9047619047619048	1.0	42
0.0	0.0	1
0.0	0.1	2
0.18181818181818182	0.2	11
0.3125	0.3	32
0.543859649122807	0.4	57
0.6039603960396039	0.5	101
0.6019417475728155	0.6	103
0.6956521739130435	0.7	138
0.8666666666666667	0.8	120
0.8026315789473685	0.9	76
0.9487179487179487	1.0	39
0.2	0.1	5
0.25	0.2	12
0.3333333333333333	0.3	42
0.48148148148148145	0.4	54
0.6122448979591837	0.5	98
0.5824175824175825	0.6	91
0.7480916030534351	0.7	131
0.8278688524590164	0.8	122
0.8354430379746836	0.9	79
0.9130434782608695	1.0	46
0.0	0.1	3
0.18181818181818182	0.2	11
0.3103448275862069	0.3	29
0.45652173913043476	0.4	46
0.6206896551724138	0.5	87
0.6017699115044248	0.6	113
0.7384615384615385	0.7	130
0.7744360902255639	0.8	133
0.8395061728395061	0.9	81
0.9148936170212766	1.0	47
0.5	0.1	4
0.1111111111111111	0.2	18
0.3	0.3	30
0.5454545454545454	0.4	55
0.5742574257425742	0.5	101
0.6548672566371682	0.6	113
0.7218045112781954	0.7	133
0.8584070796460177	0.8	113
0.7894736842105263	0.9	76
0.972972972972973	1.0	37
0.0	0.0	1
0.5	0.1	6
0.26666666666666666	0.2	15
0.2727272727272727	0.3	33
0.5245901639344263	0.4	61
0.6043956043956044	0.5	91
0.63	0.6	100
0.7251908396946565	0.7	131
0.811965811965812	0.8	117
0.8395061728395061	0.9	81
0.9090909090909091	1.0	44
0.0	0.1	2
0.21428571428571427	0.2	14
0.3	0.3	30
0.4782608695652174	0.4	46
0.5841584158415841	0.5	101
0.6476190476190476	0.6	105
0.7112676056338029	0.7	142
0.8275862068965517	0.8	116
0.8395061728395061	0.9	81
0.8837209302325582	1.0	43
0.0	0.0	1
0.25	0.1	4
0.3157894736842105	0.2	19
0.28	0.3	25
0.39622641509433965	0.4	53
0.6219512195121951	0.5	82
0.6336633663366337	0.6	101
0.7034482758620689	0.7	145
0.8264462809917356	0.8	121
0.8414634146341463	0.9	82
0.9148936170212766	1.0	47
0.0	0.0	1
0.3333333333333333	0.1	3
0.2	0.2	10
0.25	0.3	32
0.4	0.4	35
0.6813186813186813	0.5	91
0.5462962962962963	0.6	108
0.696	0.7	125
0.7985611510791367	0.8	139
0.8666666666666667	0.9	90
0.9130434782608695	1.0	46
0.5	0.1	2
0.23076923076923078	0.2	13
0.22580645161290322	0.3	31
0.46153846153846156	0.4	52
0.6310679611650486	0.5	103
0.6063829787234043	0.6	94
0.7	0.7	140
0.8442622950819673	0.8	122
0.8313253012048193	0.9	83
0.925	1.0	40
0.0	0.0	1
0.4	0.1	5
0.07142857142857142	0.2	14
0.29411764705882354	0.3	34
0.55	0.4	40
0.6	0.5	90
0.616822429906542	0.6	107
0.7272727272727273	0.7	132
0.7851239669421488	0.8	121
0.8571428571428571	0.9	91
0.8888888888888888	1.0	45
0.0	0.0	1
0.25	0.1	4
0.25	0.2	16
0.2962962962962963	0.3	27
0.4909090909090909	0.4	55
0.5063291139240507	0.5	79
0.660377358490566	0.6	106
0.7007874015748031	0.7	127
0.8625954198473282	0.8	131
0.7976190476190477	0.9	84
0.9	1.0	50
0.0	0.1	4
0.45454545454545453	0.2	11
0.2727272727272727	0.3	33
0.37735849056603776	0.4	53
0.5833333333333334	0.5	96
0.69	0.6	100
0.6814814814814815	0.7	135
0.8360655737704918	0.8	122
0.8518518518518519	0.9	81
0.9333333333333333	1.0	45
0.6	0.1	5
0.1	0.2	10
0.21739130434782608	0.3	23
0.37037037037037035	0.4	54
0.6111111111111112	0.5	90
0.6333333333333333	0.6	120
0.6854838709677419	0.7	124
0.8770491803278688	0.8	122
0.8072289156626506	0.9	83
0.9183673469387755	1.0	49
0.5	0.1	4
0.0	0.2	12
0.3939393939393939	0.3	33
0.45	0.4	60
0.5842696629213483	0.5	89
0.6388888888888888	0.6	108
0.7049180327868853	0.7	122
0.8617886178861789	0.8	123
0.7926829268292683	0.9	82
0.9361702127659575	1.0	47
0.0	0.1	3
0.35714285714285715	0.2	14
0.2702702702702703	0.3	37
0.45	0.4	60
0.6413043478260869	0.5	92
0.6354166666666666	0.6	96
0.7559055118110236	0.7	127
0.7734375	0.8	128
0.8311688311688312	0.9	77
0.9347826086956522	1.0	46
0.25	0.1	4
0.3333333333333333	0.2	12
0.36	0.3	25
0.3877551020408163	0.4	49
0.56	0.5	100
0.6262626262626263	0.6	99
0.7412587412587412	0.7	143
0.8487394957983193	0.8	119
0.759493670886076	0.9	79
0.92	1.0	50
0.0	0.0	1
0.0	0.1	3
0.5	0.2	12
0.2413793103448276	0.3	29
0.4393939393939394	0.4	66
0.5454545454545454	0.5	88
0.7156862745098039	0.6	102
0.6637931034482759	0.7	116
0.8455882352941176	0.8	136
0.825	0.9	80
0.9148936170212766	1.0	47
0.0	0.0	1
0.3333333333333333	0.1	3
0.26666666666666666	0.2	15
0.3157894736842105	0.3	38
0.5294117647058824	0.4	51
0.6206896551724138	0.5	87
0.6442307692307693	0.6	104
0.6434108527131783	0.7	129
0.8536585365853658	0.8	123
0.8255813953488372	0.9	86
0.9302325581395349	1.0	43
0.0	0.0	1
0.4	0.1	5
0.26666666666666666	0.2	15
0.21739130434782608	0.3	23
0.5151515151515151	0.4	66
0.6	0.5	80
0.6074766355140186	0.6	107
0.7142857142857143	0.7	126
0.8275862068965517	0.8	116
0.8172043010752689	0.9	93
0.9166666666666666	1.0	48
0.0	0.0	1
0.2	0.1	5
0.35714285714285715	0.2	14
0.22580645161290322	0.3	31
0.4406779661016949	0.4	59
0.5747126436781609	0.5	87
0.6875	0.6	96
0.728	0.7	125
0.8062015503875969	0.8	129
0.8387096774193549	0.9	93
0.9	1.0	40
0.4	0.1	5
0.3	0.2	10
0.2222222222222222	0.3	36
0.4807692307692308	0.4	52
0.5730337078651685	0.5	89
0.6495726495726496	0.6	117
0.7433628318584071	0.7	113
0.8181818181818182	0.8	132
0.8125	0.9	80
0.9130434782608695	1.0	46
0.0	0.0	1
0.25	0.1	4
0.4	0.2	15
0.1111111111111111	0.3	27
0.49230769230769234	0.4	65
0.6666666666666666	0.5	75
0.6415094339622641	0.6	106
0.7142857142857143	0.7	133
0.8	0.8	125
0.8076923076923077	0.9	78
0.9019607843137255	1.0	51
0.25	0.1	4
0.2222222222222222	0.2	9
0.3103448275862069	0.3	29
0.48333333333333334	0.4	60
0.5340909090909091	0.5	88
0.656	0.6	125
0.7203389830508474	0.7	118
0.8449612403100775	0.8	129
0.8055555555555556	0.9	72
0.9130434782608695	1.0	46
0.25	0.1	4
0.2727272727272727	0.2	11
0.3333333333333333	0.3	30
0.4827586206896552	0.4	58
0.5172413793103449	0.5	87
0.6435643564356436	0.6	101
0.7304347826086957	0.7	115
0.8029197080291971	0.8	137
0.8586956521739131	0.9	92
0.8666666666666667	1.0	45
0.25	0.1	4
0.1	0.2	10
0.2857142857142857	0.3	28
0.5344827586206896	0.4	58
0.5	0.5	82
0.6666666666666666	0.6	111
0.6814814814814815	0.7	135
0.84251968503937	0.8	127
0.8289473684210527	0.9	76
0.9387755102040817	1.0	49
0.0	0.0	1
0.3333333333333333	0.1	3
0.29411764705882354	0.2	17
0.34285714285714286	0.3	35
0.4444444444444444	0.4	45
0.5757575757575758	0.5	99
0.6363636363636364	0.6	110
0.7610619469026548	0.7	113
0.8	0.8	130
0.8026315789473685	0.9	76
0.9411764705882353	1.0	51
0.0	0.0	1
0.0	0.1	2
0.23076923076923078	0.2	13
0.3125	0.3	32
0.47058823529411764	0.4	51
0.5252525252525253	0.5	99
0.7029702970297029	0.6	101
0.7202797202797203	0.7	143
0.8306451612903226	0.8	124
0.8428571428571429	0.9	70
0.8863636363636364	1.0	44
0.0	0.0	1
0.25	0.1	4
0.35294117647058826	0.2	17
0.11538461538461539	0.3	26
0.46	0.4	50
0.625	0.5	88
0.6363636363636364	0.6	110
0.7121212121212122	0.7	132
0.8135593220338984	0.8	118
0.8444444444444444	0.9	90
0.9090909090909091	1.0	44
0.0	0.0	2
0.3333333333333333	0.1	3
0.2	0.2	20
0.3548387096774194	0.3	31
0.5079365079365079	0.4	63
0.5806451612903226	0.5	93
0.6938775510204082	0.6	98
0.7241379310344828	0.7	116
0.8188976377952756	0.8	127
0.8048780487804879	0.9	82
0.8888888888888888	1.0	45
0.0	0.0	1
0.0	0.1	3
0.2857142857142857	0.2	14
0.25	0.3	36
0.5	0.4	46
0.5922330097087378	0.5	103
0.6344086021505376	0.6	93
0.7421875	0.7	128
0.8015267175572519	0.8	131
0.8354430379746836	0.9	79
0.9130434782608695	1.0	46
0.0	0.0	1
0.3333333333333333	0.1	3
0.35714285714285715	0.2	14
0.25	0.3	32
0.58	0.4	50
0.5353535353535354	0.5	99
0.6595744680851063	0.6	94
0.6986301369863014	0.7	146
0.8348623853211009	0.8	109
0.8409090909090909	0.9	88
0.8863636363636364	1.0	44
0.3333333333333333	0.1	3
0.2222222222222222	0.2	9
0.3684210526315789	0.3	38
0.4603174603174603	0.4	63
0.6043956043956044	0.5	91
0.6554621848739496	0.6	119
0.6949152542372882	0.7	118
0.8409090909090909	0.8	132
0.8285714285714286	0.9	70
0.918918918918919	1.0	37
0.2	0.1	5
0.23529411764705882	0.2	17
0.2222222222222222	0.3	27
0.43859649122807015	0.4	57
0.5825242718446602	0.5	103
0.7040816326530612	0.6	98
0.6791044776119403	0.7	134
0.8709677419354839	0.8	124
0.8732394366197183	0.9	71
0.8636363636363636	1.0	44
0.2	0.1	5
0.2727272727272727	0.2	11
0.2727272727272727	0.3	33
0.48	0.4	50
0.5813953488372093	0.5	86
0.6633663366336634	0.6	101
0.7114093959731543	0.7	149
0.8110236220472441	0.8	127
0.8529411764705882	0.9	68
0.86	1.0	50
0.0	0.0	1
0.3333333333333333	0.1	3
0.15384615384615385	0.2	13
0.2413793103448276	0.3	29
0.49019607843137253	0.4	51
0.5494505494505495	0.5	91
0.6756756756756757	0.6	111
0.703125	0.7	128
0.8099173553719008	0.8	121
0.8636363636363636	0.9	88
0.9090909090909091	1.0	44
0.0	0.1	2
0.3	0.2	10
0.18518518518518517	0.3	27
0.3870967741935484	0.4	62
0.6547619047619048	0.5	84
0.6271186440677966	0.6	118
0.7222222222222222	0.7	126
0.8333333333333334	0.8	120
0.8409090909090909	0.9	88
0.8837209302325582	1.0	43
0.25	0.1	4
0.18181818181818182	0.2	11
0.19230769230769232	0.3	26
0.5111111111111111	0.4	45
0.5764705882352941	0.5	85
0.5849056603773585	0.6	106
0.7361111111111112	0.7	144
0.8320610687022901	0.8	131
0.7721518987341772	0.9	79
0.9387755102040817	1.0	49
0.0	0.0	2
0.3333333333333333	0.1	3
0.35714285714285715	0.2	14
0.23333333333333334	0.3	30
0.4107142857142857	0.4	56
0.6091954022988506	0.5	87
0.6732673267326733	0.6	101
0.7107438016528925	0.7	121
0.7916666666666666	0.8	120
0.8333333333333334	0.9	96
0.92	1.0	50
0.14285714285714285	0.1	7
0.2857142857142857	0.2	14
0.3142857142857143	0.3	35
0.5084745762711864	0.4	59
0.6091954022988506	0.5	87
0.5945945945945946	0.6	111
0.7542372881355932	0.7	118
0.8174603174603174	0.8	126
0.8375	0.9	80
0.9302325581395349	1.0	43
0.0	0.0	1
0.3333333333333333	0.1	3
0.2631578947368421	0.2	19
0.2727272727272727	0.3	33
0.49056603773584906	0.4	53
0.6222222222222222	0.5	90
0.6260869565217392	0.6	115
0.7557251908396947	0.7	131
0.8070175438596491	0.8	114
0.8170731707317073	0.9	82
0.9487179487179487	1.0	39
0.0	0.1	2
0.3076923076923077	0.2	13
0.25806451612903225	0.3	31
0.46296296296296297	0.4	54
0.5454545454545454	0.5	88
0.6698113207547169	0.6	106
0.6830985915492958	0.7	142
0.8620689655172413	0.8	116
0.8426966292134831	0.9	89
0.9230769230769231	1.0	39
0.3333333333333333	0.1	3
0.25	0.2	12
0.2571428571428571	0.3	35
0.4	0.4	50
0.6195652173913043	0.5	92
0.6666666666666666	0.6	108
0.6666666666666666	0.7	126
0.8389830508474576	0.8	118
0.8681318681318682	0.9	91
0.8888888888888888	1.0	45
0.5	0.1	4
0.23076923076923078	0.2	13
0.29411764705882354	0.3	34
0.42857142857142855	0.4	63
0.631578947368421	0.5	95
0.6634615384615384	0.6	104
0.7	0.7	130
0.8166666666666667	0.8	120
0.8571428571428571	0.9	77
0.95	1.0	40
0.0	0.0	1
0.0	0.1	3
0.38461538461538464	0.2	13
0.3333333333333333	0.3	30
0.42	0.4	50
0.5773195876288659	0.5	97
0.6666666666666666	0.6	105
0.6865671641791045	0.7	134
0.8676470588235294	0.8	136
0.7681159420289855	0.9	69
0.9285714285714286	1.0	42
0.2	0.1	5
0.2857142857142857	0.2	14
0.2222222222222222	0.3	27
0.4925373134328358	0.4	67
0.5595238095238095	0.5	84
0.6442307692307693	0.6	104
0.696	0.7	125
0.8536585365853658	0.8	123
0.8314606741573034	0.9	89
0.9523809523809523	1.0	42
0.25	0.1	4
0.2	0.2	10
0.28125	0.3	32
0.43137254901960786	0.4	51
0.625	0.5	80
0.6153846153846154	0.6	104
0.7037037037037037	0.7	135
0.835820895522388	0.8	134
0.8021978021978022	0.9	91
0.9230769230769231	1.0	39
0.25	0.1	4
0.3076923076923077	0.2	13
0.26666666666666666	0.3	30
0.5079365079365079	0.4	63
0.5816326530612245	0.5	98
0.66	0.6	100
0.6694214876033058	0.7	121
0.8560606060606061	0.8	132
0.8205128205128205	0.9	78
0.926829268292683	1.0	41
0.0	0.0	1
0.375	0.1	8
0.16666666666666666	0.2	12
0.2727272727272727	0.3	33
0.5087719298245614	0.4	57
0.6436781609195402	0.5	87
0.6145833333333334	0.6	96
0.6904761904761905	0.7	126
0.8166666666666667	0.8	120
0.8369565217391305	0.9	92
0.9166666666666666	1.0	48
0.0	0.0	1
0.3333333333333333	0.1	3
0.2222222222222222	0.2	18
0.3793103448275862	0.3	29
0.48484848484848486	0.4	66
0.574468085106383	0.5	94
0.6559139784946236	0.6	93
0.7049180327868853	0.7	122
0.8348623853211009	0.8	109
0.8333333333333334	0.9	90
0.8909090909090909	1.0	55
0.25	0.1	4
0.3333333333333333	0.2	15
0.2903225806451613	0.3	31
0.47692307692307695	0.4	65
0.6236559139784946	0.5	93
0.5943396226415094	0.6	106
0.7580645161290323	0.7	124
0.824	0.8	125
0.8378378378378378	0.9	74
0.8837209302325582	1.0	43
0.0	0.0	1
0.4	0.1	5
0.2777777777777778	0.2	18
0.2692307692307692	0.3	26
0.4642857142857143	0.4	56
0.5473684210526316	0.5	95
0.6881720430107527	0.6	93
0.6992481203007519	0.7	133
0.8319327731092437	0.8	119
0.8505747126436781	0.9	87
0.8936170212765957	1.0	47
0.42857142857142855	0.1	7
0.0	0.2	6
0.17857142857142858	0.3	28
0.5538461538461539	0.4	65
0.5247524752475248	0.5	101
0.6285714285714286	0.6	105
0.7421875	0.7	128
0.8666666666666667	0.8	120
0.8481012658227848	0.9	79
0.8536585365853658	1.0	41
0.16666666666666666	0.1	6
0.0	0.2	14
0.40625	0.3	32
0.43636363636363634	0.4	55
0.5773195876288659	0.5	97
0.7040816326530612	0.6	98
0.6766917293233082	0.7	133
0.859375	0.8	128
0.8133333333333334	0.9	75
0.9523809523809523	1.0	42
0.4	0.1	5
0.16666666666666666	0.2	12
0.2413793103448276	0.3	29
0.49122807017543857	0.4	57
0.5638297872340425	0.5	94
0.6428571428571429	0.6	112
0.753968253968254	0.7	126
0.8211382113821138	0.8	123
0.8378378378378378	0.9	74
0.875	1.0	48
0.0	0.0	1
0.16666666666666666	0.1	6
0.3076923076923077	0.2	13
0.3125	0.3	32
0.43333333333333335	0.4	60
0.638095238095238	0.5	105
0.6534653465346535	0.6	101
0.688	0.7	125
0.8727272727272727	0.8	110
0.8072289156626506	0.9	83
0.9318181818181818	1.0	44
0.0	0.1	2
0.38461538461538464	0.2	13
0.27586206896551724	0.3	29
0.45	0.4	60
0.6172839506172839	0.5	81
0.6371681415929203	0.6	113
0.6818181818181818	0.7	132
0.8347107438016529	0.8	121
0.8426966292134831	0.9	89
0.9	1.0	40
0.2	0.1	5
0.2777777777777778	0.2	18
0.17647058823529413	0.3	34
0.5740740740740741	0.4	54
0.6304347826086957	0.5	92
0.6534653465346535	0.6	101
0.6953125	0.7	128
0.8064516129032258	0.8	124
0.8690476190476191	0.9	84
0.875	1.0	40
0.0	0.1	2
0.25	0.2	16
0.3142857142857143	0.3	35
0.4782608695652174	0.4	46
0.5882352941176471	0.5	102
0.6666666666666666	0.6	102
0.7266187050359713	0.7	139
0.7739130434782608	0.8	115
0.8522727272727273	0.9	88
0.9714285714285714	1.0	35
0.0	0.0	1
0.0	0.1	5
0.2777777777777778	0.2	18
0.2962962962962963	0.3	27
0.45454545454545453	0.4	55
0.6049382716049383	0.5	81
0.6634615384615384	0.6	104
0.674074074074074	0.7	135
0.8225806451612904	0.8	124
0.8674698795180723	0.9	83
0.9148936170212766	1.0	47
0.0	0.0	1
0.3333333333333333	0.1	3
0.13333333333333333	0.2	15
0.4	0.3	30
0.4262295081967213	0.4	61
0.6022727272727273	0.5	88
0.6261682242990654	0.6	107
0.7443609022556391	0.7	133
0.8141592920353983	0.8	113
0.8205128205128205	0.9	78
0.9411764705882353	1.0	51
0.3333333333333333	0.1	3
0.15384615384615385	0.2	13
0.21875	0.3	32
0.625	0.4	48
0.5128205128205128	0.5	78
0.6491228070175439	0.6	114
0.703125	0.7	128
0.8181818181818182	0.8	132
0.8372093023255814	0.9	86
0.8695652173913043	1.0	46
0.3333333333333333	0.1	3
0.25	0.2	16
0.21875	0.3	32
0.5303030303030303	0.4	66
0.5824175824175825	0.5	91
0.6701030927835051	0.6	97
0.7028985507246377	0.7	138
0.8362068965517241	0.8	116
0.8356164383561644	0.9	73
0.9166666666666666	1.0	48
0.0	0.0	1
0.2857142857142857	0.1	7
0.16666666666666666	0.2	12
0.3333333333333333	0.3	30
0.5	0.4	72
0.6	0.5	80
0.6106194690265486	0.6	113
0.7540983606557377	0.7	122
0.824	0.8	125
0.8205128205128205	0.9	78
0.95	1.0	40
0.16666666666666666	0.1	6
0.08333333333333333	0.2	12
0.30303030303030304	0.3	33
0.5	0.4	48
0.5869565217391305	0.5	92
0.6534653465346535	0.6	101
0.706766917293233	0.7	133
0.8273381294964028	0.8	139
0.8055555555555556	0.9	72
0.9318181818181818	1.0	44
0.0	0.0	1
0.0	0.1	2
0.3125	0.2	16
0.3	0.3	20
0.37777777777777777	0.4	45
0.611764705882353	0.5	85
0.6160714285714286	0.6	112
0.7073170731707317	0.7	123
0.7952755905511811	0.8	127
0.8173076923076923	0.9	104
0.9333333333333333	1.0	45
0.0	0.0	1
0.25	0.1	4
0.2222222222222222	0.2	18
0.32142857142857145	0.3	28
0.4583333333333333	0.4	48
0.6019417475728155	0.5	103
0.6372549019607843	0.6	102
0.7043478260869566	0.7	115
0.8062015503875969	0.8	129
0.8651685393258427	0.9	89
0.9069767441860465	1.0	43
0.0	0.0	2
0.5	0.1	4
0.1875	0.2	16
0.2903225806451613	0.3	31
0.5	0.4	50
0.6	0.5	90
0.66	0.6	100
0.7016129032258065	0.7	124
0.7711864406779662	0.8	118
0.8555555555555555	0.9	90
0.9090909090909091	1.0	55
0.0	0.0	1
0.0	0.1	4
0.2222222222222222	0.2	9
0.26666666666666666	0.3	30
0.46	0.4	50
0.6444444444444445	0.5	90
0.5794392523364486	0.6	107
0.7338129496402878	0.7	139
0.8062015503875969	0.8	129
0.8354430379746836	0.9	79
0.9285714285714286	1.0	42
0.0	0.1	3
0.3125	0.2	16
0.21621621621621623	0.3	37
0.4807692307692308	0.4	52
0.6022727272727273	0.5	88
0.6288659793814433	0.6	97
0.7218045112781954	0.7	133
0.8392857142857143	0.8	112
0.8247422680412371	0.9	97
0.9333333333333333	1.0	45
0.0	0.1	2
0.23076923076923078	0.2	13
0.42857142857142855	0.3	35
0.4074074074074074	0.4	54
0.6063829787234043	0.5	94
0.6095238095238096	0.6	105
0.704	0.7	125
0.8548387096774194	0.8	124
0.8076923076923077	0.9	78
0.92	1.0	50
0.0	0.1	4
0.3333333333333333	0.2	15
0.2	0.3	30
0.4666666666666667	0.4	45
0.5816326530612245	0.5	98
0.6868686868686869	0.6	99
0.7172413793103448	0.7	145
0.8362068965517241	0.8	116
0.76	0.9	75
0.9245283018867925	1.0	53
0.0	0.0	2
0.4	0.1	5
0.15384615384615385	0.2	13
0.3488372093023256	0.3	43
0.5531914893617021	0.4	47
0.5698924731182796	0.5	93
0.6444444444444445	0.6	90
0.7285714285714285	0.7	140
0.8305084745762712	0.8	118
0.8095238095238095	0.9	84
0.8888888888888888	1.0	45
0.0	0.0	1
0.2	0.1	5
0.18181818181818182	0.2	11
0.25	0.3	32
0.43859649122807015	0.4	57
0.6063829787234043	0.5	94
0.6186440677966102	0.6	118
0.768	0.7	125
0.8717948717948718	0.8	117
0.7875	0.9	80
0.925	1.0	40
0.0	0.1	4
0.35714285714285715	0.2	14
0.25	0.3	28
0.47368421052631576	0.4	57
0.6086956521739131	0.5	92
0.652542372881356	0.6	118
0.6829268292682927	0.7	123
0.8362068965517241	0.8	116
0.8275862068965517	0.9	87
0.9512195121951219	1.0	41
0.0	0.0	1
0.6666666666666666	0.1	3
0.2	0.2	15
0.2962962962962963	0.3	27
0.4074074074074074	0.4	54
0.5888888888888889	0.5	90
0.6576576576576577	0.6	111
0.7272727272727273	0.7	121
0.7777777777777778	0.8	117
0.872093023255814	0.9	86
0.8909090909090909	1.0	55
0.0	0.1	2
0.16666666666666666	0.2	12
0.39473684210526316	0.3	38
0.4507042253521127	0.4	71
0.5670103092783505	0.5	97
0.7542372881355932	0.6	118
0.6666666666666666	0.7	120
0.8532110091743119	0.8	109
0.8243243243243243	0.9	74
0.9487179487179487	1.0	39
0.4	0.1	5
0.07692307692307693	0.2	13
0.4230769230769231	0.3	26
0.4666666666666667	0.4	45
0.5730337078651685	0.5	89
0.6018518518518519	0.6	108
0.708029197080292	0.7	137
0.8373983739837398	0.8	123
0.8089887640449438	0.9	89
0.9111111111111111	1.0	45
0.16666666666666666	0.1	6
0.3333333333333333	0.2	12
0.2647058823529412	0.3	34
0.45652173913043476	0.4	46
0.6024096385542169	0.5	83
0.6173913043478261	0.6	115
0.7163120567375887	0.7	141
0.8448275862068966	0.8	116
0.825	0.9	80
0.9148936170212766	1.0	47
0.0	0.0	1
0.25	0.1	4
0.22727272727272727	0.2	22
0.41379310344827586	0.3	29
0.5098039215686274	0.4	51
0.5319148936170213	0.5	94
0.6764705882352942	0.6	102
0.7142857142857143	0.7	119
0.8181818181818182	0.8	132
0.8170731707317073	0.9	82
0.9318181818181818	1.0	44
0.0	0.1	2
0.42857142857142855	0.2	14
0.23333333333333334	0.3	30
0.46875	0.4	64
0.5760869565217391	0.5	92
0.6354166666666666	0.6	96
0.7209302325581395	0.7	129
0.8412698412698413	0.8	126
0.8292682926829268	0.9	82
0.8888888888888888	1.0	45
0.2	0.1	5
0.23076923076923078	0.2	13
0.3939393939393939	0.3	33
0.453125	0.4	64
0.5842696629213483	0.5	89
0.6761904761904762	0.6	105
0.7063492063492064	0.7	126
0.85	0.8	120
0.7875	0.9	80
0.9111111111111111	1.0	45
0.0	0.1	3
0.26666666666666666	0.2	15
0.28	0.3	25
0.48148148148148145	0.4	54
0.5444444444444444	0.5	90
0.6759259259259259	0.6	108
0.7142857142857143	0.7	140
0.811965811965812	0.8	117
0.8275862068965517	0.9	87
0.926829268292683	1.0	41
0.3333333333333333	0.1	3
0.23076923076923078	0.2	13
0.3142857142857143	0.3	35
0.3181818181818182	0.4	44
0.6333333333333333	0.5	90
0.6608695652173913	0.6	115
0.7131782945736435	0.7	129
0.828125	0.8	128
0.8072289156626506	0.9	83
0.925	1.0	40
0.0	0.1	4
0.3333333333333333	0.2	18
0.23333333333333334	0.3	30
0.5471698113207547	0.4	53
0.5106382978723404	0.5	94
0.7029702970297029	0.6	101
0.7016129032258065	0.7	124
0.8205128205128205	0.8	117
0.8488372093023255	0.9	86
0.8867924528301887	1.0	53
0.3333333333333333	0.1	3
0.18181818181818182	0.2	11
0.39473684210526316	0.3	38
0.44642857142857145	0.4	56
0.5795454545454546	0.5	88
0.6470588235294118	0.6	85
0.703125	0.7	128
0.7954545454545454	0.8	132
0.8470588235294118	0.9	85
0.8888888888888888	1.0	54
0.0	0.0	1
0.2	0.1	5
0.26666666666666666	0.2	15
0.3333333333333333	0.3	24
0.48333333333333334	0.4	60
0.5172413793103449	0.5	87
0.6696428571428571	0.6	112
0.7364341085271318	0.7	129
0.8095238095238095	0.8	126
0.8157894736842105	0.9	76
0.9555555555555556	1.0	45
0.0	0.0	2
0.3333333333333333	0.1	6
0.18181818181818182	0.2	11
0.20689655172413793	0.3	29
0.5454545454545454	0.4	55
0.5434782608695652	0.5	92
0.6060606060606061	0.6	99
0.7575757575757576	0.7	132
0.824	0.8	125
0.8433734939759037	0.9	83
0.8913043478260869	1.0	46
0.0	0.0	1
0.2222222222222222	0.1	9
0.15384615384615385	0.2	13
0.30303030303030304	0.3	33
0.4888888888888889	0.4	45
0.6206896551724138	0.5	87
0.6388888888888888	0.6	108
0.7318840579710145	0.7	138
0.788135593220339	0.8	118
0.8390804597701149	0.9	87
0.926829268292683	1.0	41
0.0	0.0	1
0.5	0.1	2
0.2857142857142857	0.2	14
0.3793103448275862	0.3	29
0.3888888888888889	0.4	54
0.6206896551724138	0.5	87
0.6260162601626016	0.6	123
0.680672268907563	0.7	119
0.8492063492063492	0.8	126
0.85	0.9	80
0.8888888888888888	1.0	45
0.0	0.1	2
0.125	0.2	16
0.5357142857142857	0.3	28
0.3333333333333333	0.4	45
0.5764705882352941	0.5	85
0.6320754716981132	0.6	106
0.6504065040650406	0.7	123
0.8615384615384616	0.8	130
0.8229166666666666	0.9	96
0.9183673469387755	1.0	49
0.0	0.1	1
0.3076923076923077	0.2	13
0.2	0.3	25
0.45614035087719296	0.4	57
0.5858585858585859	0.5	99
0.6	0.6	95
0.7348484848484849	0.7	132
0.8203125	0.8	128
0.8372093023255814	0.9	86
0.9090909090909091	1.0	44
0.0	0.0	1
0.3333333333333333	0.1	3
0.21052631578947367	0.2	19
0.32142857142857145	0.3	28
0.5454545454545454	0.4	66
0.5268817204301075	0.5	93
0.6635514018691588	0.6	107
0.732824427480916	0.7	131
0.8495575221238938	0.8	113
0.8	0.9	80
0.9743589743589743	1.0	39
0.0	0.0	1
0.3333333333333333	0.1	3
0.1	0.2	10
0.2692307692307692	0.3	26
0.4230769230769231	0.4	52
0.6354166666666666	0.5	96
0.6218487394957983	0.6	119
0.7131782945736435	0.7	129
0.8166666666666667	0.8	120
0.8461538461538461	0.9	78
0.9130434782608695	1.0	46
0.0	0.0	1
0.4	0.1	5
0.3076923076923077	0.2	13
0.36363636363636365	0.3	33
0.4166666666666667	0.4	48
0.6132075471698113	0.5	106
0.638095238095238	0.6	105
0.7285714285714285	0.7	140
0.8073394495412844	0.8	109
0.8395061728395061	0.9	81
0.9230769230769231	1.0	39
0.25	0.1	4
0.26666666666666666	0.2	15
0.25	0.3	28
0.4827586206896552	0.4	58
0.5147058823529411	0.5	68
0.6636363636363637	0.6	110
0.7054263565891473	0.7	129
0.7984496124031008	0.8	129
0.8571428571428571	0.9	91
0.9166666666666666	1.0	48
0.3333333333333333	0.1	3
0.1111111111111111	0.2	9
0.2727272727272727	0.3	33
0.391304347826087	0.4	46
0.6339285714285714	0.5	112
0.6407766990291263	0.6	103
0.7083333333333334	0.7	120
0.7982456140350878	0.8	114
0.8470588235294118	0.9	85
0.9090909090909091	1.0	55
0.25	0.1	4
0.3	0.2	10
0.36363636363636365	0.3	33
0.5	0.4	56
0.5470085470085471	0.5	117
0.65	0.6	100
0.734375	0.7	128
0.8378378378378378	0.8	111
0.8289473684210527	0.9	76
0.9111111111111111	1.0	45
0.4	0.1	5
0.0	0.2	9
0.3235294117647059	0.3	34
0.42	0.4	50
0.573170731707317	0.5	82
0.6153846153846154	0.6	117
0.7769230769230769	0.7	130
0.816793893129771	0.8	131
0.8125	0.9	80
0.9047619047619048	1.0	42
0.0	0.0	1
0.3333333333333333	0.1	3
0.26666666666666666	0.2	15
0.3333333333333333	0.3	27
0.37254901960784315	0.4	51
0.5789473684210527	0.5	95
0.6548672566371682	0.6	113
0.7310924369747899	0.7	119
0.8396946564885496	0.8	131
0.7894736842105263	0.9	76
0.9183673469387755	1.0	49
0.0	0.0	1
0.5	0.1	4
0.21428571428571427	0.2	14
0.2571428571428571	0.3	35
0.5106382978723404	0.4	47
0.5795454545454546	0.5	88
0.6428571428571429	0.6	112
0.7073170731707317	0.7	123
0.8512396694214877	0.8	121
0.782608695652174	0.9	92
0.9534883720930233	1.0	43
0.0	0.0	2
0.3333333333333333	0.1	3
0.25	0.2	20
0.2857142857142857	0.3	35
0.5	0.4	62
0.6144578313253012	0.5	83
0.6382978723404256	0.6	94
0.7631578947368421	0.7	114
0.7862595419847328	0.8	131
0.8409090909090909	0.9	88
0.875	1.0	48
0.0	0.0	1
0.0	0.1	1
0.4	0.2	15
0.325	0.3	40
0.42592592592592593	0.4	54
0.5670103092783505	0.5	97
0.6851851851851852	0.6	108
0.7307692307692307	0.7	104
0.8130081300813008	0.8	123
0.8192771084337349	0.9	83
0.9074074074074074	1.0	54
0.0	0.0	1
0.3333333333333333	0.1	3
0.1875	0.2	16
0.27586206896551724	0.3	29
0.3888888888888889	0.4	54
0.6021505376344086	0.5	93
0.6788990825688074	0.6	109
0.7154471544715447	0.7	123
0.84	0.8	125
0.8271604938271605	0.9	81
0.8913043478260869	1.0	46
0.2	0.1	10
0.18181818181818182	0.2	11
0.3333333333333333	0.3	45
0.532258064516129	0.4	62
0.5760869565217391	0.5	92
0.7029702970297029	0.6	101
0.7073170731707317	0.7	123
0.8264462809917356	0.8	121
0.8309859154929577	0.9	71
0.9545454545454546	1.0	44
0.16666666666666666	0.1	6
0.2857142857142857	0.2	14
0.2972972972972973	0.3	37
0.45454545454545453	0.4	55
0.6458333333333334	0.5	96
0.6206896551724138	0.6	87
0.6742424242424242	0.7	132
0.8285714285714286	0.8	105
0.8602150537634409	0.9	93
0.9272727272727272	1.0	55
0.0	0.0	1
0.0	0.1	3
0.3125	0.2	16
0.34615384615384615	0.3	26
0.4098360655737705	0.4	61
0.6	0.5	90
0.6363636363636364	0.6	99
0.6917293233082706	0.7	133
0.8648648648648649	0.8	111
0.8260869565217391	0.9	92
0.9166666666666666	1.0	48
0.5	0.1	2
0.3333333333333333	0.2	15
0.2647058823529412	0.3	34
0.5081967213114754	0.4	61
0.6057692307692307	0.5	104
0.6470588235294118	0.6	102
0.6935483870967742	0.7	124
0.8333333333333334	0.8	108
0.8505747126436781	0.9	87
0.9069767441860465	1.0	43
0.0	0.0	1
0.4	0.1	5
0.11764705882352941	0.2	17
0.2692307692307692	0.3	26
0.5227272727272727	0.4	44
0.5357142857142857	0.5	84
0.7368421052631579	0.6	114
0.6564885496183206	0.7	131
0.803030303030303	0.8	132
0.8607594936708861	0.9	79
0.8723404255319149	1.0	47
0.0	0.0	1
0.0	0.1	4
0.3333333333333333	0.2	18
0.32142857142857145	0.3	28
0.43548387096774194	0.4	62
0.5714285714285714	0.5	84
0.7037037037037037	0.6	108
0.696	0.7	125
0.8347826086956521	0.8	115
0.8095238095238095	0.9	84
0.9215686274509803	1.0	51
0.0	0.1	3
0.42857142857142855	0.2	14
0.3125	0.3	32
0.44	0.4	50
0.5865384615384616	0.5	104
0.6634615384615384	0.6	104
0.7083333333333334	0.7	120
0.8174603174603174	0.8	126
0.8181818181818182	0.9	77
0.9	1.0	50
0.3333333333333333	0.1	3
0.3	0.2	10
0.16666666666666666	0.3	30
0.40476190476190477	0.4	42
0.580952380952381	0.5	105
0.7010309278350515	0.6	97
0.6544117647058824	0.7	136
0.8527131782945736	0.8	129
0.8571428571428571	0.9	84
0.8636363636363636	1.0	44
0.0	0.1	1
0.2222222222222222	0.2	9
0.23809523809523808	0.3	21
0.46511627906976744	0.4	43
0.5517241379310345	0.5	87
0.5833333333333334	0.6	108
0.7299270072992701	0.7	137
0.823076923076923	0.8	130
0.7717391304347826	0.9	92
0.9230769230769231	1.0	52
0.6	0.1	5
0.0	0.2	12
0.2	0.3	20
0.39622641509433965	0.4	53
0.6483516483516484	0.5	91
0.6238532110091743	0.6	109
0.680327868852459	0.7	122
0.8260869565217391	0.8	115
0.8333333333333334	0.9	96
0.8947368421052632	1.0	57
0.0	0.0	1
0.25	0.1	4
0.26666666666666666	0.2	15
0.2571428571428571	0.3	35
0.5660377358490566	0.4	53
0.5625	0.5	96
0.638095238095238	0.6	105
0.7008547008547008	0.7	117
0.8188976377952756	0.8	127
0.8705882352941177	0.9	85
0.9285714285714286	1.0	42
0.0	0.1	2
0.26666666666666666	0.2	15
0.2903225806451613	0.3	31
0.46551724137931033	0.4	58
0.5806451612903226	0.5	93
0.6846846846846847	0.6	111
0.6793893129770993	0.7	131
0.8412698412698413	0.8	126
0.8591549295774648	0.9	71
0.9047619047619048	1.0	42
0.0	0.0	1
0.25	0.1	4
0.2222222222222222	0.2	18
0.2727272727272727	0.3	33
0.4807692307692308	0.4	52
0.5578947368421052	0.5	95
0.67	0.6	100
0.7692307692307693	0.7	117
0.8195488721804511	0.8	133
0.7976190476190477	0.9	84
0.9069767441860465	1.0	43
0.0	0.1	4
0.2727272727272727	0.2	11
0.25925925925925924	0.3	27
0.4716981132075472	0.4	53
0.6041666666666666	0.5	96
0.6476190476190476	0.6	105
0.6571428571428571	0.7	140
0.8487394957983193	0.8	119
0.8705882352941177	0.9	85
0.9	1.0	40
0.25	0.1	8
0.3333333333333333	0.2	15
0.22580645161290322	0.3	31
0.4716981132075472	0.4	53
0.625	0.5	96
0.6538461538461539	0.6	104
0.7014925373134329	0.7	134
0.8135593220338984	0.8	118
0.8452380952380952	0.9	84
0.972972972972973	1.0	37
0.0	0.0	1
0.0	0.1	2
0.15384615384615385	0.2	13
0.3076923076923077	0.3	26
0.42592592592592593	0.4	54
0.6067415730337079	0.5	89
0.6607142857142857	0.6	112
0.635593220338983	0.7	118
0.8604651162790697	0.8	129
0.8387096774193549	0.9	93
0.9069767441860465	1.0	43
0.0	0.1	2
0.38461538461538464	0.2	13
0.3142857142857143	0.3	35
0.3076923076923077	0.4	52
0.6666666666666666	0.5	87
0.6216216216216216	0.6	111
0.732824427480916	0.7	131
0.811965811965812	0.8	117
0.8452380952380952	0.9	84
0.8958333333333334	1.0	48
0.0	0.0	1
0.3333333333333333	0.1	3
0.3125	0.2	16
0.3235294117647059	0.3	34
0.4	0.4	55
0.6265060240963856	0.5	83
0.6391752577319587	0.6	97
0.7285714285714285	0.7	140
0.7923076923076923	0.8	130
0.8493150684931506	0.9	73
0.9166666666666666	1.0	48
0.0	0.0	1
0.3333333333333333	0.1	3
0.23529411764705882	0.2	17
0.2702702702702703	0.3	37
0.5769230769230769	0.4	52
0.5494505494505495	0.5	91
0.64	0.6	100
0.7443609022556391	0.7	133
0.8135593220338984	0.8	118
0.8255813953488372	0.9	86
0.9285714285714286	1.0	42
0.0	0.0	1
0.0	0.1	4
0.42857142857142855	0.2	14
0.13793103448275862	0.3	29
0.5454545454545454	0.4	55
0.5747126436781609	0.5	87
0.6730769230769231	0.6	104
0.6339285714285714	0.7	112
0.8235294117647058	0.8	136
0.8539325842696629	0.9	89
0.9183673469387755	1.0	49
0.25	0.1	4
0.1111111111111111	0.2	9
0.3235294117647059	0.3	34
0.5098039215686274	0.4	51
0.5617977528089888	0.5	89
0.625	0.6	104
0.7251908396946565	0.7	131
0.824	0.8	125
0.8117647058823529	0.9	85
0.8958333333333334	1.0	48
0.3333333333333333	0.1	3
0.07692307692307693	0.2	13
0.3225806451612903	0.3	31
0.5	0.4	62
0.6041666666666666	0.5	96
0.64	0.6	100
0.6976744186046512	0.7	129
0.824	0.8	125
0.85	0.9	80
0.926829268292683	1.0	41
0.0	0.0	2
0.5	0.1	4
0.375	0.2	16
0.35135135135135137	0.3	37
0.46551724137931033	0.4	58
0.5247524752475248	0.5	101
0.7247706422018348	0.6	109
0.7017543859649122	0.7	114
0.8571428571428571	0.8	119
0.825	0.9	80
0.9	1.0	40
0.25	0.1	4
0.25	0.2	12
0.2777777777777778	0.3	36
0.47619047619047616	0.4	63
0.5918367346938775	0.5	98
0.6732673267326733	0.6	101
0.7063492063492064	0.7	126
0.7933884297520661	0.8	121
0.8701298701298701	0.9	77
1.0	1.0	42
0.0	0.0	1
0.6	0.1	5
0.125	0.2	16
0.3142857142857143	0.3	35
0.5	0.4	66
0.5591397849462365	0.5	93
0.6767676767676768	0.6	99
0.7384615384615385	0.7	130
0.8207547169811321	0.8	106
0.85	0.9	80
0.9183673469387755	1.0	49
0.0	0.0	1
0.16666666666666666	0.1	6
0.26666666666666666	0.2	15
0.3225806451612903	0.3	31
0.45161290322580644	0.4	62
0.5957446808510638	0.5	94
0.672566371681416	0.6	113
0.7142857142857143	0.7	119
0.8319327731092437	0.8	119
0.8571428571428571	0.9	84
0.9166666666666666	1.0	36
0.5	0.0	2
0.0	0.1	2
0.2222222222222222	0.2	9
0.3235294117647059	0.3	34
0.4909090909090909	0.4	55
0.5316455696202531	0.5	79
0.6637168141592921	0.6	113
0.6666666666666666	0.7	126
0.825	0.8	120
0.875	0.9	96
0.8863636363636364	1.0	44
0.0	0.0	2
0.5	0.1	2
0.25	0.2	12
0.375	0.3	32
0.35384615384615387	0.4	65
0.6375	0.5	80
0.6666666666666666	0.6	108
0.7350427350427351	0.7	117
0.8	0.8	135
0.8414634146341463	0.9	82
0.8666666666666667	1.0	45
0.0	0.0	1
0.0	0.1	3
0.35714285714285715	0.2	14
0.24242424242424243	0.3	33
0.5	0.4	64
0.5955056179775281	0.5	89
0.6363636363636364	0.6	110
0.7768595041322314	0.7	121
0.792	0.8	125
0.8157894736842105	0.9	76
0.9318181818181818	1.0	44
0.0	0.0	1
0.0	0.1	4
0.23076923076923078	0.2	13
0.32142857142857145	0.3	28
0.4745762711864407	0.4	59
0.5483870967741935	0.5	93
0.6728971962616822	0.6	107
0.6854838709677419	0.7	124
0.875	0.8	120
0.7954545454545454	0.9	88
0.9534883720930233	1.0	43
0.0	0.1	4
0.2777777777777778	0.2	18
0.18518518518518517	0.3	27
0.4782608695652174	0.4	46
0.6043956043956044	0.5	91
0.6666666666666666	0.6	120
0.717391304347826	0.7	138
0.8225806451612904	0.8	124
0.8266666666666667	0.9	75
0.918918918918919	1.0	37
0.16666666666666666	0.1	6
0.25	0.2	20
0.21428571428571427	0.3	28
0.4666666666666667	0.4	45
0.62	0.5	100
0.6538461538461539	0.6	104
0.6906474820143885	0.7	139
0.8416666666666667	0.8	120
0.8641975308641975	0.9	81
0.918918918918919	1.0	37
0.0	0.0	1
0.0	0.1	2
0.23076923076923078	0.2	13
0.3125	0.3	32
0.5	0.4	62
0.569620253164557	0.5	79
0.6517857142857143	0.6	112
0.7099236641221374	0.7	131
0.8095238095238095	0.8	126
0.8266666666666667	0.9	75
0.9574468085106383	1.0	47
0.0	0.1	2
0.2	0.2	10
0.37037037037037035	0.3	27
0.4576271186440678	0.4	59
0.5918367346938775	0.5	98
0.6116504854368932	0.6	103
0.7165354330708661	0.7	127
0.8064516129032258	0.8	124
0.8409090909090909	0.9	88
0.9285714285714286	1.0	42
0.0	0.1	3
0.1875	0.2	16
0.30303030303030304	0.3	33
0.46296296296296297	0.4	54
0.5882352941176471	0.5	102
0.6568627450980392	0.6	102
0.7109375	0.7	128
0.8240740740740741	0.8	108
0.875	0.9	88
0.9130434782608695	1.0	46
