	Gene_set	Term	Overlap	P-value	Adjusted P-value	Old P-value	Old Adjusted P-value	Odds Ratio	Combined Score	Genes
0	GO_Biological_Process_2023	Platelet Aggregation (GO:0070527)	8/35	6.447501965008088e-13	4.680886426595871e-10	0	0	86.69716775599129	2433.5819948701555	FGB;FGA;FGL1;FGG;FLNA;PPIA;VCL;ACTG1
1	GO_Biological_Process_2023	Homotypic Cell-Cell Adhesion (GO:0034109)	8/46	6.914303825417503e-12	2.5098922886265542e-09	0	0	61.56656346749226	1582.1023831296836	FGB;FGA;FGL1;FGG;FLNA;PPIA;VCL;ACTG1
2	GO_Biological_Process_2023	Blood Coagulation, Fibrin Clot Formation (GO:0072378)	5/14	1.350906624474393e-09	2.4518955234210237e-07	0	0	155.82942097026603	3182.4247752984525	FGB;FGA;FGG;FLNA;FBLN1
3	GO_Biological_Process_2023	Protein Activation Cascade (GO:0072376)	5/14	1.350906624474393e-09	2.4518955234210237e-07	0	0	155.82942097026603	3182.4247752984525	FGB;FGA;FGG;FLNA;FBLN1
4	GO_Biological_Process_2023	Negative Regulation Of Peptidase Activity (GO:0010466)	7/60	2.8346338681254092e-09	4.115888376518095e-07	0	0	38.035821711785616	748.5964358524916	CST3;SERPINA3;SERPINA1;SERPINA10;TIMP1;GAPDH;CTSB
5	GO_Biological_Process_2023	Regulation Of Substrate Adhesion-Dependent Cell Spreading (GO:1900024)	6/51	3.8716443061892915e-08	4.6846896104890425e-06	0	0	37.864761904761906	646.2379460230701	FGB;FGA;FGG;FLNA;FBLN1;CALR
6	GO_Biological_Process_2023	Negative Regulation Of Endopeptidase Activity (GO:0010951)	6/66	1.8673001390966865e-07	1.660650598901408e-05	0	0	28.377142857142857	439.6641584387969	CST3;SERPINA3;SERPINA1;SERPINA10;TIMP1;GAPDH
7	GO_Biological_Process_2023	Cell-Matrix Adhesion (GO:0007160)	7/109	1.8859965610977674e-07	1.660650598901408e-05	0	0	19.714975845410628	305.2595746040176	FGB;FGA;VCAM1;FGL1;FGG;FBLN5;VCL
8	GO_Biological_Process_2023	Positive Regulation Of Substrate Adhesion-Dependent Cell Spreading (GO:1900026)	5/35	2.0586577672331506e-07	1.660650598901408e-05	0	0	46.69953051643193	718.9879075183374	FGB;FGA;FGG;FLNA;CALR
9	GO_Biological_Process_2023	Negative Regulation Of Extrinsic Apoptotic Signaling Pathway Via Death Domain Receptors (GO:1902042)	4/23	1.6136315572905254e-06	0.00011714965105929214	0	0	58.20175438596491	776.2381539638832	FGB;FGA;FGG;ICAM1
10	GO_Biological_Process_2023	Negative Regulation Of Endothelial Cell Apoptotic Process (GO:2000352)	4/26	2.700892396995726e-06	0.000176213657243806	0	0	50.25757575757576	644.3990340090122	FGB;FGA;FGG;ICAM1
11	GO_Biological_Process_2023	Plasminogen Activation (GO:0031639)	3/8	2.9126224337819175e-06	0.000176213657243806	0	0	163.7178082191781	2086.8219539113043	FGB;FGA;FGG
12	GO_Biological_Process_2023	Regulation Of Extrinsic Apoptotic Signaling Pathway Via Death Domain Receptors (GO:1902041)	4/31	5.603320149244124e-06	0.00031292387910394106	0	0	40.94032921810699	495.0566532167629	FGB;FGA;FGG;ICAM1
13	GO_Biological_Process_2023	Regulation Of Endopeptidase Activity (GO:0052548)	5/69	6.445418627982183e-06	0.00033424099456536173	0	0	21.85299295774648	261.1900524423231	SERPINA3;SERPINA1;SERPINA10;TIMP1;GAPDH
14	GO_Biological_Process_2023	Positive Regulation Of Cell-Substrate Adhesion (GO:0010811)	5/71	7.423081149761205e-06	0.0003592771276484423	0	0	21.188647033717455	250.2573374239351	FGB;FGA;FGG;FLNA;CALR
15	GO_Biological_Process_2023	Fibrinolysis (GO:0042730)	3/12	1.131793592175856e-05	0.00048334243995274784	0	0	90.93607305936074	1035.6820158044331	FGB;FGA;FGG
16	GO_Biological_Process_2023	Positive Regulation Of Vasoconstriction (GO:0045907)	3/12	1.131793592175856e-05	0.00048334243995274784	0	0	90.93607305936074	1035.6820158044331	FGB;FGA;FGG
17	GO_Biological_Process_2023	Negative Regulation Of Epithelial Cell Apoptotic Process (GO:1904036)	4/38	1.2883018553222869e-05	0.0005196150816466557	0	0	32.5	365.9370164132717	FGB;FGA;FGG;ICAM1
18	GO_Biological_Process_2023	Retina Homeostasis (GO:0001895)	4/39	1.4314140579825352e-05	0.0005326344496205272	0	0	31.56984126984127	352.13830158110335	PIGR;LYZ;B2M;ACTG1
19	GO_Biological_Process_2023	Killing By Host Of Symbiont Cells (GO:0051873)	3/13	1.467312533389882e-05	0.0005326344496205272	0	0	81.83835616438355	910.8194076413552	CFHR2;GAPDH;CAMP
20	GO_Biological_Process_2023	Positive Regulation Of Heterotypic Cell-Cell Adhesion (GO:0034116)	3/14	1.862387600487297e-05	0.0006438539990256084	0	0	74.3947696139477	810.2383566518457	FGB;FGA;FGG
21	GO_Biological_Process_2023	Regulation Of Endothelial Cell Apoptotic Process (GO:2000351)	4/43	2.123144935623196e-05	0.0007006378287556546	0	0	28.326210826210826	304.7907937318705	FGB;FGA;FGG;ICAM1
22	GO_Biological_Process_2023	Regulation Of Interleukin-1 Production (GO:0032652)	3/16	2.849581800417708e-05	0.0008994766900448939	0	0	62.943097997892515	658.7469304319062	ORM1;SAA1;ORM2
23	GO_Biological_Process_2023	Regulation Of Protein Secretion (GO:0050708)	5/102	4.333439916714072e-05	0.001310865574806	0	0	14.394511398286626	144.6153771372408	FGB;FGA;FGG;SAA1;PPIA
24	GO_Biological_Process_2023	Positive Regulation Of Hormone Secretion (GO:0046887)	3/19	4.8905112061063594e-05	0.0014202044542532	0	0	51.13356164383562	507.53274319226034	FGB;FGA;FGG
25	GO_Biological_Process_2023	Regulation Of Heterotypic Cell-Cell Adhesion (GO:0034114)	3/24	0.00010076409932582504	0.0027671630129805	0	0	38.94911937377691	358.4381679215377	FGB;FGA;FGG
26	GO_Biological_Process_2023	Response To Metal Ion (GO:0010038)	4/64	0.00010291102114390536	0.0027671630129805	0	0	18.392592592592592	168.87427081354542	FGB;FGA;FGG;CALM1
27	GO_Biological_Process_2023	Protein Localization To Cell Surface (GO:0034394)	3/26	0.000128734691875851	0.0032114129489083	0	0	35.55866587254318	318.52588541165494	FLNA;FBLN5;VCL
28	GO_Biological_Process_2023	Regulation Of Vasoconstriction (GO:0019229)	3/26	0.000128734691875851	0.0032114129489083	0	0	35.55866587254318	318.52588541165494	FGB;FGA;FGG
29	GO_Biological_Process_2023	Induction Of Bacterial Agglutination (GO:0043152)	2/5	0.0001414500157223739	0.0032114129489083	0	0	179.46846846846847	1590.7302830047636	FGB;FGA
30	GO_Biological_Process_2023	Negative Regulation Of Trophoblast Cell Migration (GO:1901164)	2/5	0.0001414500157223739	0.0032114129489083	0	0	179.46846846846847	1590.7302830047636	CALR;TIMP1
31	GO_Biological_Process_2023	Negative Regulation Of Extrinsic Apoptotic Signaling Pathway (GO:2001237)	4/70	0.00014597331585946896	0.0032114129489083	0	0	16.715488215488215	147.6326415038125	FGB;FGA;FGG;ICAM1
32	GO_Biological_Process_2023	Positive Regulation Of Protein Transport (GO:0051222)	4/70	0.00014597331585946896	0.0032114129489083	0	0	16.715488215488215	147.6326415038125	FGB;FGA;FGG;PPIA
33	GO_Biological_Process_2023	Positive Regulation Of Secretion By Cell (GO:1903532)	4/73	0.00017179762116378264	0.0036683844989678	0	0	15.986312399355878	138.58843386376168	FGB;FGA;FGG;PPIA
34	GO_Biological_Process_2023	Negative Regulation Of Blood Coagulation (GO:0030195)	3/30	0.0001988401004667768	0.0040488590586135	0	0	30.28462709284627	258.11616658083483	FGB;FGA;FGG
35	GO_Biological_Process_2023	Positive Regulation Of Protein Secretion (GO:0050714)	4/76	0.00020076987067505097	0.0040488590586135	0	0	15.317901234567902	130.40667328329846	FGB;FGA;FGG;PPIA
36	GO_Biological_Process_2023	Regulation Of Immune Response (GO:0050776)	4/77	0.0002111646318953556	0.0041433925069196	0	0	15.10730593607306	127.85120369521508	AMBP;C7;FGL1;C9
37	GO_Biological_Process_2023	Leukocyte Cell-Cell Adhesion (GO:0007159)	3/31	0.00021954419134474396	0.0041944495504285	0	0	29.201565557729943	245.9927331283584	VCAM1;LRG1;ICAM1
38	GO_Biological_Process_2023	Inflammatory Response (GO:0006954)	6/236	0.00027799943925357966	0.0051750664845666	0	0	7.339378881987578	60.09403767943219	CRP;SERPINA3;ORM1;VCAM1;CD14;LYZ
39	GO_Biological_Process_2023	Defense Response To Gram-positive Bacterium (GO:0050830)	4/85	0.00030878486918629926	0.0056044453757313	0	0	13.609739368998628	110.00569607278494	CRP;LYZ;RNASE1;CAMP
40	GO_Biological_Process_2023	Regulation Of ERK1 And ERK2 Cascade (GO:0070372)	6/244	0.0003322376022224691	0.0058830365661832	0	0	7.089795918367347	56.78685602099016	FGB;FGA;FGG;FBLN1;YWHAZ;ICAM1
41	GO_Biological_Process_2023	Positive Regulation Of Exocytosis (GO:0045921)	3/37	0.0003733383137535048	0.0064534194234534	0	0	24.04109589041096	189.75698392119105	FGB;FGA;FGG
42	GO_Biological_Process_2023	Positive Regulation Of Peptide Secretion (GO:0002793)	2/8	0.0003931424461075261	0.0066377073459084	0	0	89.72072072072072	703.5305464332449	FGB;FGG
43	GO_Biological_Process_2023	Regulation Of Protein Dephosphorylation (GO:0035304)	3/40	0.0004708530218453342	0.007769074860448	0	0	22.08848574601999	169.21910666495052	CALM1;PPIA;HSP90B1
44	GO_Biological_Process_2023	Negative Regulation Of Receptor Binding (GO:1900121)	2/9	0.0005042248502056325	0.007996139678626	0	0	76.8996138996139	583.859415579054	PCSK9;B2M
45	GO_Biological_Process_2023	Negative Regulation Of Proteolysis (GO:0045861)	3/41	0.0005066424589763067	0.007996139678626	0	0	21.506128334534967	163.1821577584668	CST3;TIMP1;CTSB
46	GO_Biological_Process_2023	Zymogen Activation (GO:0031638)	3/45	0.000667102109019667	0.0101050714532186	0	0	19.454011741682976	142.2587727769523	FGB;FGA;FGG
47	GO_Biological_Process_2023	Positive Regulation Of Multicellular Organismal Process (GO:0051240)	7/387	0.0006681038977334616	0.0101050714532186	0	0	5.21769641495042	38.146927350065425	FGB;FGA;LRG1;FGG;SAA1;GAPDH;ACTB
48	GO_Biological_Process_2023	Positive Regulation Of Peptide Hormone Secretion (GO:0090277)	3/46	0.0007117025171134658	0.0101552528446956	0	0	19.000637145587767	137.71377832716084	FGB;FGA;FGG
49	GO_Biological_Process_2023	Positive Regulation Of Cell-Cell Adhesion (GO:0022409)	3/46	0.0007117025171134658	0.0101552528446956	0	0	19.000637145587767	137.71377832716084	FGB;FGA;FGG
50	GO_Biological_Process_2023	Response To Calcium Ion (GO:0051592)	4/106	0.0007133855304125054	0.0101552528446956	0	0	10.796296296296296	78.22444138959128	FGB;FGA;FGG;CALM1
51	GO_Biological_Process_2023	Regulation Of Signal Transduction (GO:0009966)	5/193	0.0008430061364855133	0.0115187402573038	0	0	7.392867845370093	52.33068355719307	IGFBP2;IGFBP7;TIMP1;IGFBP6;PPIA
52	GO_Biological_Process_2023	Heterophilic Cell-Cell Adhesion Via Plasma Membrane Cell Adhesion Molecules (GO:0007157)	3/49	0.0008567658042622704	0.0115187402573038	0	0	17.75878499106611	125.41868326956828	VCAM1;PVR;ICAM1
53	GO_Biological_Process_2023	Antibacterial Humoral Response (GO:0019731)	3/49	0.0008567658042622704	0.0115187402573038	0	0	17.75878499106611	125.41868326956828	FGB;FGA;CAMP
54	GO_Biological_Process_2023	Pyruvate Metabolic Process (GO:0006090)	3/50	0.0009089746531003116	0.0119984654209241	0	0	17.38006412124745	121.71594945135638	LDHB;LDHA;GAPDH
55	GO_Biological_Process_2023	Regulation Of Peptide Hormone Secretion (GO:0090276)	3/52	0.0010193504080019	0.0132151499323116	0	0	16.668996365669557	114.82587683164716	FGB;FGA;FGG
56	GO_Biological_Process_2023	Acute-Phase Response (GO:0006953)	2/13	0.0010817770250507	0.0135408641411527	0	0	48.926289926289925	334.1249824620561	CRP;ITIH4
57	GO_Biological_Process_2023	Regulation Of Trophoblast Cell Migration (GO:1901163)	2/13	0.0010817770250507	0.0135408641411527	0	0	48.926289926289925	334.1249824620561	CALR;TIMP1
58	GO_Biological_Process_2023	Regulation Of Exocytosis (GO:0017157)	3/54	0.0011378608985876	0.0137681168729108	0	0	16.013698630136986	108.55054054887738	FGB;FGA;FGG
59	GO_Biological_Process_2023	Negative Regulation Of Protein Catabolic Process (GO:0042177)	3/54	0.0011378608985876	0.0137681168729108	0	0	16.013698630136986	108.55054054887738	CST3;FLNA;TIMP1
60	GO_Biological_Process_2023	Positive Regulation Of MAPK Cascade (GO:0043410)	6/310	0.0011627806023644	0.0137858121054107	0	0	5.5319548872180455	37.37909318175559	FGB;FGA;FGG;IGFBP6;PPIA;ICAM1
61	GO_Biological_Process_2023	Protein Stabilization (GO:0050821)	5/208	0.0011773007583133	0.0137858121054107	0	0	6.841393186706446	46.14198811463988	FLNA;CALR;PFN1;GAPDH;CPN2
62	GO_Biological_Process_2023	Regulation Of Apoptotic Process (GO:0042981)	9/705	0.0013812032882407	0.0159167236073461	0	0	3.711013896037056	24.43628508838851	PCSK9;FLNA;CALR;PPIA;CTSD;YWHAZ;ACTB;CTSB;HSP90B1
63	GO_Biological_Process_2023	Protein Polymerization (GO:0051258)	3/63	0.0017776652774889	0.020165390491515	0	0	13.605479452054794	86.15607845828013	FGB;FGA;FGG
64	GO_Biological_Process_2023	Positive Regulation Of Interleukin-1 Production (GO:0032732)	3/64	0.0018600306216761	0.0205447125707579	0	0	13.381765102178306	84.13332943424366	ORM1;SAA1;ORM2
65	GO_Biological_Process_2023	Extracellular Matrix Assembly (GO:0085029)	2/17	0.0018677011427961	0.0205447125707579	0	0	35.87207207207207	225.38591265569076	QSOX1;FBLN5
66	GO_Biological_Process_2023	Antigen Processing And Presentation Of Peptide Antigen Via MHC Class I (GO:0002474)	2/18	0.0020960030142903	0.0227119132593253	0	0	33.62837837837838	207.41052527927255	CALR;B2M
67	GO_Biological_Process_2023	Regulation Of Insulin-Like Growth Factor Receptor Signaling Pathway (GO:0043567)	2/19	0.0023368393222497	0.023895004900751	0	0	31.64864864864865	191.7577689772636	IGFBP2;IGFBP6
68	GO_Biological_Process_2023	Regulation Of Integrin-Mediated Signaling Pathway (GO:2001044)	2/19	0.0023368393222497	0.023895004900751	0	0	31.64864864864865	191.7577689772636	FLNA;TIMP1
69	GO_Biological_Process_2023	Leukocyte Adhesion To Vascular Endothelial Cell (GO:0061756)	2/19	0.0023368393222497	0.023895004900751	0	0	31.64864864864865	191.7577689772636	VCAM1;LRG1
70	GO_Biological_Process_2023	Receptor Clustering (GO:0043113)	2/19	0.0023368393222497	0.023895004900751	0	0	31.64864864864865	191.7577689772636	PIGR;FLNA
71	GO_Biological_Process_2023	Negative Regulation Of Protein Metabolic Process (GO:0051248)	4/147	0.0023852216841575	0.0240509853152554	0	0	7.684926184926184	46.40514403639165	CST3;FLNA;CALR;GAPDH
72	GO_Biological_Process_2023	Cell-Cell Junction Assembly (GO:0007043)	3/71	0.0025035607080832	0.02489842567217	0	0	12.0	71.88049532644797	CDH1;VCL;ACTG1
73	GO_Biological_Process_2023	Negative Regulation Of Reproductive Process (GO:2000242)	2/20	0.0025901140533562	0.0254111189559005	0	0	29.88888888888889	178.0198173382836	CALR;TIMP1
74	GO_Biological_Process_2023	Ubiquitin-Dependent ERAD Pathway (GO:0030433)	3/73	0.0027096258812793	0.0262291785307839	0	0	11.655968688845402	68.89778640074914	MAN1A1;CALR;HSP90B1
75	GO_Biological_Process_2023	Cellular Component Assembly (GO:0022607)	5/260	0.0031153731634072	0.0297600120609688	0	0	5.431924882629108	31.349845696673555	FGB;FGA;FGG;QSOX1;YWHAZ
76	GO_Biological_Process_2023	Positive Regulation Of Tumor Necrosis Factor Production (GO:0032760)	3/78	0.0032696793146139	0.0308284049663597	0	0	10.876164383561644	62.24497796581379	ORM1;CD14;ORM2
77	GO_Biological_Process_2023	Negative Regulation Of Neuron Differentiation (GO:0045665)	2/23	0.0034236166206592	0.03139346356418	0	0	25.615186615186616	145.4188948501949	CALR;B2M
78	GO_Biological_Process_2023	Negative Regulation Of Actin Filament Polymerization (GO:0030837)	2/23	0.0034236166206592	0.03139346356418	0	0	25.615186615186616	145.4188948501949	TMSB4X;PFN1
79	GO_Biological_Process_2023	Negative Regulation Of Cell Migration (GO:0030336)	4/163	0.0034593348280088	0.03139346356418	0	0	6.906009783368274	39.13414029991231	CDH1;CALR;TIMP1;VCL
80	GO_Biological_Process_2023	Regulation Of Interleukin-8 Production (GO:0032677)	3/81	0.0036372812545181	0.0326008171701254	0	0	10.45626975763962	58.72783550966301	CRP;TMSB4X;CD14
81	GO_Biological_Process_2023	Amyloid Fibril Formation (GO:1990000)	2/24	0.0037256955134565	0.0329340687373464	0	0	24.44963144963145	136.7346061691144	B2M;CAMP
82	GO_Biological_Process_2023	Positive Regulation Of Tumor Necrosis Factor Superfamily Cytokine Production (GO:1903557)	3/82	0.0037651896765836	0.0329340687373464	0	0	10.323391711461763	57.62472904142722	ORM1;CD14;ORM2
83	GO_Biological_Process_2023	Wound Healing, Spreading Of Cells (GO:0044319)	2/25	0.0040397406896228	0.0349149016745976	0	0	23.38542890716804	128.890540062766	LRG1;FLNA
84	GO_Biological_Process_2023	Cell-Cell Adhesion Via Plasma-Membrane Adhesion Molecules (GO:0098742)	4/172	0.0041887950346741	0.0357772375902755	0	0	6.533068783068783	35.770786991969324	VCAM1;CDH1;PVR;ICAM1
85	GO_Biological_Process_2023	Acute Inflammatory Response (GO:0002526)	2/26	0.0043656592891775	0.0368542865574756	0	0	22.40990990990991	121.77513808303524	CRP;ITIH4
86	GO_Biological_Process_2023	Positive Regulation Of Immune System Process (GO:0002684)	2/27	0.0047033589674929	0.0386459663381423	0	0	21.512432432432433	115.29541591164822	C7;C9
87	GO_Biological_Process_2023	Regulation Of Peptidase Activity (GO:0052547)	2/27	0.0047033589674929	0.0386459663381423	0	0	21.512432432432433	115.29541591164822	CST3;CTSB
88	GO_Biological_Process_2023	ERAD Pathway (GO:0036503)	3/89	0.0047375909147309	0.0386459663381423	0	0	9.479770627588405	50.7378797405052	MAN1A1;CALR;HSP90B1
89	GO_Biological_Process_2023	Positive Regulation Of ERK1 And ERK2 Cascade (GO:0070374)	4/179	0.0048233572929879	0.0389084154967697	0	0	6.269523809523809	33.44342718777245	FGB;FGA;FGG;ICAM1
90	GO_Biological_Process_2023	Positive Regulation Of Protein Import Into Nucleus (GO:0042307)	2/28	0.0050527478946757	0.0398727714297239	0	0	20.683991683991685	109.37328791245815	CDH1;FLNA
91	GO_Biological_Process_2023	Mucosal Immune Response (GO:0002385)	2/28	0.0050527478946757	0.0398727714297239	0	0	20.683991683991685	109.37328791245815	PIGR;CAMP
92	GO_Biological_Process_2023	Glycolytic Process (GO:0006096)	2/29	0.0054137347517828	0.0409413690603575	0	0	19.91691691691692	103.9427263100929	LDHA;GAPDH
93	GO_Biological_Process_2023	Maintenance Of Blood-Brain Barrier (GO:0035633)	2/29	0.0054137347517828	0.0409413690603575	0	0	19.91691691691692	103.9427263100929	VCL;ACTG1
94	GO_Biological_Process_2023	Morphogenesis Of An Epithelium (GO:0002009)	2/29	0.0054137347517828	0.0409413690603575	0	0	19.91691691691692	103.9427263100929	VCL;ACTG1
95	GO_Biological_Process_2023	Positive Regulation Of Dephosphorylation (GO:0035306)	2/29	0.0054137347517828	0.0409413690603575	0	0	19.91691691691692	103.9427263100929	CALM1;PPIA
96	GO_Biological_Process_2023	Antimicrobial Humoral Response (GO:0019730)	3/100	0.00654799848395	0.0490087309211108	0	0	8.400084733794662	42.240631240424875	LYZ;GAPDH;CAMP
97	GO_Biological_Process_2023	Protein Catabolic Process (GO:0030163)	3/102	0.0069154823143938	0.0511269211408175	0	0	8.229555832295558	40.93374954192999	PCSK9;CTSD;CTSB
98	GO_Biological_Process_2023	Positive Regulation Of Protein Dephosphorylation (GO:0035307)	2/33	0.0069718528828387	0.0511269211408175	0	0	17.3435047951177	86.12566391346115	CALM1;PPIA
99	GO_Biological_Process_2023	Supramolecular Fiber Organization (GO:0097435)	5/316	0.007064106698502	0.0512854146311251	0	0	4.441148498709298	21.99580368048277	CST3;COL18A1;B2M;FBLN5;CAMP
100	GO_Biological_Process_2023	Cellular Response To Amyloid-Beta (GO:1904646)	2/34	0.007389477349401	0.0527888298021885	0	0	16.800675675675677	82.4526469576761	VCAM1;ICAM1
101	GO_Biological_Process_2023	Positive Regulation Of Cytokine Production (GO:0001819)	5/320	0.0074384518888178	0.0527888298021885	0	0	4.38385870780237	21.48569717085952	ORM1;SAA1;CD14;GAPDH;ORM2
102	GO_Biological_Process_2023	Cellular Response To Organonitrogen Compound (GO:0071417)	3/105	0.007489324338327	0.0527888298021885	0	0	7.986301369863014	39.08716866596536	CDH1;ACTB;HSP90B1
103	GO_Biological_Process_2023	Defense Response To Bacterium (GO:0042742)	4/204	0.0076113380664263	0.0531329945790919	0	0	5.478888888888889	26.7266571539503	CRP;LYZ;RNASE1;CAMP
104	GO_Biological_Process_2023	Adherens Junction Organization (GO:0034332)	2/35	0.0078181624425661	0.0540191783940417	0	0	16.290745290745292	79.03138603697384	CDH1;VCL
105	GO_Biological_Process_2023	Positive Regulation Of T Cell Activation (GO:0050870)	3/107	0.0078870976718573	0.0540191783940417	0	0	7.831928345626976	37.92632495146073	VCAM1;B2M;ACTB
106	GO_Biological_Process_2023	Negative Regulation Of Cell Differentiation (GO:0045596)	4/207	0.0080041970330743	0.0543088508973078	0	0	5.397099069512863	26.056056845975498	CRP;EFEMP1;CALR;ACTB
107	GO_Biological_Process_2023	Regulation Of Phosphoprotein Phosphatase Activity (GO:0043666)	2/37	0.0087083637744971	0.0585395564841195	0	0	15.358301158301158	72.85166170930836	CALM1;HSP90B1
108	GO_Biological_Process_2023	Regulation Of Protein Import Into Nucleus (GO:0042306)	2/38	0.0091697058780525	0.060520058795147	0	0	14.93093093093093	70.05368929755022	CDH1;FLNA
109	GO_Biological_Process_2023	Positive Regulation Of Cation Channel Activity (GO:2001259)	2/38	0.0091697058780525	0.060520058795147	0	0	14.93093093093093	70.05368929755022	TMSB4X;CALM1
110	GO_Biological_Process_2023	Carbohydrate Catabolic Process (GO:0016052)	2/41	0.0106176633448387	0.0694452575527294	0	0	13.78031878031878	62.63480530302272	LDHA;GAPDH
111	GO_Biological_Process_2023	Regulation Of Cell Motility (GO:2000145)	3/123	0.0115175413223809	0.0740990740748222	0	0	6.782191780821917	30.274917872950525	TMSB4X;FLNA;FBLN1
112	GO_Biological_Process_2023	Positive Regulation Of Receptor-Mediated Endocytosis (GO:0048260)	2/43	0.0116353917968729	0.0740990740748222	0	0	13.106789716545814	58.37375928178501	PCSK9;B2M
113	GO_Biological_Process_2023	Response To Amyloid-Beta (GO:1904645)	2/43	0.0116353917968729	0.0740990740748222	0	0	13.106789716545814	58.37375928178501	VCAM1;ICAM1
114	GO_Biological_Process_2023	Positive Regulation Of Nucleocytoplasmic Transport (GO:0046824)	2/44	0.0121597298306732	0.0767649031049459	0	0	12.794079794079794	56.41710205150423	CDH1;FLNA
115	GO_Biological_Process_2023	Protein-Containing Complex Organization (GO:0043933)	3/126	0.0122886868054002	0.0769102294889706	0	0	6.615770130304043	29.103277002773467	FGB;FGA;FGG
116	GO_Biological_Process_2023	Regulation Of Tumor Necrosis Factor Production (GO:0032680)	3/127	0.0125521797420431	0.0778878845531909	0	0	6.56208572691118	28.72789881411098	ORM1;CD14;ORM2
117	GO_Biological_Process_2023	Epidermal Growth Factor Receptor Signaling Pathway (GO:0007173)	2/45	0.0126942722964967	0.07810204819709	0	0	12.495914519170332	54.564715165542175	PIGR;EFEMP1
118	GO_Biological_Process_2023	Negative Regulation Of Hydrolase Activity (GO:0051346)	2/47	0.0137936390372197	0.0841527894203492	0	0	11.93933933933934	51.14272995357297	CST3;CTSB
119	GO_Biological_Process_2023	Negative Regulation Of Cell Motility (GO:2000146)	3/133	0.0142012181190962	0.0859173696205321	0	0	6.257323498419389	26.621329387197687	CDH1;FBLN1;VCL
120	GO_Biological_Process_2023	Negative Regulation Of Cell Population Proliferation (GO:0008285)	5/379	0.0146739003947054	0.0880434023682325	0	0	3.681177976952625	15.540773282899956	COL18A1;FBLN1;IGFBP7;IGFBP6;B2M
121	GO_Biological_Process_2023	Intracellular Iron Ion Homeostasis (GO:0006879)	2/50	0.0155171628224907	0.0923398377797399	0	0	11.19144144144144	46.62140287744705	B2M;CP
122	GO_Biological_Process_2023	Regulation Of Stress-Activated MAPK Cascade (GO:0032872)	2/51	0.0161112054181517	0.0950954075900663	0	0	10.962493105350248	45.25580539158434	IGFBP6;PPIA
123	GO_Biological_Process_2023	ERBB Signaling Pathway (GO:0038127)	2/54	0.0179508142227228	0.099208808293123	0	0	10.328482328482329	41.52173635894564	PIGR;EFEMP1
124	GO_Biological_Process_2023	Regulation Of Focal Adhesion Assembly (GO:0051893)	2/54	0.0179508142227228	0.099208808293123	0	0	10.328482328482329	41.52173635894564	VCL;ACTG1
125	GO_Biological_Process_2023	Regulation Of Circadian Sleep/Wake Cycle (GO:0042749)	1/5	0.0188578726507589	0.099208808293123	0	0	66.4	263.6627670535498	PTGDS
126	GO_Biological_Process_2023	Regulation Of Circadian Sleep/Wake Cycle, Sleep (GO:0045187)	1/5	0.0188578726507589	0.099208808293123	0	0	66.4	263.6627670535498	PTGDS
127	GO_Biological_Process_2023	Positive Regulation Of Natural Killer Cell Mediated Cytotoxicity Directed Against Tumor Cell Target (GO:0002860)	1/5	0.0188578726507589	0.099208808293123	0	0	66.4	263.6627670535498	PVR
128	GO_Biological_Process_2023	Positive Regulation Of Natural Killer Cell Mediated Immune Response To Tumor Cell (GO:0002857)	1/5	0.0188578726507589	0.099208808293123	0	0	66.4	263.6627670535498	PVR
129	GO_Biological_Process_2023	Glycolipid Transport (GO:0046836)	1/5	0.0188578726507589	0.099208808293123	0	0	66.4	263.6627670535498	PLTP
130	GO_Biological_Process_2023	Negative Regulation Of Protein Polyubiquitination (GO:1902915)	1/5	0.0188578726507589	0.099208808293123	0	0	66.4	263.6627670535498	PPIA
131	GO_Biological_Process_2023	Positive Regulation Of Receptor Binding (GO:1900122)	1/5	0.0188578726507589	0.099208808293123	0	0	66.4	263.6627670535498	B2M
132	GO_Biological_Process_2023	Regulation Of Monoatomic Anion Transport (GO:0044070)	1/5	0.0188578726507589	0.099208808293123	0	0	66.4	263.6627670535498	CA2
133	GO_Biological_Process_2023	Notochord Development (GO:0030903)	1/5	0.0188578726507589	0.099208808293123	0	0	66.4	263.6627670535498	COL18A1
134	GO_Biological_Process_2023	Lipoprotein Metabolic Process (GO:0042157)	1/5	0.0188578726507589	0.099208808293123	0	0	66.4	263.6627670535498	CTSD
135	GO_Biological_Process_2023	Regulation Of Superoxide Metabolic Process (GO:0090322)	1/5	0.0188578726507589	0.099208808293123	0	0	66.4	263.6627670535498	FBLN5
136	GO_Biological_Process_2023	Response To Lithium Ion (GO:0010226)	1/5	0.0188578726507589	0.099208808293123	0	0	66.4	263.6627670535498	CDH1
137	GO_Biological_Process_2023	Regulation Of Blood Vessel Remodeling (GO:0060312)	1/5	0.0188578726507589	0.099208808293123	0	0	66.4	263.6627670535498	CST3
138	GO_Biological_Process_2023	Negative Regulation Of Protein Phosphorylation (GO:0001933)	3/149	0.0191754272772076	0.0996918776539178	0	0	5.567085757177707	22.01295658231317	FBLN1;CALM1;PPIA
139	GO_Biological_Process_2023	Cellular Response To Peptide (GO:1901653)	2/56	0.0192243290241714	0.0996918776539178	0	0	9.944944944944943	39.29823227315069	VCAM1;ICAM1
140	GO_Biological_Process_2023	Positive Regulation Of Interleukin-1 Beta Production (GO:0032731)	2/57	0.0198749838887083	0.1023350234269661	0	0	9.763636363636364	38.25679220749553	ORM1;ORM2
141	GO_Biological_Process_2023	Cellular Response To Organic Cyclic Compound (GO:0071407)	3/152	0.0202022804160722	0.1032877153666792	0	0	5.454169348165855	21.281949479277788	CDH1;ACTB;HSP90B1
142	GO_Biological_Process_2023	Regulation Of Type I Interferon Production (GO:0032479)	2/59	0.0212037009765391	0.1037864316161247	0	0	9.420104314841156	36.30112123515011	CD14;GAPDH
143	GO_Biological_Process_2023	Homophilic Cell Adhesion Via Plasma Membrane Adhesion Molecules (GO:0007156)	2/60	0.0218816094960146	0.1037864316161247	0	0	9.25722273998136	35.38211197951667	CDH1;PVR
144	GO_Biological_Process_2023	Negative Regulation Of Lipoprotein Particle Clearance (GO:0010985)	1/6	0.0225871297456579	0.1037864316161247	0	0	53.117333333333335	201.3346131407168	PCSK9
145	GO_Biological_Process_2023	Negative Regulation Of Low-Density Lipoprotein Receptor Activity (GO:1905598)	1/6	0.0225871297456579	0.1037864316161247	0	0	53.117333333333335	201.3346131407168	PCSK9
146	GO_Biological_Process_2023	Negative Regulation Of Membrane Protein Ectodomain Proteolysis (GO:0051045)	1/6	0.0225871297456579	0.1037864316161247	0	0	53.117333333333335	201.3346131407168	TIMP1
147	GO_Biological_Process_2023	Hemostasis (GO:0007599)	1/6	0.0225871297456579	0.1037864316161247	0	0	53.117333333333335	201.3346131407168	VWF
148	GO_Biological_Process_2023	Negative Regulation Of Stress-Activated Protein Kinase Signaling Cascade (GO:0070303)	1/6	0.0225871297456579	0.1037864316161247	0	0	53.117333333333335	201.3346131407168	PPIA
149	GO_Biological_Process_2023	Positive Regulation Of Receptor Catabolic Process (GO:2000646)	1/6	0.0225871297456579	0.1037864316161247	0	0	53.117333333333335	201.3346131407168	PCSK9
150	GO_Biological_Process_2023	Regulation Of Metallopeptidase Activity (GO:1905048)	1/6	0.0225871297456579	0.1037864316161247	0	0	53.117333333333335	201.3346131407168	TIMP1
151	GO_Biological_Process_2023	Angiotensin-Activated Signaling Pathway (GO:0038166)	1/6	0.0225871297456579	0.1037864316161247	0	0	53.117333333333335	201.3346131407168	CA2
152	GO_Biological_Process_2023	Autophagosome Membrane Docking (GO:0016240)	1/6	0.0225871297456579	0.1037864316161247	0	0	53.117333333333335	201.3346131407168	CALM1
153	GO_Biological_Process_2023	Mitochondrion-Endoplasmic Reticulum Membrane Tethering (GO:1990456)	1/6	0.0225871297456579	0.1037864316161247	0	0	53.117333333333335	201.3346131407168	CALM1
154	GO_Biological_Process_2023	Receptor-Mediated Virion Attachment To Host Cell (GO:0046813)	1/6	0.0225871297456579	0.1037864316161247	0	0	53.117333333333335	201.3346131407168	ICAM1
155	GO_Biological_Process_2023	Cytolysis By Host Of Symbiont Cells (GO:0051838)	1/6	0.0225871297456579	0.1037864316161247	0	0	53.117333333333335	201.3346131407168	CFHR2
156	GO_Biological_Process_2023	Regulation Of Atrial Cardiac Muscle Cell Membrane Repolarization (GO:0060372)	1/6	0.0225871297456579	0.1037864316161247	0	0	53.117333333333335	201.3346131407168	FLNA
157	GO_Biological_Process_2023	Elastic Fiber Assembly (GO:0048251)	1/6	0.0225871297456579	0.1037864316161247	0	0	53.117333333333335	201.3346131407168	FBLN5
158	GO_Biological_Process_2023	Regulation Of T Cell Activation (GO:0050863)	2/62	0.0232641455083512	0.1062249662834151	0	0	8.947747747747748	33.651064846097036	FGL1;B2M
159	GO_Biological_Process_2023	Positive Regulation Of Type I Interferon Production (GO:0032481)	2/64	0.0246818039284733	0.1084973974711711	0	0	8.658238884045335	32.05010754891044	CD14;GAPDH
160	GO_Biological_Process_2023	Regulation Of Cell Migration (GO:0030334)	5/434	0.0247218115750702	0.1084973974711711	0	0	3.2002035523162284	11.840975126638678	CDH1;TMSB4X;FLNA;VCL;ACTG1
161	GO_Biological_Process_2023	Antimicrobial Humoral Immune Response Mediated By Antimicrobial Peptide (GO:0061844)	2/65	0.0254036170758007	0.1084973974711711	0	0	8.52037752037752	31.29418539467091	GAPDH;CAMP
162	GO_Biological_Process_2023	Positive Regulation Of T Cell Proliferation (GO:0042102)	2/65	0.0254036170758007	0.1084973974711711	0	0	8.52037752037752	31.29418539467091	VCAM1;IGFBP2
163	GO_Biological_Process_2023	Regulation Of Cell-Matrix Adhesion (GO:0001952)	2/65	0.0254036170758007	0.1084973974711711	0	0	8.52037752037752	31.29418539467091	VCL;ACTG1
164	GO_Biological_Process_2023	Regulation Of Cytokine Production (GO:0001817)	3/167	0.0257850545347056	0.1084973974711711	0	0	4.9515536251252925	18.112586269623232	CRP;SAA1;GAPDH
165	GO_Biological_Process_2023	Negative Regulation Of Immune Response (GO:0050777)	2/66	0.0261339873148861	0.1084973974711711	0	0	8.386824324324325	30.565937377466756	AMBP;YWHAZ
166	GO_Biological_Process_2023	Cellular Response To Type II Interferon (GO:0071346)	2/66	0.0261339873148861	0.1084973974711711	0	0	8.386824324324325	30.565937377466756	CALM1;GAPDH
167	GO_Biological_Process_2023	Establishment Of Golgi Localization (GO:0051683)	1/7	0.0263023993869505	0.1084973974711711	0	0	44.26222222222222	161.0301743357976	YWHAZ
168	GO_Biological_Process_2023	Regulation Of Dendritic Cell Chemotaxis (GO:2000508)	1/7	0.0263023993869505	0.1084973974711711	0	0	44.26222222222222	161.0301743357976	CALR
169	GO_Biological_Process_2023	Positive Regulation Of Ryanodine-Sensitive Calcium-Release Channel Activity (GO:0060316)	1/7	0.0263023993869505	0.1084973974711711	0	0	44.26222222222222	161.0301743357976	CALM1
170	GO_Biological_Process_2023	Regulation Of Natural Killer Cell Mediated Cytotoxicity Directed Against Tumor Cell Target (GO:0002858)	1/7	0.0263023993869505	0.1084973974711711	0	0	44.26222222222222	161.0301743357976	PVR
171	GO_Biological_Process_2023	Lactate Metabolic Process (GO:0006089)	1/7	0.0263023993869505	0.1084973974711711	0	0	44.26222222222222	161.0301743357976	LDHB
172	GO_Biological_Process_2023	Blood Coagulation, Intrinsic Pathway (GO:0007597)	1/7	0.0263023993869505	0.1084973974711711	0	0	44.26222222222222	161.0301743357976	FLNA
173	GO_Biological_Process_2023	Cellular Response To Angiotensin (GO:1904385)	1/7	0.0263023993869505	0.1084973974711711	0	0	44.26222222222222	161.0301743357976	CA2
174	GO_Biological_Process_2023	Cytoplasmic Sequestering Of NF-kappaB (GO:0007253)	1/7	0.0263023993869505	0.1084973974711711	0	0	44.26222222222222	161.0301743357976	TMSB4X
175	GO_Biological_Process_2023	Positive Regulation Of Dendritic Cell Chemotaxis (GO:2000510)	1/7	0.0263023993869505	0.1084973974711711	0	0	44.26222222222222	161.0301743357976	CALR
176	GO_Biological_Process_2023	Neutrophil Chemotaxis (GO:0030593)	2/70	0.0291395733162012	0.1175951837321905	0	0	7.891891891891892	27.90303165658437	SAA1;PPIA
177	GO_Biological_Process_2023	Negative Regulation Of Protein Binding (GO:0032091)	2/71	0.0299116332693857	0.1175951837321905	0	0	7.777124951037995	27.29388069046271	CFHR2;B2M
178	GO_Biological_Process_2023	Positive Regulation Of Ligase Activity (GO:0051351)	1/8	0.0300037330594451	0.1175951837321905	0	0	37.93714285714286	133.0240674608429	TMSB4X
179	GO_Biological_Process_2023	Regulation Of Endothelial Cell Development (GO:1901550)	1/8	0.0300037330594451	0.1175951837321905	0	0	37.93714285714286	133.0240674608429	VCL
180	GO_Biological_Process_2023	Positive Regulation Of ATP Biosynthetic Process (GO:2001171)	1/8	0.0300037330594451	0.1175951837321905	0	0	37.93714285714286	133.0240674608429	TMSB4X
181	GO_Biological_Process_2023	Cyclooxygenase Pathway (GO:0019371)	1/8	0.0300037330594451	0.1175951837321905	0	0	37.93714285714286	133.0240674608429	PTGDS
182	GO_Biological_Process_2023	Sequestering Of Actin Monomers (GO:0042989)	1/8	0.0300037330594451	0.1175951837321905	0	0	37.93714285714286	133.0240674608429	TMSB4X
183	GO_Biological_Process_2023	Positive Regulation Of Epithelial Cell Proliferation Involved In Wound Healing (GO:0060054)	1/8	0.0300037330594451	0.1175951837321905	0	0	37.93714285714286	133.0240674608429	LRG1
184	GO_Biological_Process_2023	Regulation Of Cell Killing (GO:0031341)	1/8	0.0300037330594451	0.1175951837321905	0	0	37.93714285714286	133.0240674608429	ICAM1
185	GO_Biological_Process_2023	Positive Regulation Of Protein Localization To Nucleus (GO:1900182)	2/72	0.0306918149431216	0.1175951837321905	0	0	7.665637065637066	26.70523421981483	CDH1;FLNA
186	GO_Biological_Process_2023	Negative Regulation Of Catabolic Process (GO:0009895)	2/72	0.0306918149431216	0.1175951837321905	0	0	7.665637065637066	26.70523421981483	CST3;FLNA
187	GO_Biological_Process_2023	Negative Regulation Of Cell Adhesion (GO:0007162)	2/72	0.0306918149431216	0.1175951837321905	0	0	7.665637065637066	26.70523421981483	CDH1;FBLN1
188	GO_Biological_Process_2023	Granulocyte Chemotaxis (GO:0071621)	2/73	0.0314800472317496	0.1175951837321905	0	0	7.557289684050248	26.136140883906528	SAA1;PPIA
189	GO_Biological_Process_2023	Negative Regulation Of Phosphorylation (GO:0042326)	2/75	0.0330803812580808	0.1175951837321905	0	0	7.349500185116623	25.05308561773849	FBLN1;PPIA
190	GO_Biological_Process_2023	Regulation Of Stress Fiber Assembly (GO:0051492)	2/75	0.0330803812580808	0.1175951837321905	0	0	7.349500185116623	25.05308561773849	PFN1;ACTG1
191	GO_Biological_Process_2023	Defense Response To Gram-negative Bacterium (GO:0050829)	2/75	0.0330803812580808	0.1175951837321905	0	0	7.349500185116623	25.05308561773849	LYZ;CAMP
192	GO_Biological_Process_2023	Regulation Of Cellular Response To Oxidative Stress (GO:1900407)	1/9	0.0336911821161097	0.1175951837321905	0	0	33.193333333333335	112.54263179248726	FBLN5
193	GO_Biological_Process_2023	Negative Regulation Of Extracellular Matrix Organization (GO:1903054)	1/9	0.0336911821161097	0.1175951837321905	0	0	33.193333333333335	112.54263179248726	CST3
194	GO_Biological_Process_2023	Golgi Inheritance (GO:0048313)	1/9	0.0336911821161097	0.1175951837321905	0	0	33.193333333333335	112.54263179248726	YWHAZ
195	GO_Biological_Process_2023	Regulation Of High Voltage-Gated Calcium Channel Activity (GO:1901841)	1/9	0.0336911821161097	0.1175951837321905	0	0	33.193333333333335	112.54263179248726	CALM1
196	GO_Biological_Process_2023	Wound Healing, Spreading Of Epidermal Cells (GO:0035313)	1/9	0.0336911821161097	0.1175951837321905	0	0	33.193333333333335	112.54263179248726	LRG1
197	GO_Biological_Process_2023	Regulation Of Leukocyte Mediated Cytotoxicity (GO:0001910)	1/9	0.0336911821161097	0.1175951837321905	0	0	33.193333333333335	112.54263179248726	ICAM1
198	GO_Biological_Process_2023	Adherens Junction Assembly (GO:0034333)	1/9	0.0336911821161097	0.1175951837321905	0	0	33.193333333333335	112.54263179248726	VCL
199	GO_Biological_Process_2023	Negative Regulation Of Sodium Ion Transmembrane Transport (GO:1902306)	1/9	0.0336911821161097	0.1175951837321905	0	0	33.193333333333335	112.54263179248726	PCSK9
200	GO_Biological_Process_2023	Amine Metabolic Process (GO:0009308)	1/9	0.0336911821161097	0.1175951837321905	0	0	33.193333333333335	112.54263179248726	VCAM1
201	GO_Biological_Process_2023	Negative Regulation Of Transcription By RNA Polymerase I (GO:0016479)	1/9	0.0336911821161097	0.1175951837321905	0	0	33.193333333333335	112.54263179248726	FLNA
202	GO_Biological_Process_2023	Regulation Of Receptor Binding (GO:1900120)	1/9	0.0336911821161097	0.1175951837321905	0	0	33.193333333333335	112.54263179248726	B2M
203	GO_Biological_Process_2023	Positive Regulation Of ATP Metabolic Process (GO:1903580)	1/9	0.0336911821161097	0.1175951837321905	0	0	33.193333333333335	112.54263179248726	TMSB4X
204	GO_Biological_Process_2023	Regulation Of Transmembrane Transporter Activity (GO:0022898)	1/9	0.0336911821161097	0.1175951837321905	0	0	33.193333333333335	112.54263179248726	ACTB
205	GO_Biological_Process_2023	Regulation Of RNA Polymerase II Regulatory Region Sequence-Specific DNA Binding (GO:1903025)	1/9	0.0336911821161097	0.1175951837321905	0	0	33.193333333333335	112.54263179248726	TMSB4X
206	GO_Biological_Process_2023	Embryonic Eye Morphogenesis (GO:0048048)	1/9	0.0336911821161097	0.1175951837321905	0	0	33.193333333333335	112.54263179248726	EFEMP1
207	GO_Biological_Process_2023	Regulation Of Cellular Extravasation (GO:0002691)	1/9	0.0336911821161097	0.1175951837321905	0	0	33.193333333333335	112.54263179248726	ICAM1
208	GO_Biological_Process_2023	Positive Regulation Of Response To Stimulus (GO:0048584)	2/77	0.0347120746756412	0.1200046010215025	0	0	7.152792792792793	24.038159554729077	C7;C9
209	GO_Biological_Process_2023	Neutrophil Migration (GO:1990266)	2/77	0.0347120746756412	0.1200046010215025	0	0	7.152792792792793	24.038159554729077	SAA1;PPIA
210	GO_Biological_Process_2023	Negative Regulation Of Protein Modification Process (GO:0031400)	2/78	0.0355395077125663	0.121645036798871	0	0	7.058321479374111	23.554397365967027	FBLN1;PPIA
211	GO_Biological_Process_2023	Intracellular Monoatomic Cation Homeostasis (GO:0030003)	3/190	0.0357927834259767	0.121645036798871	0	0	4.337484433374844	14.44386214053456	CALR;CP;B2M
212	GO_Biological_Process_2023	Positive Regulation Of Endocytosis (GO:0045807)	2/79	0.0363745732727701	0.121645036798871	0	0	6.9663039663039665	23.085532204019987	CALR;B2M
213	GO_Biological_Process_2023	Protein Localization To Membrane (GO:0072657)	3/192	0.0367450781496394	0.121645036798871	0	0	4.2911502500543595	14.176891887685748	PIGR;CDH1;FLNA
214	GO_Biological_Process_2023	Positive Regulation Of Immune Response (GO:0050778)	2/80	0.0372172030722745	0.121645036798871	0	0	6.876645876645877	22.630932766884165	C7;C9
215	GO_Biological_Process_2023	Response To Type II Interferon (GO:0034341)	2/80	0.0372172030722745	0.121645036798871	0	0	6.876645876645877	22.630932766884165	CALM1;GAPDH
216	GO_Biological_Process_2023	Heme Catabolic Process (GO:0042167)	1/10	0.0373647978046119	0.121645036798871	0	0	29.503703703703703	96.97944863399395	AMBP
217	GO_Biological_Process_2023	Regulation Of Low-Density Lipoprotein Particle Clearance (GO:0010988)	1/10	0.0373647978046119	0.121645036798871	0	0	29.503703703703703	96.97944863399395	PCSK9
218	GO_Biological_Process_2023	Negative Regulation Of Sodium Ion Transmembrane Transporter Activity (GO:2000650)	1/10	0.0373647978046119	0.121645036798871	0	0	29.503703703703703	96.97944863399395	PCSK9
219	GO_Biological_Process_2023	Lipoprotein Catabolic Process (GO:0042159)	1/10	0.0373647978046119	0.121645036798871	0	0	29.503703703703703	96.97944863399395	CTSD
220	GO_Biological_Process_2023	Cellular Response To UV-A (GO:0071492)	1/10	0.0373647978046119	0.121645036798871	0	0	29.503703703703703	96.97944863399395	TIMP1
221	GO_Biological_Process_2023	Regulation Of Synapse Maturation (GO:0090128)	1/10	0.0373647978046119	0.121645036798871	0	0	29.503703703703703	96.97944863399395	YWHAZ
222	GO_Biological_Process_2023	Positive Regulation Of Cellular Senescence (GO:2000774)	1/10	0.0373647978046119	0.121645036798871	0	0	29.503703703703703	96.97944863399395	B2M
223	GO_Biological_Process_2023	Regulation Of Programmed Cell Death (GO:0043067)	3/195	0.0381978832419747	0.1238020680074716	0	0	4.223458904109589	13.789488484765744	CALR;ACTB;CTSB
224	GO_Biological_Process_2023	Regulation Of Interleukin-1 Beta Production (GO:0032651)	2/84	0.0406620130235166	0.1289345552259184	0	0	6.539881344759394	20.943714711290845	ORM1;ORM2
225	GO_Biological_Process_2023	Epithelial Cell-Cell Adhesion (GO:0090136)	1/11	0.0410246312082467	0.1289345552259184	0	0	26.552	84.79600603121183	VCL
226	GO_Biological_Process_2023	Positive Regulation Of Keratinocyte Proliferation (GO:0010838)	1/11	0.0410246312082467	0.1289345552259184	0	0	26.552	84.79600603121183	LRG1
227	GO_Biological_Process_2023	Actin Crosslink Formation (GO:0051764)	1/11	0.0410246312082467	0.1289345552259184	0	0	26.552	84.79600603121183	FLNA
228	GO_Biological_Process_2023	Carbon Dioxide Transport (GO:0015670)	1/11	0.0410246312082467	0.1289345552259184	0	0	26.552	84.79600603121183	CA2
229	GO_Biological_Process_2023	Macrophage Chemotaxis (GO:0048246)	1/11	0.0410246312082467	0.1289345552259184	0	0	26.552	84.79600603121183	SAA1
230	GO_Biological_Process_2023	Cellular Response To Thyroid Hormone Stimulus (GO:0097067)	1/11	0.0410246312082467	0.1289345552259184	0	0	26.552	84.79600603121183	CTSB
231	GO_Biological_Process_2023	Positive Regulation Of Endothelial Cell Migration (GO:0010595)	2/85	0.0415414537174137	0.1292254868882302	0	0	6.460761966786063	20.552093852105997	TMSB4X;CALR
232	GO_Biological_Process_2023	Regulation Of MAPK Cascade (GO:0043408)	3/204	0.0427305292274579	0.1292254868882302	0	0	4.032508689429564	12.713861325901654	IGFBP6;PPIA;YWHAZ
233	GO_Biological_Process_2023	Positive Regulation Of Integrin-Mediated Signaling Pathway (GO:2001046)	1/12	0.0446707332647378	0.1292254868882302	0	0	24.136969696969697	75.02824312324114	FLNA
234	GO_Biological_Process_2023	Negative Regulation Of Locomotion (GO:0040013)	1/12	0.0446707332647378	0.1292254868882302	0	0	24.136969696969697	75.02824312324114	FBLN1
235	GO_Biological_Process_2023	Negative Regulation Of Macrophage Derived Foam Cell Differentiation (GO:0010745)	1/12	0.0446707332647378	0.1292254868882302	0	0	24.136969696969697	75.02824312324114	CRP
236	GO_Biological_Process_2023	Granulocyte Activation (GO:0036230)	1/12	0.0446707332647378	0.1292254868882302	0	0	24.136969696969697	75.02824312324114	CAMP
237	GO_Biological_Process_2023	Negative Regulation Of Substrate Adhesion-Dependent Cell Spreading (GO:1900025)	1/12	0.0446707332647378	0.1292254868882302	0	0	24.136969696969697	75.02824312324114	FBLN1
238	GO_Biological_Process_2023	Positive Regulation Of Purine Nucleotide Biosynthetic Process (GO:1900373)	1/12	0.0446707332647378	0.1292254868882302	0	0	24.136969696969697	75.02824312324114	TMSB4X
239	GO_Biological_Process_2023	Positive Regulation Of Ruffle Assembly (GO:1900029)	1/12	0.0446707332647378	0.1292254868882302	0	0	24.136969696969697	75.02824312324114	PFN1
240	GO_Biological_Process_2023	Macrophage Migration (GO:1905517)	1/12	0.0446707332647378	0.1292254868882302	0	0	24.136969696969697	75.02824312324114	SAA1
241	GO_Biological_Process_2023	Regulation Of Retinoic Acid Receptor Signaling Pathway (GO:0048385)	1/12	0.0446707332647378	0.1292254868882302	0	0	24.136969696969697	75.02824312324114	CALR
242	GO_Biological_Process_2023	Porphyrin-Containing Compound Catabolic Process (GO:0006787)	1/12	0.0446707332647378	0.1292254868882302	0	0	24.136969696969697	75.02824312324114	AMBP
243	GO_Biological_Process_2023	Morphogenesis Of A Polarized Epithelium (GO:0001738)	1/12	0.0446707332647378	0.1292254868882302	0	0	24.136969696969697	75.02824312324114	ACTG1
244	GO_Biological_Process_2023	Response To Iron Ion (GO:0010039)	1/12	0.0446707332647378	0.1292254868882302	0	0	24.136969696969697	75.02824312324114	B2M
245	GO_Biological_Process_2023	Regulation Of Acrosome Reaction (GO:0060046)	1/12	0.0446707332647378	0.1292254868882302	0	0	24.136969696969697	75.02824312324114	SERPINA10
246	GO_Biological_Process_2023	Response To Thyroid Hormone (GO:0097066)	1/12	0.0446707332647378	0.1292254868882302	0	0	24.136969696969697	75.02824312324114	CTSB
247	GO_Biological_Process_2023	Positive Regulation Of Cellular Extravasation (GO:0002693)	1/12	0.0446707332647378	0.1292254868882302	0	0	24.136969696969697	75.02824312324114	ICAM1
248	GO_Biological_Process_2023	Secretion (GO:0046903)	1/12	0.0446707332647378	0.1292254868882302	0	0	24.136969696969697	75.02824312324114	FBLN5
249	GO_Biological_Process_2023	Regulation Of Cell Communication By Electrical Coupling (GO:0010649)	1/12	0.0446707332647378	0.1292254868882302	0	0	24.136969696969697	75.02824312324114	CALM1
250	GO_Biological_Process_2023	Protein Localization (GO:0008104)	4/351	0.0446771311417986	0.1292254868882302	0	0	3.1343259686199167	9.742405084804147	FLNA;FBLN5;ACTB;VCL
251	GO_Biological_Process_2023	Negative Regulation Of Receptor Internalization (GO:0002091)	1/13	0.0483031547149421	0.1359228307094883	0	0	22.12444444444445	67.04278374363157	PCSK9
252	GO_Biological_Process_2023	Immune Response-Regulating Cell Surface Receptor Signaling Pathway (GO:0002768)	1/13	0.0483031547149421	0.1359228307094883	0	0	22.12444444444445	67.04278374363157	PIGR
253	GO_Biological_Process_2023	Positive Regulation Of Superoxide Anion Generation (GO:0032930)	1/13	0.0483031547149421	0.1359228307094883	0	0	22.12444444444445	67.04278374363157	CRP
254	GO_Biological_Process_2023	Response To UV-A (GO:0070141)	1/13	0.0483031547149421	0.1359228307094883	0	0	22.12444444444445	67.04278374363157	TIMP1
255	GO_Biological_Process_2023	Cytoplasmic Sequestering Of Protein (GO:0051220)	1/13	0.0483031547149421	0.1359228307094883	0	0	22.12444444444445	67.04278374363157	FLNA
256	GO_Biological_Process_2023	Cytoplasmic Sequestering Of Transcription Factor (GO:0042994)	1/13	0.0483031547149421	0.1359228307094883	0	0	22.12444444444445	67.04278374363157	TMSB4X
257	GO_Biological_Process_2023	Negative Regulation Of Cartilage Development (GO:0061037)	1/13	0.0483031547149421	0.1359228307094883	0	0	22.12444444444445	67.04278374363157	EFEMP1
258	GO_Biological_Process_2023	Negative Regulation Of Amide Metabolic Process (GO:0034249)	2/93	0.0488293842632851	0.1368731002901351	0	0	5.89040689040689	17.785630107821	CALR;GAPDH
259	GO_Biological_Process_2023	Positive Regulation Of Intracellular Signal Transduction (GO:1902533)	5/525	0.0494718189015956	0.1375742077179447	0	0	2.6278439869989167	7.900224253700012	VWF;FLNA;IGFBP6;PPIA;GAPDH
260	GO_Biological_Process_2023	Positive Regulation Of Epithelial Cell Migration (GO:0010634)	2/95	0.0507191283896874	0.1375742077179447	0	0	5.763150247021215	17.18255671634743	CALR;PFN1
261	GO_Biological_Process_2023	Regulation Of Macroautophagy (GO:0016241)	2/96	0.0516738181926809	0.1375742077179447	0	0	5.701552616446233	16.89258314724502	QSOX1;GAPDH
262	GO_Biological_Process_2023	Regulation Of Endothelial Cell Chemotaxis (GO:2001026)	1/14	0.0519219461635218	0.1375742077179447	0	0	20.42153846153846	60.40719102216577	TMSB4X
263	GO_Biological_Process_2023	Regulation Of Establishment Of Protein Localization (GO:0070201)	1/14	0.0519219461635218	0.1375742077179447	0	0	20.42153846153846	60.40719102216577	CTSD
264	GO_Biological_Process_2023	Regulation Of Extracellular Matrix Disassembly (GO:0010715)	1/14	0.0519219461635218	0.1375742077179447	0	0	20.42153846153846	60.40719102216577	CST3
265	GO_Biological_Process_2023	Negative Regulation Of Peptidyl-Threonine Phosphorylation (GO:0010801)	1/14	0.0519219461635218	0.1375742077179447	0	0	20.42153846153846	60.40719102216577	CALM1
266	GO_Biological_Process_2023	Negative Regulation Of Transcription Regulatory Region DNA Binding (GO:2000678)	1/14	0.0519219461635218	0.1375742077179447	0	0	20.42153846153846	60.40719102216577	TMSB4X
267	GO_Biological_Process_2023	Prostanoid Biosynthetic Process (GO:0046457)	1/14	0.0519219461635218	0.1375742077179447	0	0	20.42153846153846	60.40719102216577	PTGDS
268	GO_Biological_Process_2023	Cellular Response To ATP (GO:0071318)	1/14	0.0519219461635218	0.1375742077179447	0	0	20.42153846153846	60.40719102216577	HSP90B1
269	GO_Biological_Process_2023	Regulation Of Superoxide Anion Generation (GO:0032928)	1/14	0.0519219461635218	0.1375742077179447	0	0	20.42153846153846	60.40719102216577	CRP
270	GO_Biological_Process_2023	Regulation Of ATP Biosynthetic Process (GO:2001169)	1/14	0.0519219461635218	0.1375742077179447	0	0	20.42153846153846	60.40719102216577	TMSB4X
271	GO_Biological_Process_2023	Ceramide Transport (GO:0035627)	1/14	0.0519219461635218	0.1375742077179447	0	0	20.42153846153846	60.40719102216577	PLTP
272	GO_Biological_Process_2023	Positive Regulation Of Endothelial Cell Chemotaxis (GO:2001028)	1/14	0.0519219461635218	0.1375742077179447	0	0	20.42153846153846	60.40719102216577	TMSB4X
273	GO_Biological_Process_2023	Negative Regulation Of Chondrocyte Differentiation (GO:0032331)	1/14	0.0519219461635218	0.1375742077179447	0	0	20.42153846153846	60.40719102216577	EFEMP1
274	GO_Biological_Process_2023	Monocarboxylic Acid Metabolic Process (GO:0032787)	2/97	0.0526349706456731	0.1389563225045771	0	0	5.641251778093883	16.609958103366875	LDHB;LDHA
275	GO_Biological_Process_2023	Negative Regulation Of Cellular Process (GO:0048523)	5/537	0.053539452697589	0.1404889265252747	0	0	2.5669808323625967	7.5144165910412735	COL18A1;FBLN1;IGFBP7;IGFBP6;ACTB
276	GO_Biological_Process_2023	Negative Regulation Of Macromolecule Biosynthetic Process (GO:0010558)	2/98	0.0536025243078527	0.1404889265252747	0	0	5.582207207207207	16.33442651078147	CALR;GAPDH
277	GO_Biological_Process_2023	Epiboly Involved In Wound Healing (GO:0090505)	1/15	0.0555271580205681	0.1409535549752884	0	0	18.96190476190476	54.81664896212504	FLNA
278	GO_Biological_Process_2023	Gas Transport (GO:0015669)	1/15	0.0555271580205681	0.1409535549752884	0	0	18.96190476190476	54.81664896212504	CA2
279	GO_Biological_Process_2023	High-Density Lipoprotein Particle Remodeling (GO:0034375)	1/15	0.0555271580205681	0.1409535549752884	0	0	18.96190476190476	54.81664896212504	PLTP
280	GO_Biological_Process_2023	Positive Regulation Of Potassium Ion Transport (GO:0043268)	1/15	0.0555271580205681	0.1409535549752884	0	0	18.96190476190476	54.81664896212504	FLNA
281	GO_Biological_Process_2023	Positive Regulation Of Transmembrane Transport (GO:0034764)	1/15	0.0555271580205681	0.1409535549752884	0	0	18.96190476190476	54.81664896212504	CA2
282	GO_Biological_Process_2023	Protein Localization To Cell-Cell Junction (GO:0150105)	1/15	0.0555271580205681	0.1409535549752884	0	0	18.96190476190476	54.81664896212504	ACTG1
283	GO_Biological_Process_2023	Receptor Catabolic Process (GO:0032801)	1/15	0.0555271580205681	0.1409535549752884	0	0	18.96190476190476	54.81664896212504	PCSK9
284	GO_Biological_Process_2023	Positive Regulation Of Cell Activation (GO:0050867)	1/15	0.0555271580205681	0.1409535549752884	0	0	18.96190476190476	54.81664896212504	FLNA
285	GO_Biological_Process_2023	Endoplasmic Reticulum To Cytosol Transport (GO:1903513)	1/15	0.0555271580205681	0.1409535549752884	0	0	18.96190476190476	54.81664896212504	HSP90B1
286	GO_Biological_Process_2023	Apoptotic Process (GO:0006915)	3/228	0.0560684443470964	0.1418316745504949	0	0	3.5979908675799086	10.36646693424599	CD14;PPIA;GAPDH
287	GO_Biological_Process_2023	Visual Perception (GO:0007601)	2/101	0.0565429836944765	0.1425354380631597	0	0	5.412230412230413	15.548007413847964	COL18A1;EFEMP1
288	GO_Biological_Process_2023	Sensory Perception Of Light Stimulus (GO:0050953)	2/102	0.0575355351248888	0.1445356349504128	0	0	5.357837837837838	15.298515771440584	COL18A1;EFEMP1
289	GO_Biological_Process_2023	Establishment Of Protein Localization To Endoplasmic Reticulum (GO:0072599)	1/16	0.0591188405269398	0.1459873408930556	0	0	17.69688888888889	50.05044051882733	MAN1A1
290	GO_Biological_Process_2023	Regulation Of Establishment Of Endothelial Barrier (GO:1903140)	1/16	0.0591188405269398	0.1459873408930556	0	0	17.69688888888889	50.05044051882733	VCL
291	GO_Biological_Process_2023	Protein Alpha-1,2-Demannosylation (GO:0036508)	1/16	0.0591188405269398	0.1459873408930556	0	0	17.69688888888889	50.05044051882733	MAN1A1
292	GO_Biological_Process_2023	Regulation Of Stem Cell Proliferation (GO:0072091)	1/16	0.0591188405269398	0.1459873408930556	0	0	17.69688888888889	50.05044051882733	FBLN1
293	GO_Biological_Process_2023	Regulation Of Cardiac Muscle Contraction By Regulation Of The Release Of Sequestered Calcium Ion (GO:0010881)	1/16	0.0591188405269398	0.1459873408930556	0	0	17.69688888888889	50.05044051882733	CALM1
294	GO_Biological_Process_2023	Negative Regulation Of MAPK Cascade (GO:0043409)	2/105	0.0605495493705352	0.1490134672644358	0	0	5.200997113618473	14.585121105652236	FBLN1;PPIA
295	GO_Biological_Process_2023	Negative Regulation Of Translation (GO:0017148)	2/107	0.0625886037178123	0.1492395205165111	0	0	5.101415701415702	14.1369006923129	CALR;GAPDH
296	GO_Biological_Process_2023	Negative Regulation Of Interleukin-8 Production (GO:0032717)	1/17	0.0626970437431623	0.1492395205165111	0	0	16.59	45.94502588618206	TMSB4X
297	GO_Biological_Process_2023	Negative Regulation Of Oxidative Stress-Induced Intrinsic Apoptotic Signaling Pathway (GO:1902176)	1/17	0.0626970437431623	0.1492395205165111	0	0	16.59	45.94502588618206	PPIA
298	GO_Biological_Process_2023	Positive Regulation Of Potassium Ion Transmembrane Transport (GO:1901381)	1/17	0.0626970437431623	0.1492395205165111	0	0	16.59	45.94502588618206	FLNA
299	GO_Biological_Process_2023	Leukocyte Tethering Or Rolling (GO:0050901)	1/17	0.0626970437431623	0.1492395205165111	0	0	16.59	45.94502588618206	VCAM1
300	GO_Biological_Process_2023	Prostaglandin Biosynthetic Process (GO:0001516)	1/17	0.0626970437431623	0.1492395205165111	0	0	16.59	45.94502588618206	PTGDS
301	GO_Biological_Process_2023	Carbohydrate Derivative Transport (GO:1901264)	1/17	0.0626970437431623	0.1492395205165111	0	0	16.59	45.94502588618206	PLTP
302	GO_Biological_Process_2023	Regulation Of Receptor Recycling (GO:0001919)	1/17	0.0626970437431623	0.1492395205165111	0	0	16.59	45.94502588618206	PCSK9
303	GO_Biological_Process_2023	Megakaryocyte Differentiation (GO:0030219)	1/17	0.0626970437431623	0.1492395205165111	0	0	16.59	45.94502588618206	FLNA
304	GO_Biological_Process_2023	Retrograde Protein Transport, ER To Cytosol (GO:0030970)	1/17	0.0626970437431623	0.1492395205165111	0	0	16.59	45.94502588618206	HSP90B1
305	GO_Biological_Process_2023	Cellular Response To Salt (GO:1902075)	2/109	0.0646508845753872	0.1522344289322801	0	0	5.005556958827987	13.70898659704442	CDH1;HSP90B1
306	GO_Biological_Process_2023	Negative Regulation Of Lipid Storage (GO:0010888)	1/18	0.0662618175517913	0.1522344289322801	0	0	15.613333333333332	42.376795202067306	CRP
307	GO_Biological_Process_2023	Negative Regulation Of Nervous System Development (GO:0051961)	1/18	0.0662618175517913	0.1522344289322801	0	0	15.613333333333332	42.376795202067306	B2M
308	GO_Biological_Process_2023	Positive Regulation Of Phosphoprotein Phosphatase Activity (GO:0032516)	1/18	0.0662618175517913	0.1522344289322801	0	0	15.613333333333332	42.376795202067306	CALM1
309	GO_Biological_Process_2023	Positive Regulation Of Stress-Activated Protein Kinase Signaling Cascade (GO:0070304)	1/18	0.0662618175517913	0.1522344289322801	0	0	15.613333333333332	42.376795202067306	IGFBP6
310	GO_Biological_Process_2023	Neutrophil Activation (GO:0042119)	1/18	0.0662618175517913	0.1522344289322801	0	0	15.613333333333332	42.376795202067306	CAMP
311	GO_Biological_Process_2023	Regulation Of Oxidative Stress-Induced Intrinsic Apoptotic Signaling Pathway (GO:1902175)	1/18	0.0662618175517913	0.1522344289322801	0	0	15.613333333333332	42.376795202067306	PPIA
312	GO_Biological_Process_2023	Protein Autoprocessing (GO:0016540)	1/18	0.0662618175517913	0.1522344289322801	0	0	15.613333333333332	42.376795202067306	PCSK9
313	GO_Biological_Process_2023	Maintenance Of Gastrointestinal Epithelium (GO:0030277)	1/18	0.0662618175517913	0.1522344289322801	0	0	15.613333333333332	42.376795202067306	SERPINA3
314	GO_Biological_Process_2023	Peptide Antigen Assembly With MHC Protein Complex (GO:0002501)	1/18	0.0662618175517913	0.1522344289322801	0	0	15.613333333333332	42.376795202067306	CALR
315	GO_Biological_Process_2023	Positive Regulation Of Cation Transmembrane Transport (GO:1904064)	1/18	0.0662618175517913	0.1522344289322801	0	0	15.613333333333332	42.376795202067306	FLNA
316	GO_Biological_Process_2023	Regulation Of Protein Serine/Threonine Kinase Activity (GO:0071900)	2/112	0.0677868530570091	0.1547586645263792	0	0	4.868304668304669	13.102491947685085	CALM1;ACTB
317	GO_Biological_Process_2023	Negative Regulation Of Defense Response (GO:0031348)	2/112	0.0677868530570091	0.1547586645263792	0	0	4.868304668304669	13.102491947685085	SAA1;YWHAZ
318	GO_Biological_Process_2023	Cellular Response To Oxygen-Containing Compound (GO:1901701)	4/406	0.0688018451486411	0.1552023797941417	0	0	2.697899391929243	7.2209944021113825	CDH1;CD14;ACTB;HSP90B1
319	GO_Biological_Process_2023	Epithelial Structure Maintenance (GO:0010669)	1/19	0.0698132116714254	0.1552023797941417	0	0	14.745185185185186	39.25068041075836	SERPINA3
320	GO_Biological_Process_2023	Eye Morphogenesis (GO:0048592)	1/19	0.0698132116714254	0.1552023797941417	0	0	14.745185185185186	39.25068041075836	EFEMP1
321	GO_Biological_Process_2023	Negative Regulation Of Leukocyte Cell-Cell Adhesion (GO:1903038)	1/19	0.0698132116714254	0.1552023797941417	0	0	14.745185185185186	39.25068041075836	FGL1
322	GO_Biological_Process_2023	N-glycan Processing (GO:0006491)	1/19	0.0698132116714254	0.1552023797941417	0	0	14.745185185185186	39.25068041075836	MAN1A1
323	GO_Biological_Process_2023	Neuron Apoptotic Process (GO:0051402)	1/19	0.0698132116714254	0.1552023797941417	0	0	14.745185185185186	39.25068041075836	GAPDH
324	GO_Biological_Process_2023	Regulation Of Tissue Remodeling (GO:0034103)	1/19	0.0698132116714254	0.1552023797941417	0	0	14.745185185185186	39.25068041075836	CST3
325	GO_Biological_Process_2023	Positive Regulation Of Activated T Cell Proliferation (GO:0042104)	1/19	0.0698132116714254	0.1552023797941417	0	0	14.745185185185186	39.25068041075836	IGFBP2
326	GO_Biological_Process_2023	Negative Regulation Of Canonical Wnt Signaling Pathway (GO:0090090)	2/114	0.0699052041221547	0.1552023797941417	0	0	4.780888030888031	12.720103276285634	IGFBP2;IGFBP6
327	GO_Biological_Process_2023	Regulation Of Cell Population Proliferation (GO:0042127)	6/766	0.0709421941990137	0.1570244908185486	0	0	2.1613533834586467	5.718703087116596	COL18A1;IGFBP7;CALR;TIMP1;IGFBP6;ACTB
328	GO_Biological_Process_2023	Protein Processing (GO:0016485)	2/117	0.0731231752960522	0.1584911490869282	0	0	4.655464159811986	12.17687827100064	PCSK9;CPN1
329	GO_Biological_Process_2023	Negative Regulation Of Viral Life Cycle (GO:1903901)	1/20	0.0733512756104792	0.1584911490869282	0	0	13.968421052631578	36.49243551909278	PPIA
330	GO_Biological_Process_2023	Regulation Of Phosphatase Activity (GO:0010921)	1/20	0.0733512756104792	0.1584911490869282	0	0	13.968421052631578	36.49243551909278	HSP90B1
331	GO_Biological_Process_2023	Calcium-Mediated Signaling Using Intracellular Calcium Source (GO:0035584)	1/20	0.0733512756104792	0.1584911490869282	0	0	13.968421052631578	36.49243551909278	VCAM1
332	GO_Biological_Process_2023	Regulation Of Protein Localization To Cell Periphery (GO:1904375)	1/20	0.0733512756104792	0.1584911490869282	0	0	13.968421052631578	36.49243551909278	ACTB
333	GO_Biological_Process_2023	Response To ATP (GO:0033198)	1/20	0.0733512756104792	0.1584911490869282	0	0	13.968421052631578	36.49243551909278	HSP90B1
334	GO_Biological_Process_2023	Regulation Of Cardiac Muscle Contraction By Calcium Ion Signaling (GO:0010882)	1/20	0.0733512756104792	0.1584911490869282	0	0	13.968421052631578	36.49243551909278	CALM1
335	GO_Biological_Process_2023	Endothelial Cell Development (GO:0001885)	1/20	0.0733512756104792	0.1584911490869282	0	0	13.968421052631578	36.49243551909278	ICAM1
336	GO_Biological_Process_2023	Regulation Of Protein Binding (GO:0043393)	2/118	0.0742063978531649	0.1598630410723969	0	0	4.615097856477167	12.003430666225851	CFHR2;B2M
337	GO_Biological_Process_2023	Positive Regulation Of Natural Killer Cell Mediated Cytotoxicity (GO:0045954)	1/21	0.0768760587319411	0.1631930369572785	0	0	13.269333333333334	34.043281187726755	PVR
338	GO_Biological_Process_2023	Regulation Of Lipid Storage (GO:0010883)	1/21	0.0768760587319411	0.1631930369572785	0	0	13.269333333333334	34.043281187726755	CRP
339	GO_Biological_Process_2023	Regulation Of Membrane Protein Ectodomain Proteolysis (GO:0051043)	1/21	0.0768760587319411	0.1631930369572785	0	0	13.269333333333334	34.043281187726755	TIMP1
340	GO_Biological_Process_2023	Innate Immune Response In Mucosa (GO:0002227)	1/21	0.0768760587319411	0.1631930369572785	0	0	13.269333333333334	34.043281187726755	CAMP
341	GO_Biological_Process_2023	Regulation Of Cell-Substrate Junction Assembly (GO:0090109)	1/21	0.0768760587319411	0.1631930369572785	0	0	13.269333333333334	34.043281187726755	VCL
342	GO_Biological_Process_2023	Negative Regulation Of Macroautophagy (GO:0016242)	1/22	0.0803876102053849	0.1653297592326048	0	0	12.636825396825396	31.85611269580601	QSOX1
343	GO_Biological_Process_2023	Negative Regulation Of Protein Localization To Nucleus (GO:1900181)	1/22	0.0803876102053849	0.1653297592326048	0	0	12.636825396825396	31.85611269580601	YWHAZ
344	GO_Biological_Process_2023	Positive Regulation Of Phosphatase Activity (GO:0010922)	1/22	0.0803876102053849	0.1653297592326048	0	0	12.636825396825396	31.85611269580601	CALM1
345	GO_Biological_Process_2023	Positive Regulation Of Protein Autophosphorylation (GO:0031954)	1/22	0.0803876102053849	0.1653297592326048	0	0	12.636825396825396	31.85611269580601	CALM1
346	GO_Biological_Process_2023	Positive Regulation Of Receptor Internalization (GO:0002092)	1/22	0.0803876102053849	0.1653297592326048	0	0	12.636825396825396	31.85611269580601	PCSK9
347	GO_Biological_Process_2023	Regulation Of Release Of Sequestered Calcium Ion Into Cytosol By Sarcoplasmic Reticulum (GO:0010880)	1/22	0.0803876102053849	0.1653297592326048	0	0	12.636825396825396	31.85611269580601	CALM1
348	GO_Biological_Process_2023	Protein Peptidyl-Prolyl Isomerization (GO:0000413)	1/22	0.0803876102053849	0.1653297592326048	0	0	12.636825396825396	31.85611269580601	PPIA
349	GO_Biological_Process_2023	Cellular Response To Interferon-Beta (GO:0035458)	1/22	0.0803876102053849	0.1653297592326048	0	0	12.636825396825396	31.85611269580601	CALM1
350	GO_Biological_Process_2023	Positive Regulation Of Cholesterol Efflux (GO:0010875)	1/22	0.0803876102053849	0.1653297592326048	0	0	12.636825396825396	31.85611269580601	PLTP
351	GO_Biological_Process_2023	Negative Regulation Of Cell Development (GO:0010721)	1/22	0.0803876102053849	0.1653297592326048	0	0	12.636825396825396	31.85611269580601	B2M
352	GO_Biological_Process_2023	Regulation Of Cardiac Muscle Cell Membrane Repolarization (GO:0099623)	1/22	0.0803876102053849	0.1653297592326048	0	0	12.636825396825396	31.85611269580601	FLNA
353	GO_Biological_Process_2023	Response To Cytokine (GO:0034097)	2/125	0.0819313428076467	0.1680286860970382	0	0	4.350911887497253	10.885431871233092	ITIH4;TIMP1
354	GO_Biological_Process_2023	Positive Regulation Of Intracellular Protein Transport (GO:0090316)	2/126	0.0830546126412267	0.1687014426072562	0	0	4.315605928509155	10.738336246265447	CDH1;FLNA
355	GO_Biological_Process_2023	Negative Regulation Of Lymphocyte Activation (GO:0051250)	1/23	0.0838859790374924	0.1687014426072562	0	0	12.061818181818182	29.892765337545285	FGL1
356	GO_Biological_Process_2023	Negative Regulation Of Oxidative Stress-Induced Cell Death (GO:1903202)	1/23	0.0838859790374924	0.1687014426072562	0	0	12.061818181818182	29.892765337545285	PPIA
357	GO_Biological_Process_2023	Positive Regulation Of Neuron Apoptotic Process (GO:0043525)	1/23	0.0838859790374924	0.1687014426072562	0	0	12.061818181818182	29.892765337545285	PCSK9
358	GO_Biological_Process_2023	Hepaticobiliary System Development (GO:0061008)	1/23	0.0838859790374924	0.1687014426072562	0	0	12.061818181818182	29.892765337545285	PCSK9
359	GO_Biological_Process_2023	Protein Targeting To ER (GO:0045047)	1/23	0.0838859790374924	0.1687014426072562	0	0	12.061818181818182	29.892765337545285	MAN1A1
360	GO_Biological_Process_2023	Regulation Of Toll-Like Receptor 4 Signaling Pathway (GO:0034143)	1/23	0.0838859790374924	0.1687014426072562	0	0	12.061818181818182	29.892765337545285	CD14
361	GO_Biological_Process_2023	Protein Homooligomerization (GO:0051260)	2/129	0.0864528388279059	0.1700576444756525	0	0	4.213024047669717	10.314141067718786	C9;B2M
362	GO_Biological_Process_2023	Regulation Of Cysteine-Type Endopeptidase Activity (GO:2000116)	1/24	0.0873712140350116	0.1700576444756525	0	0	11.5368115942029	28.122009760714384	CST3
363	GO_Biological_Process_2023	Negative Regulation Of Ion Transmembrane Transporter Activity (GO:0032413)	1/24	0.0873712140350116	0.1700576444756525	0	0	11.5368115942029	28.122009760714384	PCSK9
364	GO_Biological_Process_2023	Positive Regulation Of Natural Killer Cell Mediated Immunity (GO:0002717)	1/24	0.0873712140350116	0.1700576444756525	0	0	11.5368115942029	28.122009760714384	PVR
365	GO_Biological_Process_2023	Positive Regulation Of Peptidyl-Threonine Phosphorylation (GO:0010800)	1/24	0.0873712140350116	0.1700576444756525	0	0	11.5368115942029	28.122009760714384	CALM1
366	GO_Biological_Process_2023	Iron Ion Transport (GO:0006826)	1/24	0.0873712140350116	0.1700576444756525	0	0	11.5368115942029	28.122009760714384	CP
367	GO_Biological_Process_2023	Positive Regulation Of Transforming Growth Factor Beta Receptor Signaling Pathway (GO:0030511)	1/24	0.0873712140350116	0.1700576444756525	0	0	11.5368115942029	28.122009760714384	LRG1
368	GO_Biological_Process_2023	Protein Exit From Endoplasmic Reticulum (GO:0032527)	1/24	0.0873712140350116	0.1700576444756525	0	0	11.5368115942029	28.122009760714384	HSP90B1
369	GO_Biological_Process_2023	Regulation Of Ruffle Assembly (GO:1900027)	1/24	0.0873712140350116	0.1700576444756525	0	0	11.5368115942029	28.122009760714384	PFN1
370	GO_Biological_Process_2023	Regulation Of Ryanodine-Sensitive Calcium-Release Channel Activity (GO:0060314)	1/24	0.0873712140350116	0.1700576444756525	0	0	11.5368115942029	28.122009760714384	CALM1
371	GO_Biological_Process_2023	Regulation Of Viral Life Cycle (GO:1903900)	1/24	0.0873712140350116	0.1700576444756525	0	0	11.5368115942029	28.122009760714384	PPIA
372	GO_Biological_Process_2023	Positive Regulation Of Cellular Response To Transforming Growth Factor Beta Stimulus (GO:1903846)	1/24	0.0873712140350116	0.1700576444756525	0	0	11.5368115942029	28.122009760714384	LRG1
373	GO_Biological_Process_2023	Regulation Of Chondrocyte Differentiation (GO:0032330)	1/25	0.0908433638322228	0.1735586372162994	0	0	11.055555555555555	26.518060438580463	EFEMP1
374	GO_Biological_Process_2023	Regulation Of Keratinocyte Proliferation (GO:0010837)	1/25	0.0908433638322228	0.1735586372162994	0	0	11.055555555555555	26.518060438580463	LRG1
375	GO_Biological_Process_2023	Activation Of Protein Kinase B Activity (GO:0032148)	1/25	0.0908433638322228	0.1735586372162994	0	0	11.055555555555555	26.518060438580463	PPIA
376	GO_Biological_Process_2023	Negative Regulation Of Stress Fiber Assembly (GO:0051497)	1/25	0.0908433638322228	0.1735586372162994	0	0	11.055555555555555	26.518060438580463	PFN1
377	GO_Biological_Process_2023	Lamellipodium Assembly (GO:0030032)	1/25	0.0908433638322228	0.1735586372162994	0	0	11.055555555555555	26.518060438580463	VCL
378	GO_Biological_Process_2023	Organophosphate Ester Transport (GO:0015748)	1/25	0.0908433638322228	0.1735586372162994	0	0	11.055555555555555	26.518060438580463	PLTP
379	GO_Biological_Process_2023	Regulation Of Synapse Organization (GO:0050807)	1/25	0.0908433638322228	0.1735586372162994	0	0	11.055555555555555	26.518060438580463	YWHAZ
380	GO_Biological_Process_2023	Cellular Response To Metal Ion (GO:0071248)	2/135	0.0933726112036869	0.1750987167106713	0	0	4.021743548059337	9.536186245667489	CDH1;B2M
381	GO_Biological_Process_2023	Fc Receptor Signaling Pathway (GO:0038093)	1/26	0.0943024769061604	0.1750987167106713	0	0	10.6128	25.05945090071607	PIGR
382	GO_Biological_Process_2023	Negative Regulation Of Protein Polymerization (GO:0032272)	1/26	0.0943024769061604	0.1750987167106713	0	0	10.6128	25.05945090071607	PFN1
383	GO_Biological_Process_2023	Negative Regulation Of Receptor-Mediated Endocytosis (GO:0048261)	1/26	0.0943024769061604	0.1750987167106713	0	0	10.6128	25.05945090071607	PCSK9
384	GO_Biological_Process_2023	Antigen Processing And Presentation Of Exogenous Peptide Antigen Via MHC Class II (GO:0019886)	1/26	0.0943024769061604	0.1750987167106713	0	0	10.6128	25.05945090071607	CTSD
385	GO_Biological_Process_2023	Nucleic Acid Phosphodiester Bond Hydrolysis (GO:0090305)	1/26	0.0943024769061604	0.1750987167106713	0	0	10.6128	25.05945090071607	RNASE1
386	GO_Biological_Process_2023	Camera-Type Eye Development (GO:0043010)	1/26	0.0943024769061604	0.1750987167106713	0	0	10.6128	25.05945090071607	EFEMP1
387	GO_Biological_Process_2023	Protein Export From Nucleus (GO:0006611)	1/26	0.0943024769061604	0.1750987167106713	0	0	10.6128	25.05945090071607	CALR
388	GO_Biological_Process_2023	Cell-Cell Adhesion Mediated By Cadherin (GO:0044331)	1/26	0.0943024769061604	0.1750987167106713	0	0	10.6128	25.05945090071607	CDH1
389	GO_Biological_Process_2023	Regulation Of Actin Filament Bundle Assembly (GO:0032231)	1/26	0.0943024769061604	0.1750987167106713	0	0	10.6128	25.05945090071607	PFN1
390	GO_Biological_Process_2023	Negative Regulation Of Catalytic Activity (GO:0043086)	1/26	0.0943024769061604	0.1750987167106713	0	0	10.6128	25.05945090071607	TIMP1
391	GO_Biological_Process_2023	Protein Localization To Plasma Membrane (GO:0072659)	2/137	0.0957142835556748	0.1768156993929261	0	0	3.9617617617617618	9.295829219487588	CDH1;FLNA
392	GO_Biological_Process_2023	Negative Regulation Of Cellular Biosynthetic Process (GO:0031327)	2/137	0.0957142835556748	0.1768156993929261	0	0	3.9617617617617618	9.295829219487588	CALR;GAPDH
393	GO_Biological_Process_2023	Negative Regulation Of Neurogenesis (GO:0050768)	1/27	0.0977486015575413	0.1774137118269375	0	0	10.204102564102564	23.72817506630132	B2M
394	GO_Biological_Process_2023	T Cell Activation Involved In Immune Response (GO:0002286)	1/27	0.0977486015575413	0.1774137118269375	0	0	10.204102564102564	23.72817506630132	ICAM1
395	GO_Biological_Process_2023	Peptidyl-Proline Modification (GO:0018208)	1/27	0.0977486015575413	0.1774137118269375	0	0	10.204102564102564	23.72817506630132	PPIA
396	GO_Biological_Process_2023	Myeloid Cell Development (GO:0061515)	1/27	0.0977486015575413	0.1774137118269375	0	0	10.204102564102564	23.72817506630132	FLNA
397	GO_Biological_Process_2023	Positive Regulation Of Calcium Ion Transmembrane Transporter Activity (GO:1901021)	1/27	0.0977486015575413	0.1774137118269375	0	0	10.204102564102564	23.72817506630132	CALM1
398	GO_Biological_Process_2023	Negative Regulation Of NIK/NF-kappaB Signaling (GO:1901223)	1/27	0.0977486015575413	0.1774137118269375	0	0	10.204102564102564	23.72817506630132	TMSB4X
399	GO_Biological_Process_2023	Regulation Of Actin Polymerization Or Depolymerization (GO:0008064)	1/27	0.0977486015575413	0.1774137118269375	0	0	10.204102564102564	23.72817506630132	PFN1
400	GO_Biological_Process_2023	Negative Regulation Of Wnt Signaling Pathway (GO:0030178)	2/140	0.0992583435338061	0.17916579643673	0	0	3.875048962005484	8.951476629993053	IGFBP2;IGFBP6
401	GO_Biological_Process_2023	Establishment Of Endothelial Barrier (GO:0061028)	1/28	0.1011817858664728	0.17916579643673	0	0	9.82567901234568	22.509024314139115	ICAM1
402	GO_Biological_Process_2023	RNA Phosphodiester Bond Hydrolysis (GO:0090501)	1/28	0.1011817858664728	0.17916579643673	0	0	9.82567901234568	22.509024314139115	RNASE1
403	GO_Biological_Process_2023	Negative Regulation Of Signaling (GO:0023057)	1/28	0.1011817858664728	0.17916579643673	0	0	9.82567901234568	22.509024314139115	PCSK9
404	GO_Biological_Process_2023	Antigen Processing And Presentation Of Peptide Antigen Via MHC Class II (GO:0002495)	1/28	0.1011817858664728	0.17916579643673	0	0	9.82567901234568	22.509024314139115	CTSD
405	GO_Biological_Process_2023	Regulation Of Platelet Activation (GO:0010543)	1/28	0.1011817858664728	0.17916579643673	0	0	9.82567901234568	22.509024314139115	FLNA
406	GO_Biological_Process_2023	Regulation Of Protein Transport (GO:0051223)	1/28	0.1011817858664728	0.17916579643673	0	0	9.82567901234568	22.509024314139115	SAA1
407	GO_Biological_Process_2023	Negative Regulation Of Actin Filament Bundle Assembly (GO:0032232)	1/28	0.1011817858664728	0.17916579643673	0	0	9.82567901234568	22.509024314139115	PFN1
408	GO_Biological_Process_2023	Regulation Of Cardiac Muscle Cell Action Potential (GO:0098901)	1/28	0.1011817858664728	0.17916579643673	0	0	9.82567901234568	22.509024314139115	CALM1
409	GO_Biological_Process_2023	Negative Regulation Of Cytoskeleton Organization (GO:0051494)	1/28	0.1011817858664728	0.17916579643673	0	0	9.82567901234568	22.509024314139115	PFN1
410	GO_Biological_Process_2023	Protein Localization To Cell Periphery (GO:1990778)	2/142	0.1016415282944718	0.1795419696880452	0	0	3.8193050193050193	8.732088845498977	CDH1;FLNA
411	GO_Biological_Process_2023	Regulation Of Cell Adhesion (GO:0030155)	2/144	0.104040656734529	0.1816772930076463	0	0	3.76513132851161	8.520392518690185	SAA1;FBLN1
412	GO_Biological_Process_2023	Heterotypic Cell-Cell Adhesion (GO:0034113)	1/29	0.1046020777922812	0.1816772930076463	0	0	9.474285714285717	21.389070339886597	VCAM1
413	GO_Biological_Process_2023	Positive Regulation Of Viral Genome Replication (GO:0045070)	1/29	0.1046020777922812	0.1816772930076463	0	0	9.474285714285717	21.389070339886597	PPIA
414	GO_Biological_Process_2023	Lipid Droplet Organization (GO:0034389)	1/29	0.1046020777922812	0.1816772930076463	0	0	9.474285714285717	21.389070339886597	PPIA
415	GO_Biological_Process_2023	Regulation Of Striated Muscle Contraction (GO:0006942)	1/29	0.1046020777922812	0.1816772930076463	0	0	9.474285714285717	21.389070339886597	CALM1
416	GO_Biological_Process_2023	Response To Interferon-Beta (GO:0035456)	1/29	0.1046020777922812	0.1816772930076463	0	0	9.474285714285717	21.389070339886597	CALM1
417	GO_Biological_Process_2023	Defense Response To Fungus (GO:0050832)	1/29	0.1046020777922812	0.1816772930076463	0	0	9.474285714285717	21.389070339886597	GAPDH
418	GO_Biological_Process_2023	Negative Regulation Of Response To External Stimulus (GO:0032102)	2/146	0.1064553579483438	0.1844548684260087	0	0	3.7124624624624625	8.316025641102556	SAA1;YWHAZ
419	GO_Biological_Process_2023	Regulation Of Macrophage Derived Foam Cell Differentiation (GO:0010743)	1/30	0.1080095250991305	0.1853780501701389	0	0	9.14712643678161	20.3572579045293	CRP
420	GO_Biological_Process_2023	Lamellipodium Organization (GO:0097581)	1/30	0.1080095250991305	0.1853780501701389	0	0	9.14712643678161	20.3572579045293	VCL
421	GO_Biological_Process_2023	Prostaglandin Metabolic Process (GO:0006693)	1/30	0.1080095250991305	0.1853780501701389	0	0	9.14712643678161	20.3572579045293	PTGDS
422	GO_Biological_Process_2023	Negative Regulation Of Calcium Ion Transmembrane Transporter Activity (GO:1901020)	1/30	0.1080095250991305	0.1853780501701389	0	0	9.14712643678161	20.3572579045293	CALM1
423	GO_Biological_Process_2023	Positive Regulation Of Gene Expression (GO:0010628)	4/480	0.1098722415826606	0.1876552930947402	0	0	2.2698412698412698	5.012801508775526	CRP;SAA1;GAPDH;ACTG1
424	GO_Biological_Process_2023	Negative Regulation Of DNA-binding Transcription Factor Activity (GO:0043433)	2/149	0.110105808584407	0.1876552930947402	0	0	3.636146350432065	8.022478705642351	TMSB4X;FLNA
425	GO_Biological_Process_2023	Negative Regulation Of Intracellular Steroid Hormone Receptor Signaling Pathway (GO:0033144)	1/31	0.1114041753771805	0.1876552930947402	0	0	8.841777777777779	19.40408125999615	CALR
426	GO_Biological_Process_2023	Positive Regulation Of Leukocyte Migration (GO:0002687)	1/31	0.1114041753771805	0.1876552930947402	0	0	8.841777777777779	19.40408125999615	ICAM1
427	GO_Biological_Process_2023	Positive Regulation Of Mononuclear Cell Migration (GO:0071677)	1/31	0.1114041753771805	0.1876552930947402	0	0	8.841777777777779	19.40408125999615	CALR
428	GO_Biological_Process_2023	Antigen Processing And Presentation Of Exogenous Peptide Antigen (GO:0002478)	1/31	0.1114041753771805	0.1876552930947402	0	0	8.841777777777779	19.40408125999615	CTSD
429	GO_Biological_Process_2023	Regulation Of Protein Autophosphorylation (GO:0031952)	1/31	0.1114041753771805	0.1876552930947402	0	0	8.841777777777779	19.40408125999615	CALM1
430	GO_Biological_Process_2023	Positive Regulation Of Cholesterol Transport (GO:0032376)	1/31	0.1114041753771805	0.1876552930947402	0	0	8.841777777777779	19.40408125999615	PLTP
431	GO_Biological_Process_2023	Regulation Of Cholesterol Efflux (GO:0010874)	1/32	0.1147860760194061	0.1902618520321664	0	0	8.556129032258065	18.52132495692828	PLTP
432	GO_Biological_Process_2023	Transition Metal Ion Transport (GO:0000041)	1/32	0.1147860760194061	0.1902618520321664	0	0	8.556129032258065	18.52132495692828	CP
433	GO_Biological_Process_2023	Amide Transport (GO:0042886)	1/32	0.1147860760194061	0.1902618520321664	0	0	8.556129032258065	18.52132495692828	PLTP
434	GO_Biological_Process_2023	Regulation Of Natural Killer Cell Mediated Cytotoxicity (GO:0042269)	1/32	0.1147860760194061	0.1902618520321664	0	0	8.556129032258065	18.52132495692828	PVR
435	GO_Biological_Process_2023	Regulation Of Transcription By RNA Polymerase I (GO:0006356)	1/32	0.1147860760194061	0.1902618520321664	0	0	8.556129032258065	18.52132495692828	FLNA
436	GO_Biological_Process_2023	Regulation Of Transmembrane Transport (GO:0034762)	1/32	0.1147860760194061	0.1902618520321664	0	0	8.556129032258065	18.52132495692828	ACTB
437	GO_Biological_Process_2023	Regulation Of Calcium Ion Transmembrane Transporter Activity (GO:1901019)	1/32	0.1147860760194061	0.1902618520321664	0	0	8.556129032258065	18.52132495692828	CALM1
438	GO_Biological_Process_2023	Epithelium Development (GO:0060429)	2/154	0.1162626313296574	0.1922703196932375	0	0	3.515647226173542	7.565333865443248	VCL;CTSB
439	GO_Biological_Process_2023	Actin Filament Bundle Assembly (GO:0051017)	1/33	0.118155274306829	0.1927656834758603	0	0	8.288333333333334	17.701854626205957	HSP90B1
440	GO_Biological_Process_2023	Positive Regulation Of Release Of Sequestered Calcium Ion Into Cytosol (GO:0051281)	1/33	0.118155274306829	0.1927656834758603	0	0	8.288333333333334	17.701854626205957	CALM1
441	GO_Biological_Process_2023	Regulation Of Potassium Ion Transmembrane Transport (GO:1901379)	1/33	0.118155274306829	0.1927656834758603	0	0	8.288333333333334	17.701854626205957	FLNA
442	GO_Biological_Process_2023	Regulation Of Protein Polymerization (GO:0032271)	1/33	0.118155274306829	0.1927656834758603	0	0	8.288333333333334	17.701854626205957	PFN1
443	GO_Biological_Process_2023	Positive Regulation Of T Cell Mediated Cytotoxicity (GO:0001916)	1/33	0.118155274306829	0.1927656834758603	0	0	8.288333333333334	17.701854626205957	PVR
444	GO_Biological_Process_2023	Regulation Of Activated T Cell Proliferation (GO:0046006)	1/33	0.118155274306829	0.1927656834758603	0	0	8.288333333333334	17.701854626205957	IGFBP2
445	GO_Biological_Process_2023	Proteasome-Mediated Ubiquitin-Dependent Protein Catabolic Process (GO:0043161)	3/319	0.1214379169141773	0.1960390652091308	0	0	2.550026010057222	5.376352741023691	MAN1A1;CALR;HSP90B1
446	GO_Biological_Process_2023	Negative Regulation Of Interleukin-6 Production (GO:0032715)	1/34	0.1215118172783869	0.1960390652091308	0	0	8.036767676767676	16.939446916298973	ORM1
447	GO_Biological_Process_2023	Positive Regulation Of Neuron Death (GO:1901216)	1/34	0.1215118172783869	0.1960390652091308	0	0	8.036767676767676	16.939446916298973	PCSK9
448	GO_Biological_Process_2023	Regulation Of Metal Ion Transport (GO:0010959)	1/34	0.1215118172783869	0.1960390652091308	0	0	8.036767676767676	16.939446916298973	B2M
449	GO_Biological_Process_2023	Semaphorin-Plexin Signaling Pathway (GO:0071526)	1/34	0.1215118172783869	0.1960390652091308	0	0	8.036767676767676	16.939446916298973	FLNA
450	GO_Biological_Process_2023	Regulation Of Cellular Senescence (GO:2000772)	1/35	0.1248557518640663	0.1996591979147844	0	0	7.8	16.22865030634214	B2M
451	GO_Biological_Process_2023	Liver Development (GO:0001889)	1/35	0.1248557518640663	0.1996591979147844	0	0	7.8	16.22865030634214	PCSK9
452	GO_Biological_Process_2023	One-Carbon Compound Transport (GO:0019755)	1/35	0.1248557518640663	0.1996591979147844	0	0	7.8	16.22865030634214	CA2
453	GO_Biological_Process_2023	Regulation Of Cardiac Muscle Contraction (GO:0055117)	1/35	0.1248557518640663	0.1996591979147844	0	0	7.8	16.22865030634214	CALM1
454	GO_Biological_Process_2023	Negative Regulation Of Sequestering Of Calcium Ion (GO:0051283)	1/36	0.1281871247597126	0.2031961846627759	0	0	7.576761904761905	15.564670508835611	FLNA
455	GO_Biological_Process_2023	Blood Vessel Diameter Maintenance (GO:0097746)	1/36	0.1281871247597126	0.2031961846627759	0	0	7.576761904761905	15.564670508835611	CRP
456	GO_Biological_Process_2023	Regulation Of Peptidyl-Threonine Phosphorylation (GO:0010799)	1/36	0.1281871247597126	0.2031961846627759	0	0	7.576761904761905	15.564670508835611	CALM1
457	GO_Biological_Process_2023	Regulation Of Receptor Internalization (GO:0002090)	1/36	0.1281871247597126	0.2031961846627759	0	0	7.576761904761905	15.564670508835611	PCSK9
458	GO_Biological_Process_2023	Protein-Containing Complex Assembly (GO:0065003)	3/328	0.1289949741194432	0.2040312662542828	0	0	2.4782718651211804	5.075455763679249	FGB;FGA;FGG
459	GO_Biological_Process_2023	Proteolysis (GO:0006508)	3/330	0.1306970050241875	0.2062739687990437	0	0	2.4628628880231243	5.011614605997403	CTSD;CTSB;CPN1
460	GO_Biological_Process_2023	Negative Regulation Of Stress-Activated MAPK Cascade (GO:0032873)	1/37	0.1315059825524281	0.2066522582966727	0	0	7.365925925925926	14.943275535371535	PPIA
461	GO_Biological_Process_2023	Regulation Of Sodium Ion Transmembrane Transporter Activity (GO:2000649)	1/37	0.1315059825524281	0.2066522582966727	0	0	7.365925925925926	14.943275535371535	PCSK9
462	GO_Biological_Process_2023	Tumor Necrosis Factor-Mediated Signaling Pathway (GO:0033209)	1/38	0.1348123716113367	0.2109348745470484	0	0	7.166486486486487	14.360716643585402	TMSB4X
463	GO_Biological_Process_2023	Calcium-Dependent Cell-Cell Adhesion Via Plasma Membrane Cell Adhesion Molecules (GO:0016339)	1/38	0.1348123716113367	0.2109348745470484	0	0	7.166486486486487	14.360716643585402	CDH1
464	GO_Biological_Process_2023	Positive Regulation Of Pattern Recognition Receptor Signaling Pathway (GO:0062208)	1/39	0.1381063381564738	0.2137850778285714	0	0	6.977543859649122	13.813662144979054	CD14
465	GO_Biological_Process_2023	Regulation Of Receptor-Mediated Endocytosis (GO:0048259)	1/39	0.1381063381564738	0.2137850778285714	0	0	6.977543859649122	13.813662144979054	B2M
466	GO_Biological_Process_2023	Positive Regulation Of ATP-dependent Activity (GO:0032781)	1/39	0.1381063381564738	0.2137850778285714	0	0	6.977543859649122	13.813662144979054	PFN1
467	GO_Biological_Process_2023	Release Of Sequestered Calcium Ion Into Cytosol (GO:0051209)	1/39	0.1381063381564738	0.2137850778285714	0	0	6.977543859649122	13.813662144979054	FLNA
468	GO_Biological_Process_2023	Negative Regulation Of Cell-Substrate Adhesion (GO:0010812)	1/39	0.1381063381564738	0.2137850778285714	0	0	6.977543859649122	13.813662144979054	FBLN1
469	GO_Biological_Process_2023	Negative Regulation Of Protein Localization (GO:1903828)	1/40	0.1413879282392794	0.2174738048765187	0	0	6.798290598290598	13.29914172209874	YWHAZ
470	GO_Biological_Process_2023	Protein Deacetylation (GO:0006476)	1/40	0.1413879282392794	0.2174738048765187	0	0	6.798290598290598	13.29914172209874	FLNA
471	GO_Biological_Process_2023	Negative Regulation Of Cell-Cell Adhesion (GO:0022408)	1/40	0.1413879282392794	0.2174738048765187	0	0	6.798290598290598	13.29914172209874	CDH1
472	GO_Biological_Process_2023	Positive Regulation Of I-kappaB kinase/NF-kappaB Signaling (GO:0043123)	2/175	0.1430013030918474	0.2194903721874868	0	0	3.0856116231838775	6.0012107861497945	FLNA;GAPDH
473	GO_Biological_Process_2023	Extracellular Matrix Organization (GO:0030198)	2/176	0.1443059933845288	0.2197094525250424	0	0	3.0677228953091022	5.938557126033418	COL18A1;QSOX1
474	GO_Biological_Process_2023	Positive Regulation Of Viral Process (GO:0048524)	1/41	0.1446571877506478	0.2197094525250424	0	0	6.628	12.814499363467858	PPIA
475	GO_Biological_Process_2023	Lymphocyte Migration (GO:0072676)	1/41	0.1446571877506478	0.2197094525250424	0	0	6.628	12.814499363467858	SAA1
476	GO_Biological_Process_2023	Positive Regulation Of Actin Filament Polymerization (GO:0030838)	1/41	0.1446571877506478	0.2197094525250424	0	0	6.628	12.814499363467858	PFN1
477	GO_Biological_Process_2023	Detection Of Chemical Stimulus Involved In Sensory Perception Of Bitter Taste (GO:0001580)	1/41	0.1446571877506478	0.2197094525250424	0	0	6.628	12.814499363467858	PIGR
478	GO_Biological_Process_2023	Negative Regulation Of Cytokine Production (GO:0001818)	2/178	0.1469230084554965	0.2226849773250324	0	0	3.0325552825552826	5.815975781594025	ORM1;TMSB4X
479	GO_Biological_Process_2023	Substantia Nigra Development (GO:0021762)	1/42	0.1479141624036626	0.2227918711723218	0	0	6.4660162601626014	12.357353409839916	CALM1
480	GO_Biological_Process_2023	Collagen Fibril Organization (GO:0030199)	1/42	0.1479141624036626	0.2227918711723218	0	0	6.4660162601626014	12.357353409839916	COL18A1
481	GO_Biological_Process_2023	Sensory Perception Of Bitter Taste (GO:0050913)	1/42	0.1479141624036626	0.2227918711723218	0	0	6.4660162601626014	12.357353409839916	PIGR
482	GO_Biological_Process_2023	Regulation Of Primary Metabolic Process (GO:0080090)	1/43	0.15115889773631	0.226738346604465	0	0	6.311746031746032	11.9255624938045	SERPINA3
483	GO_Biological_Process_2023	Regulation Of Cell-Cell Adhesion (GO:0022407)	1/43	0.15115889773631	0.226738346604465	0	0	6.311746031746032	11.9255624938045	CDH1
484	GO_Biological_Process_2023	Negative Regulation Of Immune System Process (GO:0002683)	1/44	0.1543914391423307	0.228285508792937	0	0	6.1646511627906975	11.5171963880252	AMBP
485	GO_Biological_Process_2023	Autophagosome Maturation (GO:0097352)	1/44	0.1543914391423307	0.228285508792937	0	0	6.1646511627906975	11.5171963880252	CALM1
486	GO_Biological_Process_2023	Lymphocyte Chemotaxis (GO:0048247)	1/44	0.1543914391423307	0.228285508792937	0	0	6.1646511627906975	11.5171963880252	SAA1
487	GO_Biological_Process_2023	Regulation Of Transport (GO:0051049)	1/44	0.1543914391423307	0.228285508792937	0	0	6.1646511627906975	11.5171963880252	ACTG1
488	GO_Biological_Process_2023	Mitotic Spindle Assembly (GO:0090307)	1/44	0.1543914391423307	0.228285508792937	0	0	6.1646511627906975	11.5171963880252	FLNA
489	GO_Biological_Process_2023	Positive Regulation Of Chemotaxis (GO:0050921)	1/44	0.1543914391423307	0.228285508792937	0	0	6.1646511627906975	11.5171963880252	TMSB4X
490	GO_Biological_Process_2023	Embryonic Organ Morphogenesis (GO:0048562)	1/44	0.1543914391423307	0.228285508792937	0	0	6.1646511627906975	11.5171963880252	EFEMP1
491	GO_Biological_Process_2023	Establishment Of Protein Localization To Extracellular Region (GO:0035592)	1/45	0.157611831816104	0.2311640199969526	0	0	6.024242424242424	11.130510964997924	FGG
492	GO_Biological_Process_2023	Negative Regulation Of Response To Biotic Stimulus (GO:0002832)	1/45	0.157611831816104	0.2311640199969526	0	0	6.024242424242424	11.130510964997924	YWHAZ
493	GO_Biological_Process_2023	Detection Of Chemical Stimulus Involved In Sensory Perception Of Taste (GO:0050912)	1/45	0.157611831816104	0.2311640199969526	0	0	6.024242424242424	11.130510964997924	PIGR
494	GO_Biological_Process_2023	Regulation Of Apoptotic Signaling Pathway (GO:2001233)	1/45	0.157611831816104	0.2311640199969526	0	0	6.024242424242424	11.130510964997924	PPIA
495	GO_Biological_Process_2023	Epithelial Cell Migration (GO:0010631)	1/46	0.1608201208195244	0.2344486098694272	0	0	5.890074074074074	10.763926603538268	LRG1
496	GO_Biological_Process_2023	Vacuolar Transport (GO:0007034)	1/46	0.1608201208195244	0.2344486098694272	0	0	5.890074074074074	10.763926603538268	PCSK9
497	GO_Biological_Process_2023	Positive Regulation Of Blood Vessel Endothelial Cell Migration (GO:0043536)	1/46	0.1608201208195244	0.2344486098694272	0	0	5.890074074074074	10.763926603538268	TMSB4X
498	GO_Biological_Process_2023	Negative Regulation Of Tumor Necrosis Factor Production (GO:0032720)	1/47	0.1640163510278258	0.2372029299725131	0	0	5.7617391304347825	10.416009512433067	ORM1
499	GO_Biological_Process_2023	Regulation Of T Cell Differentiation (GO:0045580)	1/47	0.1640163510278258	0.2372029299725131	0	0	5.7617391304347825	10.416009512433067	ACTB
500	GO_Biological_Process_2023	Secondary Alcohol Metabolic Process (GO:1902652)	1/47	0.1640163510278258	0.2372029299725131	0	0	5.7617391304347825	10.416009512433067	APOF
501	GO_Biological_Process_2023	Positive Regulation Of Epithelial To Mesenchymal Transition (GO:0010718)	1/47	0.1640163510278258	0.2372029299725131	0	0	5.7617391304347825	10.416009512433067	LRG1
502	GO_Biological_Process_2023	Positive Regulation Of Reactive Oxygen Species Metabolic Process (GO:2000379)	1/48	0.1672005671849301	0.2408484360640065	0	0	5.63886524822695	10.085455516530567	CRP
503	GO_Biological_Process_2023	Negative Regulation Of ERK1 And ERK2 Cascade (GO:0070373)	1/48	0.1672005671849301	0.2408484360640065	0	0	5.63886524822695	10.085455516530567	FBLN1
504	GO_Biological_Process_2023	Negative Regulation Of Tumor Necrosis Factor Superfamily Cytokine Production (GO:1903556)	1/49	0.1703728138367953	0.2430071961601441	0	0	5.521111111111111	9.771075944218463	ORM1
505	GO_Biological_Process_2023	Neurogenesis (GO:0022008)	1/49	0.1703728138367953	0.2430071961601441	0	0	5.521111111111111	9.771075944218463	PCSK9
506	GO_Biological_Process_2023	Nuclear Export (GO:0051168)	1/49	0.1703728138367953	0.2430071961601441	0	0	5.521111111111111	9.771075944218463	CALR
507	GO_Biological_Process_2023	Negative Regulation Of T Cell Activation (GO:0050868)	1/49	0.1703728138367953	0.2430071961601441	0	0	5.521111111111111	9.771075944218463	FGL1
508	GO_Biological_Process_2023	Regulation Of Cell Communication (GO:0010646)	1/49	0.1703728138367953	0.2430071961601441	0	0	5.521111111111111	9.771075944218463	IGFBP7
509	GO_Biological_Process_2023	Regulation Of Epithelial Cell Migration (GO:0010632)	1/50	0.1735331353639065	0.2465460983839455	0	0	5.408163265306122	9.4717853003048	PFN1
510	GO_Biological_Process_2023	Positive Regulation Of Transport (GO:0051050)	1/50	0.1735331353639065	0.2465460983839455	0	0	5.408163265306122	9.4717853003048	ACTB
511	GO_Biological_Process_2023	Negative Regulation Of Programmed Cell Death (GO:0043069)	3/381	0.1765735786972776	0.2490695615294064	0	0	2.1250271798217004	3.684834557926899	FLNA;YWHAZ;HSP90B1
512	GO_Biological_Process_2023	Positive Regulation Of Leukocyte Mediated Cytotoxicity (GO:0001912)	1/51	0.176681576016039	0.2490695615294064	0	0	5.299733333333333	9.186590470597055	PVR
513	GO_Biological_Process_2023	Regulation Of Release Of Sequestered Calcium Ion Into Cytosol (GO:0051279)	1/51	0.176681576016039	0.2490695615294064	0	0	5.299733333333333	9.186590470597055	CALM1
514	GO_Biological_Process_2023	Positive Regulation Of Actin Filament Bundle Assembly (GO:0032233)	1/51	0.176681576016039	0.2490695615294064	0	0	5.299733333333333	9.186590470597055	PFN1
515	GO_Biological_Process_2023	Organic Substance Transport (GO:0071702)	2/201	0.1776603603511521	0.249613763981335	0	0	2.678935216623658	4.628882973741536	PLTP;HSP90B1
516	GO_Biological_Process_2023	Regulation Of Translation (GO:0006417)	2/202	0.1790199563958341	0.249613763981335	0	0	2.6654054054054055	4.585184948198706	CALR;GAPDH
517	GO_Biological_Process_2023	Negative Regulation Of Innate Immune Response (GO:0045824)	1/52	0.1798181798377937	0.249613763981335	0	0	5.195555555555556	8.914581245175166	YWHAZ
518	GO_Biological_Process_2023	Negative Regulation Of Response To Stimulus (GO:0048585)	1/52	0.1798181798377937	0.249613763981335	0	0	5.195555555555556	8.914581245175166	AMBP
519	GO_Biological_Process_2023	Adenylate Cyclase-Inhibiting G Protein-Coupled Receptor Signaling Pathway (GO:0007193)	1/52	0.1798181798377937	0.249613763981335	0	0	5.195555555555556	8.914581245175166	FLNA
520	GO_Biological_Process_2023	Arachidonic Acid Metabolic Process (GO:0019369)	1/52	0.1798181798377937	0.249613763981335	0	0	5.195555555555556	8.914581245175166	PTGDS
521	GO_Biological_Process_2023	Regulation Of Protein Localization To Nucleus (GO:1900180)	1/52	0.1798181798377937	0.249613763981335	0	0	5.195555555555556	8.914581245175166	YWHAZ
522	GO_Biological_Process_2023	Regulation Of Proteolysis (GO:0030162)	1/52	0.1798181798377937	0.249613763981335	0	0	5.195555555555556	8.914581245175166	CST3
523	GO_Biological_Process_2023	Glycoprotein Metabolic Process (GO:0009100)	1/53	0.1829429907725733	0.2510710988674635	0	0	5.095384615384615	8.654921969357183	MAN1A1
524	GO_Biological_Process_2023	Actin Cytoskeleton Reorganization (GO:0031532)	1/53	0.1829429907725733	0.2510710988674635	0	0	5.095384615384615	8.654921969357183	FLNA
525	GO_Biological_Process_2023	Protein Homotetramerization (GO:0051289)	1/53	0.1829429907725733	0.2510710988674635	0	0	5.095384615384615	8.654921969357183	B2M
526	GO_Biological_Process_2023	Regulation Of Receptor Signaling Pathway Via JAK-STAT (GO:0046425)	1/53	0.1829429907725733	0.2510710988674635	0	0	5.095384615384615	8.654921969357183	CALM1
527	GO_Biological_Process_2023	Cellular Response To Alcohol (GO:0097306)	1/53	0.1829429907725733	0.2510710988674635	0	0	5.095384615384615	8.654921969357183	CDH1
528	GO_Biological_Process_2023	Negative Regulation Of Cysteine-Type Endopeptidase Activity (GO:2000117)	1/53	0.1829429907725733	0.2510710988674635	0	0	5.095384615384615	8.654921969357183	CST3
529	GO_Biological_Process_2023	Regulation Of Canonical Wnt Signaling Pathway (GO:0060828)	2/207	0.1858421628553032	0.252479802149495	0	0	2.599736321687541	4.374985902997636	IGFBP2;IGFBP6
530	GO_Biological_Process_2023	Positive Regulation Of Leukocyte Chemotaxis (GO:0002690)	1/54	0.1860560525481816	0.252479802149495	0	0	4.998993710691824	8.406844180342443	CALR
531	GO_Biological_Process_2023	Regulation Of Lipid Metabolic Process (GO:0019216)	1/54	0.1860560525481816	0.252479802149495	0	0	4.998993710691824	8.406844180342443	SERPINA3
532	GO_Biological_Process_2023	Apical Junction Assembly (GO:0043297)	1/54	0.1860560525481816	0.252479802149495	0	0	4.998993710691824	8.406844180342443	VCL
533	GO_Biological_Process_2023	Peptidyl-Tyrosine Modification (GO:0018212)	1/54	0.1860560525481816	0.252479802149495	0	0	4.998993710691824	8.406844180342443	EFEMP1
534	GO_Biological_Process_2023	Regulation Of Blood Vessel Endothelial Cell Migration (GO:0043535)	1/54	0.1860560525481816	0.252479802149495	0	0	4.998993710691824	8.406844180342443	TMSB4X
535	GO_Biological_Process_2023	Positive Regulation Of Cellular Process (GO:0048522)	4/594	0.1894303771892256	0.2565792049242123	0	0	1.820527306967985	3.0288726772742605	SAA1;CALR;TIMP1;ACTB
536	GO_Biological_Process_2023	Pattern Recognition Receptor Signaling Pathway (GO:0002221)	1/56	0.1922471028417366	0.2584655493761126	0	0	4.816727272727273	7.942656787655047	CD14
537	GO_Biological_Process_2023	Peptide Metabolic Process (GO:0006518)	1/56	0.1922471028417366	0.2584655493761126	0	0	4.816727272727273	7.942656787655047	CPN1
538	GO_Biological_Process_2023	Positive Regulation Of Cellular Metabolic Process (GO:0031325)	1/56	0.1922471028417366	0.2584655493761126	0	0	4.816727272727273	7.942656787655047	B2M
539	GO_Biological_Process_2023	Regulation Of Cation Channel Activity (GO:2001257)	1/56	0.1922471028417366	0.2584655493761126	0	0	4.816727272727273	7.942656787655047	CALM1
540	GO_Biological_Process_2023	Eye Development (GO:0001654)	1/58	0.1983916774913417	0.2637955272137621	0	0	4.647251461988304	7.516985160791354	EFEMP1
541	GO_Biological_Process_2023	Regulation Of Neuron Death (GO:1901214)	1/58	0.1983916774913417	0.2637955272137621	0	0	4.647251461988304	7.516985160791354	PCSK9
542	GO_Biological_Process_2023	Positive Regulation Of Type II Interferon Production (GO:0032729)	1/58	0.1983916774913417	0.2637955272137621	0	0	4.647251461988304	7.516985160791354	CD14
543	GO_Biological_Process_2023	Regulation Of Phagocytosis (GO:0050764)	1/58	0.1983916774913417	0.2637955272137621	0	0	4.647251461988304	7.516985160791354	CALR
544	GO_Biological_Process_2023	Renal System Development (GO:0072001)	1/58	0.1983916774913417	0.2637955272137621	0	0	4.647251461988304	7.516985160791354	PCSK9
545	GO_Biological_Process_2023	Selective Autophagy (GO:0061912)	1/58	0.1983916774913417	0.2637955272137621	0	0	4.647251461988304	7.516985160791354	CALR
546	GO_Biological_Process_2023	Positive Regulation Of Protein Binding (GO:0032092)	1/59	0.2014466441390773	0.2668800431477557	0	0	4.566896551724138	7.317221977698906	B2M
547	GO_Biological_Process_2023	Phospholipid Transport (GO:0015914)	1/59	0.2014466441390773	0.2668800431477557	0	0	4.566896551724138	7.317221977698906	PLTP
548	GO_Biological_Process_2023	Sterol Metabolic Process (GO:0016125)	1/60	0.2044901207943848	0.2699269594485879	0	0	4.489265536723164	7.1255221394231345	APOF
549	GO_Biological_Process_2023	Positive Regulation Of Phagocytosis (GO:0050766)	1/60	0.2044901207943848	0.2699269594485879	0	0	4.489265536723164	7.1255221394231345	CALR
550	GO_Biological_Process_2023	Positive Regulation Of Interleukin-8 Production (GO:0032757)	1/61	0.2075221500610244	0.2719514096467577	0	0	4.4142222222222225	6.941440359030599	CD14
551	GO_Biological_Process_2023	Negative Regulation Of Intrinsic Apoptotic Signaling Pathway (GO:2001243)	1/61	0.2075221500610244	0.2719514096467577	0	0	4.4142222222222225	6.941440359030599	PPIA
552	GO_Biological_Process_2023	Negative Regulation Of Viral Process (GO:0048525)	1/61	0.2075221500610244	0.2719514096467577	0	0	4.4142222222222225	6.941440359030599	PPIA
553	GO_Biological_Process_2023	Negative Regulation Of Autophagy (GO:0010507)	1/61	0.2075221500610244	0.2719514096467577	0	0	4.4142222222222225	6.941440359030599	QSOX1
554	GO_Biological_Process_2023	Negative Regulation Of Kinase Activity (GO:0033673)	1/62	0.210542774482205	0.275104594207449	0	0	4.341639344262295	6.764562566916031	PPIA
555	GO_Biological_Process_2023	Positive Regulation Of Protein Modification Process (GO:0031401)	2/225	0.2106861630569444	0.275104594207449	0	0	2.3877105805356926	3.7185861506151574	CALM1;PPIA
556	GO_Biological_Process_2023	Regulation Of Secretion By Cell (GO:1903530)	1/64	0.2165499777789261	0.2817478205510759	0	0	4.203386243386244	6.430903167126818	SAA1
557	GO_Biological_Process_2023	Positive Regulation Of Cysteine-Type Endopeptidase Activity (GO:2001056)	1/64	0.2165499777789261	0.2817478205510759	0	0	4.203386243386244	6.430903167126818	CTSD
558	GO_Biological_Process_2023	Negative Regulation Of Multicellular Organismal Process (GO:0051241)	2/231	0.2190462150692777	0.2844857820041067	0	0	2.324442346276407	3.5296018822697923	CALR;TIMP1
559	GO_Biological_Process_2023	Positive Regulation Of Cell Cycle (GO:0045787)	1/65	0.2195366408889244	0.2846135737238556	0	0	4.1375	6.273426994160108	CALR
560	GO_Biological_Process_2023	Regulation Of I-kappaB kinase/NF-kappaB Signaling (GO:0043122)	2/232	0.2204425842861619	0.2852786384879742	0	0	2.3142185663924795	3.499371565744372	FLNA;GAPDH
561	GO_Biological_Process_2023	Regulation Of Neurogenesis (GO:0050767)	1/67	0.2254762993301082	0.2887051028459587	0	0	4.011717171717172	5.975614111882971	B2M
562	GO_Biological_Process_2023	Peptidyl-Tyrosine Phosphorylation (GO:0018108)	1/67	0.2254762993301082	0.2887051028459587	0	0	4.011717171717172	5.975614111882971	EFEMP1
563	GO_Biological_Process_2023	Protein Secretion (GO:0009306)	1/67	0.2254762993301082	0.2887051028459587	0	0	4.011717171717172	5.975614111882971	FGG
564	GO_Biological_Process_2023	Regulation Of Viral Genome Replication (GO:0045069)	1/67	0.2254762993301082	0.2887051028459587	0	0	4.011717171717172	5.975614111882971	PPIA
565	GO_Biological_Process_2023	Cholesterol Metabolic Process (GO:0008203)	1/67	0.2254762993301082	0.2887051028459587	0	0	4.011717171717172	5.975614111882971	APOF
566	GO_Biological_Process_2023	Negative Regulation Of Cellular Catabolic Process (GO:0031330)	1/67	0.2254762993301082	0.2887051028459587	0	0	4.011717171717172	5.975614111882971	TIMP1
567	GO_Biological_Process_2023	B Cell Differentiation (GO:0030183)	1/68	0.2284293779420443	0.2914582221193747	0	0	3.951641791044776	5.834710479551735	VCAM1
568	GO_Biological_Process_2023	Cell-Cell Junction Organization (GO:0045216)	1/68	0.2284293779420443	0.2914582221193747	0	0	3.951641791044776	5.834710479551735	CDH1
569	GO_Biological_Process_2023	Regulation Of Heart Contraction (GO:0008016)	1/69	0.2313713447185862	0.293491539436464	0	0	3.8933333333333335	5.698793885846119	CALM1
570	GO_Biological_Process_2023	Phagocytosis (GO:0006909)	1/69	0.2313713447185862	0.293491539436464	0	0	3.8933333333333335	5.698793885846119	CD14
571	GO_Biological_Process_2023	Response To Molecule Of Bacterial Origin (GO:0002237)	1/69	0.2313713447185862	0.293491539436464	0	0	3.8933333333333335	5.698793885846119	CD14
572	GO_Biological_Process_2023	Regulation Of Inflammatory Response (GO:0050727)	2/240	0.2316400166626637	0.293491539436464	0	0	2.2355212355212357	3.269608002919494	TMSB4X;SAA1
573	GO_Biological_Process_2023	Negative Regulation Of Epithelial Cell Proliferation (GO:0050680)	1/70	0.2343022409622843	0.2953184495462125	0	0	3.8367149758454104	5.5676234959963375	B2M
574	GO_Biological_Process_2023	Positive Regulation Of Protein Polymerization (GO:0032273)	1/70	0.2343022409622843	0.2953184495462125	0	0	3.8367149758454104	5.5676234959963375	PFN1
575	GO_Biological_Process_2023	Regulation Of Actin Filament Polymerization (GO:0030833)	1/70	0.2343022409622843	0.2953184495462125	0	0	3.8367149758454104	5.5676234959963375	PFN1
576	GO_Biological_Process_2023	Synapse Assembly (GO:0007416)	1/71	0.2372221077339198	0.2969366383014237	0	0	3.7817142857142856	5.4409732451783235	CDH1
577	GO_Biological_Process_2023	Regulation Of Double-Strand Break Repair Via Homologous Recombination (GO:0010569)	1/71	0.2372221077339198	0.2969366383014237	0	0	3.7817142857142856	5.4409732451783235	ACTB
578	GO_Biological_Process_2023	Negative Regulation Of Supramolecular Fiber Organization (GO:1902904)	1/71	0.2372221077339198	0.2969366383014237	0	0	3.7817142857142856	5.4409732451783235	PFN1
579	GO_Biological_Process_2023	Kidney Development (GO:0001822)	1/71	0.2372221077339198	0.2969366383014237	0	0	3.7817142857142856	5.4409732451783235	PCSK9
580	GO_Biological_Process_2023	Cholesterol Homeostasis (GO:0042632)	1/72	0.2401309860024339	0.3000604059169828	0	0	3.728262910798122	5.318630740466146	PCSK9
581	GO_Biological_Process_2023	Sterol Homeostasis (GO:0055092)	1/73	0.2430289165814506	0.3026397829127499	0	0	3.676296296296296	5.200396261462457	PCSK9
582	GO_Biological_Process_2023	Protein Tetramerization (GO:0051262)	1/73	0.2430289165814506	0.3026397829127499	0	0	3.676296296296296	5.200396261462457	B2M
583	GO_Biological_Process_2023	Positive Regulation Of Lymphocyte Proliferation (GO:0050671)	1/74	0.2459159400992828	0.3051879872001355	0	0	3.625753424657534	5.086081845921824	VCAM1
584	GO_Biological_Process_2023	Gland Development (GO:0048732)	1/74	0.2459159400992828	0.3051879872001355	0	0	3.625753424657534	5.086081845921824	PCSK9
585	GO_Biological_Process_2023	Regulation Of T Cell Proliferation (GO:0042129)	1/77	0.2545119727424674	0.3142443745085567	0	0	3.482105263157895	4.764938609417402	VCAM1
586	GO_Biological_Process_2023	Embryonic Organ Development (GO:0048568)	1/77	0.2545119727424674	0.3142443745085567	0	0	3.482105263157895	4.764938609417402	COL18A1
587	GO_Biological_Process_2023	Positive Regulation Of Endothelial Cell Proliferation (GO:0001938)	1/77	0.2545119727424674	0.3142443745085567	0	0	3.482105263157895	4.764938609417402	LRG1
588	GO_Biological_Process_2023	Regulation Of Innate Immune Response (GO:0045088)	1/78	0.2573557716927335	0.316142623094627	0	0	3.4367099567099566	4.664632078485927	YWHAZ
589	GO_Biological_Process_2023	Proteolysis Involved In Protein Catabolic Process (GO:0051603)	1/78	0.2573557716927335	0.316142623094627	0	0	3.4367099567099566	4.664632078485927	CTSB
590	GO_Biological_Process_2023	Cellular Response To Nutrient Levels (GO:0031669)	1/78	0.2573557716927335	0.316142623094627	0	0	3.4367099567099566	4.664632078485927	PCSK9
591	GO_Biological_Process_2023	Regulation Of Neuron Differentiation (GO:0045664)	1/79	0.260188864616209	0.3174741440527189	0	0	3.3924786324786327	4.56745515718796	CALR
592	GO_Biological_Process_2023	Cellular Response To UV (GO:0034644)	1/79	0.260188864616209	0.3174741440527189	0	0	3.3924786324786327	4.56745515718796	TIMP1
593	GO_Biological_Process_2023	Response To Insulin (GO:0032868)	1/79	0.260188864616209	0.3174741440527189	0	0	3.3924786324786327	4.56745515718796	PCSK9
594	GO_Biological_Process_2023	Positive Regulation Of Cytoskeleton Organization (GO:0051495)	1/79	0.260188864616209	0.3174741440527189	0	0	3.3924786324786327	4.56745515718796	PFN1
595	GO_Biological_Process_2023	Regulation Of Cytokinesis (GO:0032465)	1/80	0.263011291333037	0.319308022588269	0	0	3.349367088607595	4.473275064844703	CALM1
596	GO_Biological_Process_2023	Wound Healing (GO:0042060)	1/80	0.263011291333037	0.319308022588269	0	0	3.349367088607595	4.473275064844703	LRG1
597	GO_Biological_Process_2023	Regulation Of Protein Localization To Plasma Membrane (GO:1903076)	1/80	0.263011291333037	0.319308022588269	0	0	3.349367088607595	4.473275064844703	ACTB
598	GO_Biological_Process_2023	Spindle Assembly (GO:0051225)	1/81	0.2658230914488745	0.3211107560597053	0	0	3.3073333333333332	4.381966173203832	FLNA
599	GO_Biological_Process_2023	Activation Of Protein Kinase Activity (GO:0032147)	1/81	0.2658230914488745	0.3211107560597053	0	0	3.3073333333333332	4.381966173203832	PPIA
600	GO_Biological_Process_2023	Negative Regulation Of NF-kappaB Transcription Factor Activity (GO:0032088)	1/81	0.2658230914488745	0.3211107560597053	0	0	3.3073333333333332	4.381966173203832	TMSB4X
601	GO_Biological_Process_2023	Regulation Of Protein Phosphorylation (GO:0001932)	2/265	0.2668225575570586	0.3217826856917352	0	0	2.020450107902579	2.6693609379958	FBLN1;PPIA
602	GO_Biological_Process_2023	Positive Regulation Of Signal Transduction (GO:0009967)	2/266	0.2682325236934224	0.3229466205662101	0	0	2.012694512694513	2.648506820408596	VWF;FLNA
603	GO_Biological_Process_2023	Regulation Of Epithelial To Mesenchymal Transition (GO:0010717)	1/83	0.2714149696079129	0.3246248236167129	0	0	3.2263414634146343	4.207492473945197	LRG1
604	GO_Biological_Process_2023	Calcium Ion Transmembrane Import Into Cytosol (GO:0097553)	1/83	0.2714149696079129	0.3246248236167129	0	0	3.2263414634146343	4.207492473945197	FLNA
605	GO_Biological_Process_2023	Regulation Of NIK/NF-kappaB Signaling (GO:1901222)	1/83	0.2714149696079129	0.3246248236167129	0	0	3.2263414634146343	4.207492473945197	TMSB4X
606	GO_Biological_Process_2023	Regulation Of Cell Division (GO:0051302)	1/83	0.2714149696079129	0.3246248236167129	0	0	3.2263414634146343	4.207492473945197	CALM1
607	GO_Biological_Process_2023	Positive Regulation Of Apoptotic Process (GO:0043065)	2/270	0.2738723217405445	0.3268730075706201	0	0	1.982250907624042	2.5671997905787287	PCSK9;CTSD
608	GO_Biological_Process_2023	Regulation Of Cysteine-Type Endopeptidase Activity Involved In Apoptotic Process (GO:0043281)	1/84	0.2741951261852722	0.3268730075706201	0	0	3.187309236947791	4.124108145071636	CTSD
609	GO_Biological_Process_2023	Integrin-Mediated Signaling Pathway (GO:0007229)	1/85	0.2769648132476219	0.3282803169309929	0	0	3.149206349206349	4.043155207554468	FBLN1
610	GO_Biological_Process_2023	Calcium-Mediated Signaling (GO:0019722)	1/85	0.2769648132476219	0.3282803169309929	0	0	3.149206349206349	4.043155207554468	VCAM1
611	GO_Biological_Process_2023	Mitotic Spindle Organization (GO:0007052)	1/85	0.2769648132476219	0.3282803169309929	0	0	3.149206349206349	4.043155207554468	FLNA
612	GO_Biological_Process_2023	Negative Regulation Of Apoptotic Process (GO:0043066)	3/482	0.2771843447364995	0.3282803169309929	0	0	1.6682872422569852	2.14053346542538	FLNA;YWHAZ;HSP90B1
613	GO_Biological_Process_2023	Positive Regulation Of Cell Population Proliferation (GO:0008284)	3/483	0.2782184286374137	0.3289683700175282	0	0	1.6647260273972602	2.1297651776926303	CALR;TIMP1;ACTB
614	GO_Biological_Process_2023	Negative Regulation Of Binding (GO:0051100)	1/86	0.2797240695996395	0.330210852893233	0	0	3.112	3.9645374645280658	CFHR2
615	GO_Biological_Process_2023	Plasma Membrane Bounded Cell Projection Assembly (GO:0120031)	2/275	0.2809204330497402	0.3310847960943366	0	0	1.9454509454509457	2.4701075611009076	FLNA;VCL
616	GO_Biological_Process_2023	Regulation Of Type II Interferon Production (GO:0032649)	1/87	0.2824729340691374	0.3323749596988554	0	0	3.0756589147286824	3.888163547297737	CD14
617	GO_Biological_Process_2023	Regulation Of Endothelial Cell Migration (GO:0010594)	1/88	0.2852114453047522	0.3334356027234301	0	0	3.040153256704981	3.8139466240383473	CALR
618	GO_Biological_Process_2023	Negative Regulation Of Protein Kinase Activity (GO:0006469)	1/88	0.2852114453047522	0.3334356027234301	0	0	3.040153256704981	3.8139466240383473	PPIA
619	GO_Biological_Process_2023	Positive Regulation Of Plasma Membrane Bounded Cell Projection Assembly (GO:0120034)	1/88	0.2852114453047522	0.3334356027234301	0	0	3.040153256704981	3.8139466240383473	PFN1
620	GO_Biological_Process_2023	Positive Regulation Of Cell Adhesion (GO:0045785)	1/88	0.2852114453047522	0.3334356027234301	0	0	3.040153256704981	3.8139466240383473	SAA1
621	GO_Biological_Process_2023	Cellular Response To Chemical Stress (GO:0062197)	1/89	0.2879396417088317	0.3350066985266215	0	0	3.0054545454545454	3.7418041277126273	PPIA
622	GO_Biological_Process_2023	Cellular Response To Peptide Hormone Stimulus (GO:0071375)	1/89	0.2879396417088317	0.3350066985266215	0	0	3.0054545454545454	3.7418041277126273	PCSK9
623	GO_Biological_Process_2023	Positive Regulation Of DNA Repair (GO:0045739)	1/89	0.2879396417088317	0.3350066985266215	0	0	3.0054545454545454	3.7418041277126273	ACTB
624	GO_Biological_Process_2023	Positive Regulation Of Cell Differentiation (GO:0045597)	2/283	0.2921879801394716	0.3391451698030596	0	0	1.889294988939117	2.3245090457583335	LRG1;ACTB
625	GO_Biological_Process_2023	Regulation Of Epithelial Cell Proliferation (GO:0050678)	1/91	0.2933652433007182	0.3391451698030596	0	0	2.9383703703703703	3.603431958498573	B2M
626	GO_Biological_Process_2023	Lymphocyte Differentiation (GO:0030098)	1/91	0.2933652433007182	0.3391451698030596	0	0	2.9383703703703703	3.603431958498573	VCAM1
627	GO_Biological_Process_2023	Positive Regulation Of Binding (GO:0051099)	1/91	0.2933652433007182	0.3391451698030596	0	0	2.9383703703703703	3.603431958498573	B2M
628	GO_Biological_Process_2023	B Cell Activation (GO:0042113)	1/92	0.2960627247554384	0.3411770447181718	0	0	2.905934065934066	3.537056273283321	VCAM1
629	GO_Biological_Process_2023	Positive Regulation Of Protein Catabolic Process (GO:0045732)	1/92	0.2960627247554384	0.3411770447181718	0	0	2.905934065934066	3.537056273283321	PCSK9
630	GO_Biological_Process_2023	Regulation Of Endothelial Cell Proliferation (GO:0001936)	1/93	0.2987500439005678	0.3431843858731206	0	0	2.8742028985507244	3.4724625662234576	LRG1
631	GO_Biological_Process_2023	Positive Regulation Of Cellular Component Biogenesis (GO:0044089)	1/93	0.2987500439005678	0.3431843858731206	0	0	2.8742028985507244	3.4724625662234576	PFN1
632	GO_Biological_Process_2023	Cellular Response To Hormone Stimulus (GO:0032870)	1/94	0.3014272385123093	0.3457127569667245	0	0	2.8431541218637992	3.4095861178637743	CTSB
633	GO_Biological_Process_2023	Positive Regulation Of Transmembrane Receptor Protein Serine/Threonine Kinase Signaling Pathway (GO:0090100)	1/95	0.3040943462959922	0.3476732211195124	0	0	2.8127659574468087	3.348365189276522	LRG1
634	GO_Biological_Process_2023	Cell Junction Assembly (GO:0034329)	1/95	0.3040943462959922	0.3476732211195124	0	0	2.8127659574468087	3.348365189276522	CDH1
635	GO_Biological_Process_2023	Positive Regulation Of Supramolecular Fiber Organization (GO:1902905)	1/96	0.3067514046072819	0.3501596222403878	0	0	2.783017543859649	3.2887408583424422	PFN1
636	GO_Biological_Process_2023	Regulation Of Defense Response (GO:0031347)	1/97	0.30939845097369	0.3520740993838542	0	0	2.753888888888889	3.2306568594921714	TMSB4X
637	GO_Biological_Process_2023	Regulation Of Protein Localization (GO:0032880)	1/97	0.30939845097369	0.3520740993838542	0	0	2.753888888888889	3.2306568594921714	CTSD
638	GO_Biological_Process_2023	Regulation Of Intracellular Signal Transduction (GO:1902531)	2/297	0.3118531929578039	0.3543120783839837	0	0	1.7983508932661476	2.0954793504789637	VWF;TMSB4X
639	GO_Biological_Process_2023	Regulation Of Cell Cycle (GO:0051726)	2/298	0.3132542848513435	0.3553478293782427	0	0	1.7921840759678598	2.080259756174664	CALR;ACTB
640	GO_Biological_Process_2023	Cellular Response To Insulin Stimulus (GO:0032869)	1/99	0.3146626563027286	0.3563885935659609	0	0	2.697414965986394	3.1188972389470715	PCSK9
641	GO_Biological_Process_2023	Protein Complex Oligomerization (GO:0051259)	1/100	0.3172798893506643	0.3587931459012186	0	0	2.67003367003367	3.0651211233087037	C9
642	GO_Biological_Process_2023	Calcium Ion Homeostasis (GO:0055074)	1/102	0.3224848002656778	0.3641119206732224	0	0	2.616897689768977	2.961541217779602	CALR
643	GO_Biological_Process_2023	Cellular Response To Cytokine Stimulus (GO:0071345)	2/308	0.3272316884703313	0.3682264675281199	0	0	1.7327327327327329	1.935612918313602	CALM1;GAPDH
644	GO_Biological_Process_2023	Positive Regulation Of Vasculature Development (GO:1904018)	1/104	0.3276505482412747	0.3682264675281199	0	0	2.5658252427184465	2.862967409359358	LRG1
645	GO_Biological_Process_2023	Macroautophagy (GO:0016236)	1/104	0.3276505482412747	0.3682264675281199	0	0	2.5658252427184465	2.862967409359358	CALR
646	GO_Biological_Process_2023	Positive Regulation Of Stress-Activated MAPK Cascade (GO:0032874)	1/105	0.3302188270238341	0.3693973319249669	0	0	2.541025641025641	2.8154557294900258	IGFBP6
647	GO_Biological_Process_2023	Regulation Of Neuron Apoptotic Process (GO:0043523)	1/105	0.3302188270238341	0.3693973319249669	0	0	2.541025641025641	2.8154557294900258	PCSK9
648	GO_Biological_Process_2023	Lysosomal Transport (GO:0007041)	1/105	0.3302188270238341	0.3693973319249669	0	0	2.541025641025641	2.8154557294900258	PCSK9
649	GO_Biological_Process_2023	Protein Transport (GO:0015031)	2/313	0.3341945130453593	0.3732695638014321	0	0	1.704440775180325	1.8681217699876187	FGG;HSP90B1
650	GO_Biological_Process_2023	Lipid Transport (GO:0006869)	1/108	0.3378657160890881	0.3767903377583379	0	0	2.4694080996884735	2.679571402703941	PLTP
651	GO_Biological_Process_2023	Negative Regulation Of Developmental Process (GO:0051093)	1/109	0.3403954829568744	0.3784488830424056	0	0	2.4464197530864196	2.636377279951408	CST3
652	GO_Biological_Process_2023	Positive Regulation Of Cysteine-Type Endopeptidase Activity Involved In Apoptotic Process (GO:0043280)	1/109	0.3403954829568744	0.3784488830424056	0	0	2.4464197530864196	2.636377279951408	CTSD
653	GO_Biological_Process_2023	Regulation Of JNK Cascade (GO:0046328)	1/110	0.342915711177924	0.3806678995644845	0	0	2.4238532110091744	2.5941788353579835	AMBP
654	GO_Biological_Process_2023	Negative Regulation Of Inflammatory Response (GO:0050728)	1/111	0.3454264363137881	0.3811240011608057	0	0	2.4016969696969697	2.5529452244051427	SAA1
655	GO_Biological_Process_2023	RNA Metabolic Process (GO:0016070)	1/111	0.3454264363137881	0.3811240011608057	0	0	2.4016969696969697	2.5529452244051427	RNASE1
656	GO_Biological_Process_2023	Regulation Of Transforming Growth Factor Beta Receptor Signaling Pathway (GO:0017015)	1/111	0.3454264363137881	0.3811240011608057	0	0	2.4016969696969697	2.5529452244051427	LRG1
657	GO_Biological_Process_2023	Mitotic Sister Chromatid Segregation (GO:0000070)	1/111	0.3454264363137881	0.3811240011608057	0	0	2.4016969696969697	2.5529452244051427	FLNA
658	GO_Biological_Process_2023	Regulation Of Interleukin-6 Production (GO:0032675)	1/114	0.352901945796382	0.3881921403760203	0	0	2.3375811209439528	2.4347427610767785	ORM1
659	GO_Biological_Process_2023	Response To Endoplasmic Reticulum Stress (GO:0034976)	1/114	0.352901945796382	0.3881921403760203	0	0	2.3375811209439528	2.4347427610767785	HSP90B1
660	GO_Biological_Process_2023	Positive Regulation Of Protein Serine/Threonine Kinase Activity (GO:0071902)	1/117	0.3602931923379665	0.3939350265622947	0	0	2.2767816091954023	2.32422326238517	CALM1
661	GO_Biological_Process_2023	Protein Maturation (GO:0051604)	1/117	0.3602931923379665	0.3939350265622947	0	0	2.2767816091954023	2.32422326238517	CPN1
662	GO_Biological_Process_2023	Cellular Response To Molecule Of Bacterial Origin (GO:0071219)	1/117	0.3602931923379665	0.3939350265622947	0	0	2.2767816091954023	2.32422326238517	CD14
663	GO_Biological_Process_2023	Cellular Response To Oxidative Stress (GO:0034599)	1/117	0.3602931923379665	0.3939350265622947	0	0	2.2767816091954023	2.32422326238517	PPIA
664	GO_Biological_Process_2023	Regulation Of Protein Kinase Activity (GO:0045859)	1/119	0.3651743404590429	0.3974761187005475	0	0	2.2379661016949153	2.254483174050535	PPIA
665	GO_Biological_Process_2023	Cellular Response To Tumor Necrosis Factor (GO:0071356)	1/119	0.3651743404590429	0.3974761187005475	0	0	2.2379661016949153	2.254483174050535	TMSB4X
666	GO_Biological_Process_2023	Positive Regulation Of Angiogenesis (GO:0045766)	1/119	0.3651743404590429	0.3974761187005475	0	0	2.2379661016949153	2.254483174050535	LRG1
667	GO_Biological_Process_2023	Negative Regulation Of Gene Expression (GO:0010629)	2/336	0.3659442553620305	0.3977178583725062	0	0	1.5852079624534714	1.593568769224189	CALR;GAPDH
668	GO_Biological_Process_2023	Regulation Of Protein Catabolic Process (GO:0042176)	1/122	0.3724272263935481	0.4035554721816656	0	0	2.1821487603305787	2.1553380637416337	FLNA
669	GO_Biological_Process_2023	Protein Localization To Nucleus (GO:0034504)	1/122	0.3724272263935481	0.4035554721816656	0	0	2.1821487603305787	2.1553380637416337	CALR
670	GO_Biological_Process_2023	Positive Regulation Of Epithelial Cell Proliferation (GO:0050679)	1/123	0.3748266351109978	0.4055501297922272	0	0	2.164153005464481	2.123665308814808	LRG1
671	GO_Biological_Process_2023	Cellular Response To Lipopolysaccharide (GO:0071222)	1/124	0.3772169903599512	0.4075290699424473	0	0	2.146449864498645	2.092648424370323	CD14
672	GO_Biological_Process_2023	Cellular Response To Starvation (GO:0009267)	1/126	0.3819706752386584	0.4120515753688945	0	0	2.111893333333333	2.032510303454039	PCSK9
673	GO_Biological_Process_2023	Regulation Of Response To External Stimulus (GO:0032101)	1/127	0.384334071865397	0.4139859587155463	0	0	2.095026455026455	2.003354645968289	TMSB4X
674	GO_Biological_Process_2023	Protein Targeting (GO:0006605)	1/129	0.3890341401464308	0.4178088546543029	0	0	2.0620833333333333	1.946788491570107	MAN1A1
675	GO_Biological_Process_2023	Regulation Of DNA Repair (GO:0006282)	1/129	0.3890341401464308	0.4178088546543029	0	0	2.0620833333333333	1.946788491570107	ACTB
676	GO_Biological_Process_2023	Golgi Organization (GO:0007030)	1/130	0.3913708781373562	0.4190785509258417	0	0	2.0459948320413437	1.9193469972491384	YWHAZ
677	GO_Biological_Process_2023	Regulation Of Cell Cycle Process (GO:0010564)	1/130	0.3913708781373562	0.4190785509258417	0	0	2.0459948320413437	1.9193469972491384	CALM1
678	GO_Biological_Process_2023	Synapse Organization (GO:0050808)	1/131	0.3936987960431698	0.4209504063731094	0	0	2.030153846153846	1.8924467629967627	CDH1
679	GO_Biological_Process_2023	Epithelial Cell Differentiation (GO:0030855)	1/132	0.3960179266898063	0.4228073746717638	0	0	2.014554707379135	1.8660735629729877	CTSB
680	GO_Biological_Process_2023	Positive Regulation Of Macromolecule Metabolic Process (GO:0010604)	2/364	0.4038143933993005	0.4304981638882411	0	0	1.4605047035986265	1.324385561332709	CRP;ACTG1
681	GO_Biological_Process_2023	Protein Localization To Organelle (GO:0033365)	1/137	0.4074829124483796	0.4337721326063395	0	0	1.94	1.7416471828555156	CALR
682	GO_Biological_Process_2023	Intracellular Calcium Ion Homeostasis (GO:0006874)	1/139	0.4120085322723255	0.4379475760317838	0	0	1.9116908212560384	1.6951177012355618	CALR
683	GO_Biological_Process_2023	Positive Regulation Of Protein Phosphorylation (GO:0001934)	2/377	0.4210455980668824	0.4468992751411647	0	0	1.408936936936937	1.2187503759427492	CALM1;PPIA
684	GO_Biological_Process_2023	Actin Filament Organization (GO:0007015)	1/144	0.4231738825579844	0.448502538302331	0	0	1.8443822843822844	1.586117333092503	FLNA
685	GO_Biological_Process_2023	Positive Regulation Of Protein Kinase Activity (GO:0045860)	1/145	0.42538171392403	0.4501853124035653	0	0	1.8314814814814817	1.5654924273218345	CALM1
686	GO_Biological_Process_2023	Regulation Of Gene Expression (GO:0010468)	5/1127	0.4278389155171443	0.4521267142146242	0	0	1.1801109688433633	1.0019242669256612	CRP;EFEMP1;CDH1;CALR;ACTG1
687	GO_Biological_Process_2023	Defense Response To Symbiont (GO:0140546)	1/148	0.4319552931506597	0.4558132889932834	0	0	1.7938321995464852	1.505802275132813	RNASE1
688	GO_Biological_Process_2023	Skeletal System Development (GO:0001501)	1/149	0.4341299512336261	0.4574431706757801	0	0	1.7816216216216216	1.4866053254612128	COL18A1
689	GO_Biological_Process_2023	Positive Regulation Of NF-kappaB Transcription Factor Activity (GO:0051092)	1/152	0.4406047506926508	0.4635928246418325	0	0	1.7459602649006625	1.4310013636888483	PPIA
690	GO_Biological_Process_2023	Response To Lipopolysaccharide (GO:0032496)	1/159	0.4554296585495253	0.4784977309796749	0	0	1.668016877637131	1.3119186283356286	CD14
691	GO_Biological_Process_2023	Regulation Of Macromolecule Metabolic Process (GO:0060255)	1/162	0.4616638704825594	0.4843467774137834	0	0	1.636687370600414	1.2650254658804614	CDH1
692	GO_Biological_Process_2023	Nitrogen Compound Transport (GO:0071705)	1/163	0.4637262486347202	0.4858084509506593	0	0	1.6265020576131688	1.2499032061814843	HSP90B1
693	GO_Biological_Process_2023	Generation Of Neurons (GO:0048699)	1/172	0.481940234402135	0.5041622625013689	0	0	1.5401949317738792	1.1242424457162865	PCSK9
694	GO_Biological_Process_2023	Neuron Differentiation (GO:0030182)	1/173	0.4839259340768979	0.5055111196256517	0	0	1.5311627906976744	1.1113538022082736	PCSK9
695	GO_Biological_Process_2023	Positive Regulation Of Hydrolase Activity (GO:0051345)	1/176	0.4898380771759582	0.5109517873990599	0	0	1.5046857142857142	1.0738646982816578	CALM1
696	GO_Biological_Process_2023	Nervous System Development (GO:0007399)	2/433	0.4922316306460522	0.5127118563113829	0	0	1.2223615727096004	0.8664170693455802	CDH1;PCSK9
697	GO_Biological_Process_2023	Negative Regulation Of Macromolecule Metabolic Process (GO:0010605)	1/186	0.5090665997144485	0.529487609445114	0	0	1.4226306306306309	0.960526665786048	PCSK9
698	GO_Biological_Process_2023	Defense Response To Virus (GO:0051607)	1/189	0.5146944064870527	0.533513362582104	0	0	1.3997163120567375	0.929666295456086	RNASE1
699	GO_Biological_Process_2023	Endocytosis (GO:0006897)	1/189	0.5146944064870527	0.533513362582104	0	0	1.3997163120567375	0.929666295456086	CD14
700	GO_Biological_Process_2023	Regulation Of Nucleic Acid-Templated Transcription (GO:1903506)	2/452	0.5151416903168801	0.533513362582104	0	0	1.1696096096096096	0.7758175973820725	EFEMP1;CALR
701	GO_Biological_Process_2023	Regulation Of Angiogenesis (GO:0045765)	1/205	0.5436511577117075	0.5622375220779198	0	0	1.288888888888889	0.785510100830974	LRG1
702	GO_Biological_Process_2023	Protein Phosphorylation (GO:0006468)	2/500	0.5699678510175187	0.5886154478502398	0	0	1.054271138608488	0.5926852162614815	EFEMP1;YWHAZ
703	GO_Biological_Process_2023	Cellular Response To Lipid (GO:0071396)	1/228	0.5823125631691778	0.599658043774217	0	0	1.1569456681350954	0.6256159697192035	CD14
704	GO_Biological_Process_2023	Cilium Organization (GO:0044782)	1/228	0.5823125631691778	0.599658043774217	0	0	1.1569456681350954	0.6256159697192035	FLNA
705	GO_Biological_Process_2023	Negative Regulation Of Intracellular Signal Transduction (GO:1902532)	1/231	0.5871108458192835	0.6028889307847239	0	0	1.1416811594202898	0.6079927598899758	TMSB4X
706	GO_Biological_Process_2023	Positive Regulation Of Phosphorylation (GO:0042327)	1/231	0.5871108458192835	0.6028889307847239	0	0	1.1416811594202898	0.6079927598899758	PPIA
707	GO_Biological_Process_2023	Regulation Of Autophagy (GO:0010506)	1/241	0.602715606061997	0.6180388841822173	0	0	1.0935555555555556	0.5536779222303043	GAPDH
708	GO_Biological_Process_2023	Cilium Assembly (GO:0060271)	1/243	0.6057659842399461	0.6202906975433016	0	0	1.0844077134986223	0.5435718719047018	FLNA
709	GO_Biological_Process_2023	Positive Regulation Of Programmed Cell Death (GO:0043068)	1/245	0.6087932471136649	0.622512531555663	0	0	1.0754098360655735	0.5337006990035701	CTSD
710	GO_Biological_Process_2023	Positive Regulation Of DNA-binding Transcription Factor Activity (GO:0051091)	1/246	0.610298264424227	0.6231737552348646	0	0	1.0709659863945578	0.5288510183806993	PPIA
711	GO_Biological_Process_2023	Cytokine-Mediated Signaling Pathway (GO:0019221)	1/257	0.6264809940580061	0.6387994405703826	0	0	1.024375	0.4790354898242975	TMSB4X
712	GO_Biological_Process_2023	Negative Regulation Of Signal Transduction (GO:0009968)	1/267	0.6406160639892471	0.6522963007800748	0	0	0.9853634085213032	0.4388069260500377	CALR
713	GO_Biological_Process_2023	Positive Regulation Of Cell Migration (GO:0030335)	1/272	0.6474843116692787	0.6583664009410312	0	0	0.9669372693726938	0.4202896446569869	PFN1
714	GO_Biological_Process_2023	Organelle Assembly (GO:0070925)	1/322	0.7094243936169427	0.7203386150572033	0	0	0.8142471443406023	0.2795321446739909	FLNA
715	GO_Biological_Process_2023	Intracellular Protein Transport (GO:0006886)	1/325	0.7127783277500963	0.7227333323276115	0	0	0.8065843621399177	0.2730972111318384	CALR
716	GO_Biological_Process_2023	Negative Regulation Of DNA-templated Transcription (GO:0045892)	3/1025	0.7543167750072324	0.7637851864089968	0	0	0.7600729163874219	0.214297141886339	FLNA;CALR;YWHAZ
717	GO_Biological_Process_2023	Negative Regulation Of Transcription By RNA Polymerase II (GO:0000122)	2/763	0.7917448680903347	0.8005665379297814	0	0	0.680576765990695	0.1589256153442566	CALR;YWHAZ
718	GO_Biological_Process_2023	Organelle Organization (GO:0006996)	1/418	0.7997678347080253	0.8075541696773663	0	0	0.6237250199840128	0.1393612513995853	PPIA
719	GO_Biological_Process_2023	Phosphorylation (GO:0016310)	1/429	0.8081542646113612	0.8148888834831225	0	0	0.6073520249221184	0.1293673886253654	YWHAZ
720	GO_Biological_Process_2023	Negative Regulation Of Nucleic Acid-Templated Transcription (GO:1903507)	1/456	0.8272976794463154	0.833034833950104	0	0	0.5705201465201465	0.1081653126662359	CALR
721	GO_Biological_Process_2023	Positive Regulation Of Nucleic Acid-Templated Transcription (GO:1903508)	1/557	0.8835989419501592	0.888494226947113	0	0	0.4644604316546762	0.0574779095989723	CDH1
722	GO_Biological_Process_2023	Protein Modification Process (GO:0036211)	1/711	0.936469457267306	0.940355222650158	0	0	0.3608262910798122	0.0236840500804815	YWHAZ
723	GO_Biological_Process_2023	Regulation Of DNA-templated Transcription (GO:0006355)	4/1922	0.9421527887784512	0.9447554207916512	0	0	0.521550225929788	0.0310780417152315	EFEMP1;CDH1;CALR;ACTB
724	GO_Biological_Process_2023	Positive Regulation Of DNA-templated Transcription (GO:0045893)	2/1243	0.9542620496565644	0.955578273173332	0	0	0.4068863383931877	0.0190491814609677	CDH1;ACTB
725	GO_Biological_Process_2023	Regulation Of Transcription By RNA Polymerase II (GO:0006357)	3/2028	0.9865521766341409	0.9865521766341409	0	0	0.3632470826991374	0.0049180255949591	CALR;YWHAZ;ACTB
