	Gene_set	Term	Overlap	P-value	Adjusted P-value	Old P-value	Old Adjusted P-value	Odds Ratio	Combined Score	Genes
0	GO_Biological_Process_2023	Reverse Cholesterol Transport (GO:0043691)	8/16	7.703896324051187e-17	4.7610079282636345e-14	0	0	362.3454545454546	13443.820902407162	APOM;APOC2;APOA2;APOA1;APOC3;LCAT;APOA4;CLU
1	GO_Biological_Process_2023	Negative Regulation Of Blood Coagulation (GO:0030195)	9/30	2.283027258605159e-16	7.054554229089942e-14	0	0	158.06349206349208	5692.792471754206	VTN;CPB2;PROC;APOH;F12;PLG;F2;KLKB1;KNG1
2	GO_Biological_Process_2023	Cholesterol Transport (GO:0030301)	10/51	5.25042134326425e-16	1.0815867967124354e-13	0	0	91.56005522319374	3221.3622901276235	APOM;APOC2;APOC1;APOA2;APOA1;LCAT;APOC3;APOA4;APOB;CLU
3	GO_Biological_Process_2023	High-Density Lipoprotein Particle Remodeling (GO:0034375)	7/15	1.3753898689027704e-14	2.1249773474547804e-12	0	0	311.390625	9938.79597125615	APOM;APOC1;APOA2;APOA1;APOC3;LCAT;APOA4
4	GO_Biological_Process_2023	Phospholipid Efflux (GO:0033700)	6/11	3.48977883721377e-13	4.313366642796219e-11	0	0	419.62105263157895	12036.312856618366	APOC2;APOC1;APOA2;APOA1;APOC3;APOA4
5	GO_Biological_Process_2023	Cholesterol Efflux (GO:0033344)	7/23	5.138548070675909e-13	5.292704512796186e-11	0	0	155.6328125	4403.916116418827	APOM;APOC2;APOC1;APOA2;APOA1;APOC3;APOA4
6	GO_Biological_Process_2023	Negative Regulation Of Peptidase Activity (GO:0010466)	8/60	1.3755821459937983e-11	1.214442523177382e-09	0	0	55.62237762237762	1391.0911350067977	VTN;ECM1;SERPIND1;FETUB;SERPINA7;SERPINA4;KNG1;SERPINA5
7	GO_Biological_Process_2023	Regulation Of Endopeptidase Activity (GO:0052548)	8/69	4.397406135982848e-11	3.39699624004675e-09	0	0	47.39433681073025	1130.2327110168817	VTN;SERPIND1;AHSG;FETUB;SERPINA7;SERPINA4;KNG1;SERPINA5
8	GO_Biological_Process_2023	Cholesterol Homeostasis (GO:0042632)	8/72	6.248617167379416e-11	4.290717121600533e-09	0	0	45.16590909090909	1061.2216252418802	APOM;APOC2;APOA2;APOA1;LCAT;APOC3;APOA4;APOB
9	GO_Biological_Process_2023	Sterol Homeostasis (GO:0055092)	8/73	7.000518969861249e-11	4.326320723374253e-09	0	0	44.46881118881119	1039.7898314719787	APOM;APOC2;APOA2;APOA1;LCAT;APOC3;APOA4;APOB
10	GO_Biological_Process_2023	Regulation Of Blood Coagulation (GO:0030193)	6/29	3.4341227195894695e-10	1.9293525824602656e-08	0	0	91.1395881006865	1986.122054637783	VTN;PROC;APOH;F12;F2;KNG1
11	GO_Biological_Process_2023	Regulation Of Lipoprotein Lipase Activity (GO:0051004)	5/15	7.7283515536994e-10	3.9801010501551915e-08	0	0	171.7844827586207	3604.202561406767	APOC2;APOH;APOC1;APOC3;APOA4
12	GO_Biological_Process_2023	Regulation Of Fibrinolysis (GO:0051917)	5/16	1.121415502658162e-09	5.3310367741749564e-08	0	0	156.15987460815046	3218.247964538635	VTN;F12;PLG;F2;KLKB1
13	GO_Biological_Process_2023	Negative Regulation Of Endopeptidase Activity (GO:0010951)	7/66	1.469136738486406e-09	6.48518931703285e-08	0	0	42.11440677966102	856.5476888615283	VTN;SERPIND1;FETUB;SERPINA7;SERPINA4;KNG1;SERPINA5
14	GO_Biological_Process_2023	Regulation Of Receptor-Mediated Endocytosis (GO:0048259)	6/39	2.3017809884865303e-09	9.483337672564505e-08	0	0	63.4896331738437	1262.7823077524574	C3;VTN;APOC2;APOC1;APOC3;CLU
15	GO_Biological_Process_2023	Positive Regulation Of Blood Coagulation (GO:0030194)	5/21	5.161618394782963e-09	1.925506663838379e-07	0	0	107.33297413793105	2048.1294937882467	VTN;F12;APOH;PLG;F2
16	GO_Biological_Process_2023	Negative Regulation Of Cellular Component Organization (GO:0051129)	7/79	5.2967011788434365e-09	1.925506663838379e-07	0	0	34.48784722222222	657.2066806687556	APOM;PON1;APOA2;APOA1;APOC3;APOA4;CLU
17	GO_Biological_Process_2023	Regulation Of Cholesterol Transport (GO:0032374)	5/23	8.49410472659142e-09	2.916309289463054e-07	0	0	95.39750957854406	1772.8571558502224	APOC2;APOC1;APOA2;APOA1;APOA4
18	GO_Biological_Process_2023	Acylglycerol Homeostasis (GO:0055090)	5/24	1.0703515320330785e-08	3.481459193665487e-07	0	0	90.37205081669693	1658.5705599821322	APOC2;APOC4;APOA1;APOC3;APOA4
19	GO_Biological_Process_2023	Negative Regulation Of Hemostasis (GO:1900047)	4/10	1.8502049972433976e-08	5.197394037710999e-07	0	0	225.2090395480226	4009.9334973648542	VTN;PROC;APOH;KNG1
20	GO_Biological_Process_2023	Regulation Of Triglyceride Catabolic Process (GO:0010896)	4/10	1.8502049972433976e-08	5.197394037710999e-07	0	0	225.2090395480226	4009.9334973648542	APOC2;APOC3;APOA4;GPLD1
21	GO_Biological_Process_2023	Negative Regulation Of Cholesterol Transport (GO:0032375)	4/10	1.8502049972433976e-08	5.197394037710999e-07	0	0	225.2090395480226	4009.9334973648542	APOC2;APOC1;APOA2;APOC3
22	GO_Biological_Process_2023	Phosphatidylcholine Metabolic Process (GO:0046470)	6/55	1.9668076654372497e-08	5.284726683653132e-07	0	0	42.723952738990334	758.1053097162041	PON1;APOA2;APOA1;LCAT;APOA4;GPLD1
23	GO_Biological_Process_2023	Negative Regulation Of Wound Healing (GO:0061045)	5/28	2.4511274004323433e-08	6.311653056113283e-07	0	0	74.64017991004498	1308.004414644	APCS;VTN;PROC;APOH;KNG1
24	GO_Biological_Process_2023	Phospholipid Transport (GO:0015914)	6/59	3.0271927349403904e-08	7.483220440772645e-07	0	0	39.491559086395235	683.7191413208254	APOC2;APOC1;APOA2;APOA1;APOC3;APOA4
25	GO_Biological_Process_2023	Triglyceride Homeostasis (GO:0070328)	5/31	4.2070227563292363e-08	9.93538314486087e-07	0	0	66.01790450928382	1121.2431738455475	APOC2;APOC4;APOA1;APOC3;APOA4
26	GO_Biological_Process_2023	Negative Regulation Of Coagulation (GO:0050819)	4/12	4.340701373968341e-08	9.93538314486087e-07	0	0	168.88983050847455	2863.1293072787835	VTN;PROC;APOH;KNG1
27	GO_Biological_Process_2023	Proteolysis (GO:0006508)	10/330	7.687869125085303e-08	1.6968225426081131e-06	0	0	11.566627358490566	189.47335183158648	F7;CPB2;ADAMTS13;PROC;F12;PLG;KLKB1;CNDP1;HGFAC;HABP2
28	GO_Biological_Process_2023	Positive Regulation Of Endocytosis (GO:0045807)	6/79	1.7784100497235234e-07	3.789853140445301e-06	0	0	28.64311463590483	445.1820550853312	C3;VTN;AHSG;APOA2;APOA1;CLU
29	GO_Biological_Process_2023	Negative Regulation Of Lipid Catabolic Process (GO:0050995)	4/18	2.645657641564633e-07	5.450054741623144e-06	0	0	96.47941888619854	1461.197777556852	APOC1;APOA2;APOC3;GPLD1
30	GO_Biological_Process_2023	Triglyceride Metabolic Process (GO:0006641)	5/45	2.92448581791282e-07	5.5527508120428415e-06	0	0	42.88146551724138	645.1506613386363	APOH;APOC1;APOA2;APOC3;APOB
31	GO_Biological_Process_2023	Zymogen Activation (GO:0031638)	5/45	2.92448581791282e-07	5.5527508120428415e-06	0	0	42.88146551724138	645.1506613386363	C1R;APOH;F12;KLKB1;HGFAC
32	GO_Biological_Process_2023	Regulation Of Very-Low-Density Lipoprotein Particle Remodeling (GO:0010901)	3/5	2.96506111322676e-07	5.5527508120428415e-06	0	0	498.375	7491.173306827062	APOC2;APOA2;APOC3
33	GO_Biological_Process_2023	Secondary Alcohol Metabolic Process (GO:1902652)	5/47	3.654042480962021e-07	6.64175956833685e-06	0	0	40.835385878489326	605.2727706881482	APOA2;LCAT;APOA1;APOA4;APOB
34	GO_Biological_Process_2023	Positive Regulation Of Protein Processing (GO:0010954)	4/20	4.16924855446774e-07	7.361701733317324e-06	0	0	84.41101694915254	1240.0282129497211	CLEC3B;GSN;F12;KLKB1
35	GO_Biological_Process_2023	Positive Regulation Of CoA-transferase Activity (GO:1905920)	3/7	1.0331248485507845e-06	1.7255977200118506e-05	0	0	249.1625	3434.1874311348283	APOA2;APOA1;APOA4
36	GO_Biological_Process_2023	Regulation Of CoA-transferase Activity (GO:1905918)	3/7	1.0331248485507845e-06	1.7255977200118506e-05	0	0	249.1625	3434.1874311348283	APOA2;APOA1;APOA4
37	GO_Biological_Process_2023	Sterol Transport (GO:0015918)	4/25	1.0758051236730814e-06	1.7495988590262218e-05	0	0	64.29701372074254	883.5979319653068	APOA2;LCAT;APOA1;APOB
38	GO_Biological_Process_2023	Sterol Metabolic Process (GO:0016125)	5/60	1.260780843692718e-06	1.911897940717869e-05	0	0	31.163009404388713	423.3114424385785	APOA2;APOA1;LCAT;APOA4;APOB
39	GO_Biological_Process_2023	Negative Regulation Of Lipid Metabolic Process (GO:0045833)	4/26	1.2684112551688129e-06	1.911897940717869e-05	0	0	61.3713405238829	833.2844377667974	APOC2;APOC1;APOA2;APOC3
40	GO_Biological_Process_2023	Regulation Of Fatty Acid Biosynthetic Process (GO:0042304)	4/26	1.2684112551688129e-06	1.911897940717869e-05	0	0	61.3713405238829	833.2844377667974	APOC2;APOC1;APOC3;APOA4
41	GO_Biological_Process_2023	Glycerophospholipid Metabolic Process (GO:0006650)	5/62	1.4866208614225397e-06	2.187456410378879e-05	0	0	30.066545674531156	403.46312348538214	PON1;APOA1;LCAT;APOA4;GPLD1
42	GO_Biological_Process_2023	Negative Regulation Of Lipase Activity (GO:0060192)	3/8	1.6492914756607608e-06	2.3165048453598863e-05	0	0	199.32	2653.9786421486533	APOC1;APOA2;APOC3
43	GO_Biological_Process_2023	Triglyceride-Rich Lipoprotein Particle Remodeling (GO:0034370)	3/8	1.6492914756607608e-06	2.3165048453598863e-05	0	0	199.32	2653.9786421486533	APOC2;LCAT;APOA4
44	GO_Biological_Process_2023	Protein Processing (GO:0016485)	6/117	1.8235831360580048e-06	2.504387506852993e-05	0	0	18.801327643432906	248.4540404609699	F7;ADAMTS13;C1R;F12;KLKB1;HGFAC
45	GO_Biological_Process_2023	Cholesterol Metabolic Process (GO:0008203)	5/67	2.1920747997757135e-06	2.945004839698676e-05	0	0	27.63487208008899	360.1006792982821	APOA2;APOA1;LCAT;APOA4;APOB
46	GO_Biological_Process_2023	High-Density Lipoprotein Particle Assembly (GO:0034380)	3/9	2.468385425420852e-06	3.245664240234227e-05	0	0	166.09166666666667	2144.5666800438885	APOM;APOA2;APOA1
47	GO_Biological_Process_2023	Very-Low-Density Lipoprotein Particle Assembly (GO:0034379)	3/10	3.51834986072042e-06	4.529875445677541e-05	0	0	142.35714285714286	1787.652450457297	APOC1;APOC3;APOB
48	GO_Biological_Process_2023	Negative Regulation Of Fibrinolysis (GO:0051918)	3/11	4.826870811675947e-06	6.087767676766806e-05	0	0	124.55625	1524.7319383931963	VTN;PLG;F2
49	GO_Biological_Process_2023	Positive Regulation Of Wound Healing (GO:0090303)	4/40	7.502078185369772e-06	9.272568637117038e-05	0	0	37.47834274952919	442.2568304528893	VTN;APOH;F12;F2
50	GO_Biological_Process_2023	Negative Regulation Of Multicellular Organismal Process (GO:0051241)	7/231	7.993983908536926e-06	9.686827559756512e-05	0	0	11.000558035714286	129.11158398228088	PROC;APOM;PON1;APOA2;APOA1;APOC3;APOA4
51	GO_Biological_Process_2023	Acylglycerol Metabolic Process (GO:0006639)	4/41	8.293541019637785e-06	9.856554519492598e-05	0	0	36.46358222629409	426.6251349090818	APOH;APOC1;APOA2;APOC3
52	GO_Biological_Process_2023	Positive Regulation Of Triglyceride Metabolic Process (GO:0090208)	3/18	2.3498426630815085e-05	0.000274000521846108	0	0	66.40666666666667	707.8005760187399	APOC2;APOA4;GPLD1
53	GO_Biological_Process_2023	Phosphatidylcholine Biosynthetic Process (GO:0006656)	3/19	2.7841738818141377e-05	0.0003128399016292977	0	0	62.253125	652.9714261591255	APOA2;APOA1;LCAT
54	GO_Biological_Process_2023	Regulation Of Acute Inflammatory Response (GO:0002673)	3/19	2.7841738818141377e-05	0.0003128399016292977	0	0	62.253125	652.9714261591255	APCS;F12;KLKB1
55	GO_Biological_Process_2023	Positive Regulation Of Lipid Catabolic Process (GO:0050996)	3/20	3.2681459259697886e-05	0.0003606632468302374	0	0	58.588235294117645	605.1404603197609	APOC2;APOA2;APOA4
56	GO_Biological_Process_2023	Positive Regulation Of Phagocytosis (GO:0050766)	4/60	3.818674916040323e-05	0.0004140247540548982	0	0	24.06900726392252	244.8545400083956	C3;AHSG;APOA2;APOA1
57	GO_Biological_Process_2023	Regulation Of Lipid Catabolic Process (GO:0050994)	3/23	5.04298395909797e-05	0.0005373386356418182	0	0	49.7925	492.6931776784888	APOC1;APOA2;APOC3
58	GO_Biological_Process_2023	Negative Regulation Of Receptor-Mediated Endocytosis (GO:0048261)	3/26	7.353862470866202e-05	0.0007702859333890362	0	0	43.291304347826085	412.03363802026223	APOC2;APOC1;APOC3
59	GO_Biological_Process_2023	Negative Regulation Of Lipoprotein Lipase Activity (GO:0051005)	2/5	9.70564938933939e-05	0.000983293659444548	0	0	217.85792349726776	2013.054561860092	APOC1;APOC3
60	GO_Biological_Process_2023	Humoral Immune Response Mediated By Circulating Immunoglobulin (GO:0002455)	2/5	9.70564938933939e-05	0.000983293659444548	0	0	217.85792349726776	2013.054561860092	C1QB;C1R
61	GO_Biological_Process_2023	Positive Regulation Of Lipoprotein Lipase Activity (GO:0051006)	2/6	0.00014528937987106567	0.0013813667193895	0	0	163.38524590163934	1443.799976685783	APOC2;APOH
62	GO_Biological_Process_2023	Negative Regulation Of Lipoprotein Particle Clearance (GO:0010985)	2/6	0.00014528937987106567	0.0013813667193895	0	0	163.38524590163934	1443.799976685783	APOC2;APOC3
63	GO_Biological_Process_2023	Regulation Of Intestinal Cholesterol Absorption (GO:0030300)	2/6	0.00014528937987106567	0.0013813667193895	0	0	163.38524590163934	1443.799976685783	APOA1;APOA4
64	GO_Biological_Process_2023	Positive Regulation Of Triglyceride Catabolic Process (GO:0010898)	2/6	0.00014528937987106567	0.0013813667193895	0	0	163.38524590163934	1443.799976685783	APOC2;APOA4
65	GO_Biological_Process_2023	Negative Regulation Of Endocytosis (GO:0045806)	3/33	0.00015191135654470502	0.0014224427021913	0	0	33.178333333333335	291.710986520245	APOC2;APOC1;APOC3
66	GO_Biological_Process_2023	Very-Low-Density Lipoprotein Particle Remodeling (GO:0034372)	2/7	0.00020299241191888755	0.0017921330080838	0	0	130.7016393442623	1111.270032350074	APOC2;LCAT
67	GO_Biological_Process_2023	Positive Regulation Of Plasminogen Activation (GO:0010756)	2/7	0.00020299241191888755	0.0017921330080838	0	0	130.7016393442623	1111.270032350074	CLEC3B;F12
68	GO_Biological_Process_2023	Positive Regulation Of Triglyceride Lipase Activity (GO:0061365)	2/7	0.00020299241191888755	0.0017921330080838	0	0	130.7016393442623	1111.270032350074	APOC2;APOH
69	GO_Biological_Process_2023	Regulation Of Cdc42 Protein Signal Transduction (GO:0032489)	2/7	0.00020299241191888755	0.0017921330080838	0	0	130.7016393442623	1111.270032350074	APOA1;APOC3
70	GO_Biological_Process_2023	Positive Regulation Of Lipid Biosynthetic Process (GO:0046889)	3/39	0.00025105404353398323	0.0021852309704788	0	0	27.64027777777778	229.13354471098393	APOC2;APOA4;GPLD1
71	GO_Biological_Process_2023	Synapse Pruning (GO:0098883)	2/8	0.00027010736180115496	0.0022866623231933	0	0	108.91256830601093	894.9009243287231	C1QB;C3
72	GO_Biological_Process_2023	Response To Misfolded Protein (GO:0051788)	2/8	0.00027010736180115496	0.0022866623231933	0	0	108.91256830601093	894.9009243287231	F12;CLU
73	GO_Biological_Process_2023	Negative Regulation Of Proteolysis (GO:0045861)	3/41	0.0002915261016195167	0.0024346369027143	0	0	26.182894736842105	213.1387392007622	ECM1;F2;KNG1
74	GO_Biological_Process_2023	Positive Regulation Of Receptor-Mediated Endocytosis (GO:0048260)	3/43	0.0003359871776924858	0.002768534344186	0	0	24.87125	198.93114017307255	C3;VTN;CLU
75	GO_Biological_Process_2023	Regulation Of Coagulation (GO:0050818)	2/10	0.0004323414002614042	0.0034664796660823	0	0	81.67622950819673	632.6881685393935	PROC;F2
76	GO_Biological_Process_2023	Negative Regulation Of Hydrolase Activity (GO:0051346)	3/47	0.0004375168510589349	0.0034664796660823	0	0	22.605681818181814	174.8412800262167	ECM1;APOA2;SERPINA5
77	GO_Biological_Process_2023	Regulation Of Wound Healing (GO:0061041)	3/47	0.0004375168510589349	0.0034664796660823	0	0	22.605681818181814	174.8412800262167	APCS;VTN;F2
78	GO_Biological_Process_2023	Positive Regulation Of Hemostasis (GO:1900048)	2/11	0.0005273453296094256	0.0040737426712328	0	0	72.59744990892531	547.9405021349086	F12;F2
79	GO_Biological_Process_2023	Positive Regulation Of Coagulation (GO:0050820)	2/11	0.0005273453296094256	0.0040737426712328	0	0	72.59744990892531	547.9405021349086	F12;F2
80	GO_Biological_Process_2023	Negative Regulation Of Response To Stimulus (GO:0048585)	3/52	0.0005896636429107236	0.004498915201467	0	0	20.293877551020408	150.90442681679065	IGFBP3;APOA1;CLU
81	GO_Biological_Process_2023	Negative Regulation Of Metabolic Process (GO:0009892)	3/53	0.0006236449195160713	0.0045916008206411	0	0	19.887	146.7646557947637	APOC2;APOC1;APOC3
82	GO_Biological_Process_2023	Fibrinolysis (GO:0042730)	2/12	0.0006315308572079307	0.0045916008206411	0	0	65.3344262295082	481.3424836925602	PLG;F2
83	GO_Biological_Process_2023	Low-Density Lipoprotein Particle Remodeling (GO:0034374)	2/12	0.0006315308572079307	0.0045916008206411	0	0	65.3344262295082	481.3424836925602	APOA2;APOB
84	GO_Biological_Process_2023	Organophosphate Catabolic Process (GO:0046434)	2/12	0.0006315308572079307	0.0045916008206411	0	0	65.3344262295082	481.3424836925602	PON1;APOA2
85	GO_Biological_Process_2023	Regulation Of Lipid Metabolic Process (GO:0019216)	3/54	0.0006588525835153096	0.0047345453094472	0	0	19.49607843137255	142.80898400941996	APOC2;APOC1;APOC3
86	GO_Biological_Process_2023	Positive Regulation Of Fatty Acid Biosynthetic Process (GO:0045723)	2/13	0.000744841049273835	0.0052909398672555	0	0	59.39195230998509	427.7610171128168	APOC2;APOA4
87	GO_Biological_Process_2023	Regulation Of Phagocytosis (GO:0050764)	3/58	0.0008122998449177647	0.0057045602745361	0	0	18.074545454545454	128.6119770329774	AHSG;APOA2;APOA1
88	GO_Biological_Process_2023	Negative Regulation Of Fatty Acid Biosynthetic Process (GO:0045717)	2/14	0.0008672192285085808	0.0058894668485527	0	0	54.439890710382514	383.81313847540514	APOC1;APOC3
89	GO_Biological_Process_2023	Blood Coagulation, Fibrin Clot Formation (GO:0072378)	2/14	0.0008672192285085808	0.0058894668485527	0	0	54.439890710382514	383.81313847540514	F12;F13B
90	GO_Biological_Process_2023	Protein Activation Cascade (GO:0072376)	2/14	0.0008672192285085808	0.0058894668485527	0	0	54.439890710382514	383.81313847540514	F12;F13B
91	GO_Biological_Process_2023	Regulation Of Plasminogen Activation (GO:0010755)	2/16	0.0011389541194601	0.0076508004981124	0	0	46.65807962529274	316.2318943313879	CLEC3B;F12
92	GO_Biological_Process_2023	Negative Regulation Of Protein Metabolic Process (GO:0051248)	4/147	0.0011919611723143	0.0079207742418308	0	0	9.384378333530876	63.1770921891824	APCS;F2;CLU;KNG1
93	GO_Biological_Process_2023	Negative Regulation Of Cellular Catabolic Process (GO:0031330)	3/67	0.0012359816413555	0.0081259218548692	0	0	15.52578125	103.95891989482092	APOC1;APOC3;GPLD1
94	GO_Biological_Process_2023	Positive Regulation Of Fatty Acid Metabolic Process (GO:0045923)	2/17	0.0012881987531393	0.0083800718888436	0	0	43.54535519125683	289.7730168913341	APOC2;APOA4
95	GO_Biological_Process_2023	Positive Regulation Of G Protein-Coupled Receptor Signaling Pathway (GO:0045745)	2/18	0.0014462872168013	0.0092327260734136	0	0	40.82172131147541	266.9232566421176	C3;F2
96	GO_Biological_Process_2023	Positive Regulation Of Response To External Stimulus (GO:0032103)	4/155	0.0014491495616846	0.0092327260734136	0	0	8.883600853069929	58.07013020429508	VTN;APOH;PLG;F2
97	GO_Biological_Process_2023	Negative Regulation Of Catabolic Process (GO:0009895)	3/72	0.0015216475319313	0.0095956956605469	0	0	14.397101449275365	93.4078417650356	APOC1;APOA2;APOC3
98	GO_Biological_Process_2023	Negative Regulation Of Fatty Acid Metabolic Process (GO:0045922)	2/19	0.0016131641035403	0.0099693541598796	0	0	38.41851494696239	247.0140604025296	APOC1;APOC3
99	GO_Biological_Process_2023	Regulation Of Smooth Muscle Cell Migration (GO:0014910)	2/19	0.0016131641035403	0.0099693541598796	0	0	38.41851494696239	247.0140604025296	VTN;IGFBP3
100	GO_Biological_Process_2023	Positive Regulation Of Lipid Storage (GO:0010884)	2/20	0.001788774259171	0.0109451731897792	0	0	36.28233151183971	229.5301805177287	C3;APOC4
101	GO_Biological_Process_2023	Regulation Of Lipid Storage (GO:0010883)	2/21	0.0019730627789315	0.0119544391899967	0	0	34.371009490940466	214.06842946223543	C3;APOB
102	GO_Biological_Process_2023	Positive Regulation Of Cholesterol Efflux (GO:0010875)	2/22	0.0021659750080163	0.0129958500480978	0	0	32.65081967213115	200.30901302971847	PON1;APOA1
103	GO_Biological_Process_2023	Positive Regulation Of Cellular Biosynthetic Process (GO:0031328)	4/174	0.0022107579733138	0.0131370041106536	0	0	7.883150548354935	48.20089217688113	APOC2;APOA4;CLU;GPLD1
104	GO_Biological_Process_2023	Negative Regulation Of Cytokine Production (GO:0001818)	4/178	0.0024005148024587	0.0141287442658999	0	0	7.700370153906098	46.44918768480102	APOA2;FN1;APOA1;F2
105	GO_Biological_Process_2023	Integrin-Mediated Signaling Pathway (GO:0007229)	3/85	0.0024478928071568	0.0142716769322917	0	0	12.106707317073171	72.79191313864128	ADAMTS13;FN1;APOA1
106	GO_Biological_Process_2023	Positive Regulation Of Lipid Metabolic Process (GO:0045834)	2/24	0.002577453215505	0.0146134503411201	0	0	29.6795827123696	176.9186122505105	APOA2;F2
107	GO_Biological_Process_2023	Acylglycerol Catabolic Process (GO:0046464)	2/24	0.002577453215505	0.0146134503411201	0	0	29.6795827123696	176.9186122505105	APOA2;APOC3
108	GO_Biological_Process_2023	Response To Hexose (GO:0009746)	2/24	0.002577453215505	0.0146134503411201	0	0	29.6795827123696	176.9186122505105	APOA2;GPLD1
109	GO_Biological_Process_2023	Negative Regulation Of Lipid Biosynthetic Process (GO:0051055)	2/25	0.0027959111229246	0.0157079370360673	0	0	28.38774055595153	166.90848108900067	APOC1;APOC3
110	GO_Biological_Process_2023	Acute Inflammatory Response (GO:0002526)	2/26	0.0030227765952782	0.0168295129358736	0	0	27.203551912568305	157.8235682211173	APCS;HPR
111	GO_Biological_Process_2023	Peptide Cross-Linking (GO:0018149)	2/27	0.0032579962101204	0.0179771576594147	0	0	26.11409836065574	149.54611680407334	FN1;F13B
112	GO_Biological_Process_2023	Positive Regulation Of Supramolecular Fiber Organization (GO:1902905)	3/96	0.003455291549789	0.0188970812192001	0	0	10.668817204301074	60.46923895267782	GSN;TNXB;CLU
113	GO_Biological_Process_2023	Protein Stabilization (GO:0050821)	4/208	0.0041936759668579	0.0227341381361245	0	0	6.557992688600864	35.89961674647207	APOA2;AFM;APOA1;CLU
114	GO_Biological_Process_2023	Positive Regulation Of Cholesterol Transport (GO:0032376)	2/31	0.0042813561678117	0.0228092940664452	0	0	22.507631430186542	122.74504069720068	PON1;APOA1
115	GO_Biological_Process_2023	Endodermal Cell Differentiation (GO:0035987)	2/31	0.0042813561678117	0.0228092940664452	0	0	22.507631430186542	122.74504069720068	VTN;FN1
116	GO_Biological_Process_2023	Regulation Of Cholesterol Efflux (GO:0010874)	2/32	0.0045575536632649	0.0240732321700659	0	0	21.756284153005463	117.28745944543245	PON1;APOA1
117	GO_Biological_Process_2023	Glycerophospholipid Biosynthetic Process (GO:0046474)	3/108	0.004806941371781	0.0251447573900823	0	0	9.443809523809524	50.40816813869841	APOA2;APOA1;LCAT
118	GO_Biological_Process_2023	Positive Regulation Of Small Molecule Metabolic Process (GO:0062013)	2/33	0.0048417898534301	0.0251447573900823	0	0	21.053410893707035	112.22459247641284	APOA1;GPLD1
119	GO_Biological_Process_2023	Cell-Matrix Adhesion (GO:0007160)	3/109	0.0049319992975491	0.0253997963823782	0	0	9.354245283018868	49.6898523070011	VTN;ADAMTS13;FN1
120	GO_Biological_Process_2023	Negative Regulation Of Inflammatory Response (GO:0050728)	3/111	0.0051879835121422	0.0264973042190408	0	0	9.180092592592592	48.30023271739973	APCS;PROC;APOA1
121	GO_Biological_Process_2023	Endoderm Formation (GO:0001706)	2/35	0.0054341716135514	0.0275271971899573	0	0	19.77545951316443	103.12997428192148	VTN;FN1
122	GO_Biological_Process_2023	Protein Maturation (GO:0051604)	3/117	0.0060034833227253	0.0301638430361321	0	0	8.694298245614036	44.47494735014511	F7;ADAMTS13;F12
123	GO_Biological_Process_2023	Regulation Of Ossification (GO:0030278)	2/37	0.0060580903990957	0.0301927408600096	0	0	18.643559718969556	95.20073961713096	ECM1;AHSG
124	GO_Biological_Process_2023	Vitamin Transport (GO:0051180)	2/39	0.0067131389248997	0.0331897588447044	0	0	17.634027470093045	88.23518291781329	AFM;APOA1
125	GO_Biological_Process_2023	Negative Regulation Of Cellular Process (GO:0048523)	6/537	0.0067882919205446	0.0332949556102905	0	0	3.846962037863019	19.206173123658463	IGFBP3;APOA1;PLG;CLU;KNG1;GPLD1
126	GO_Biological_Process_2023	Organonitrogen Compound Biosynthetic Process (GO:1901566)	3/123	0.0068916212718093	0.0335356058738439	0	0	8.257083333333334	41.099210467683655	APOA2;APOA1;LCAT
127	GO_Biological_Process_2023	Negative Regulation Of Cell-Cell Adhesion (GO:0022408)	2/40	0.0070522105857789	0.0340489542344638	0	0	17.16911130284728	85.0628880339553	APOA1;PLG
128	GO_Biological_Process_2023	Positive Regulation Of Programmed Cell Death (GO:0043068)	4/245	0.0074385804947305	0.0356359902770814	0	0	5.540755327378859	27.155658757326243	IGFBP3;CLU;KNG1;GPLD1
129	GO_Biological_Process_2023	Extracellular Matrix Disassembly (GO:0022617)	2/44	0.0084843136521957	0.040333121823515	0	0	15.530835284933646	74.07488224325675	GSN;PLG
130	GO_Biological_Process_2023	Cellular Component Disassembly (GO:0022411)	2/46	0.0092451625338706	0.0432841700449396	0	0	14.823397913561848	69.42767928771477	GSN;PLG
131	GO_Biological_Process_2023	Response To Glucose (GO:0009749)	2/46	0.0092451625338706	0.0432841700449396	0	0	14.823397913561848	69.42767928771477	APOA2;GPLD1
132	GO_Biological_Process_2023	Regulation Of Protein Phosphorylation (GO:0001932)	4/265	0.0097371374894673	0.0452447441239913	0	0	5.110981232547568	23.673084255375276	C3;IGFBP3;FN1;F2
133	GO_Biological_Process_2023	Positive Regulation Of Signal Transduction (GO:0009967)	4/266	0.0098628642288233	0.0454869409956183	0	0	5.09121490490361	23.51621301354472	C3;F7;VTN;TNXB
134	GO_Biological_Process_2023	Positive Regulation Of Apoptotic Process (GO:0043065)	4/270	0.0103763443250037	0.047238232111408	0	0	5.013635784376195	22.903424592375305	IGFBP3;CLU;KNG1;GPLD1
135	GO_Biological_Process_2023	Positive Regulation Of Transferase Activity (GO:0051347)	3/143	0.0103954685552613	0.047238232111408	0	0	7.070357142857143	32.285974807128454	APOA2;APOA1;APOA4
136	GO_Biological_Process_2023	Regulation Of Cell Adhesion (GO:0030155)	3/144	0.0105931517817337	0.0477851664314706	0	0	7.019858156028369	31.923138723531668	VTN;TNXB;KNG1
137	GO_Biological_Process_2023	Positive Regulation Of Transport (GO:0051050)	2/50	0.0108545013893802	0.0481911059089306	0	0	13.585382513661202	61.44906812714711	PON1;GPLD1
138	GO_Biological_Process_2023	Positive Regulation Of Cell Death (GO:0010942)	2/50	0.0108545013893802	0.0481911059089306	0	0	13.585382513661202	61.44906812714711	HPR;CLU
139	GO_Biological_Process_2023	Negative Regulation Of Response To External Stimulus (GO:0032102)	3/146	0.0109950581442705	0.0481911059089306	0	0	6.920979020979021	31.215756505352548	APCS;PROC;APOA1
140	GO_Biological_Process_2023	Positive Regulation Of Cellular Catabolic Process (GO:0031331)	3/146	0.0109950581442705	0.0481911059089306	0	0	6.920979020979021	31.215756505352548	APOC2;APOA4;GPLD1
141	GO_Biological_Process_2023	Regulation Of Proteolysis (GO:0030162)	2/52	0.0117022207105141	0.0509293830922378	0	0	13.04065573770492	58.00453223336539	F2;KNG1
142	GO_Biological_Process_2023	Regulation Of Bone Mineralization (GO:0030500)	2/58	0.0144130287799077	0.0622884740278532	0	0	11.63992974238876	49.34891042138048	ECM1;AHSG
143	GO_Biological_Process_2023	Regulation Of Cell Death (GO:0010941)	2/59	0.014888788971931	0.0636398104110342	0	0	11.435145240149554	48.109334329905494	HPR;CLU
144	GO_Biological_Process_2023	C-terminal Protein Lipidation (GO:0006501)	1/5	0.0156525100040084	0.0636398104110342	0	0	80.375	334.1288407937727	GPLD1
145	GO_Biological_Process_2023	Positive Regulation Of Lipoprotein Particle Clearance (GO:0010986)	1/5	0.0156525100040084	0.0636398104110342	0	0	80.375	334.1288407937727	GPLD1
146	GO_Biological_Process_2023	Regulation Of Establishment Of T Cell Polarity (GO:1903903)	1/5	0.0156525100040084	0.0636398104110342	0	0	80.375	334.1288407937727	GSN
147	GO_Biological_Process_2023	Protein Import (GO:0017038)	1/5	0.0156525100040084	0.0636398104110342	0	0	80.375	334.1288407937727	CLU
148	GO_Biological_Process_2023	Cell Junction Disassembly (GO:0150146)	1/5	0.0156525100040084	0.0636398104110342	0	0	80.375	334.1288407937727	C1QB
149	GO_Biological_Process_2023	Choline Metabolic Process (GO:0019695)	1/5	0.0156525100040084	0.0636398104110342	0	0	80.375	334.1288407937727	BCHE
150	GO_Biological_Process_2023	Positive Regulation Of Endothelial Cell Development (GO:1901552)	1/5	0.0156525100040084	0.0636398104110342	0	0	80.375	334.1288407937727	PROC
151	GO_Biological_Process_2023	Positive Regulation Of Establishment Of Endothelial Barrier (GO:1903142)	1/5	0.0156525100040084	0.0636398104110342	0	0	80.375	334.1288407937727	PROC
152	GO_Biological_Process_2023	Extracellular Matrix Organization (GO:0030198)	3/176	0.0180888595033087	0.0730648050525803	0	0	5.7121387283236995	22.919722605430714	GSN;ADAMTS13;PLG
153	GO_Biological_Process_2023	Regulation Of Cellular Response To Insulin Stimulus (GO:1900076)	1/6	0.0187539657915919	0.0733541193620493	0	0	64.29677419354839	255.6664806393233	GPLD1
154	GO_Biological_Process_2023	Regulation Of Collagen Fibril Organization (GO:1904026)	1/6	0.0187539657915919	0.0733541193620493	0	0	64.29677419354839	255.6664806393233	TNXB
155	GO_Biological_Process_2023	Cytolysis By Host Of Symbiont Cells (GO:0051838)	1/6	0.0187539657915919	0.0733541193620493	0	0	64.29677419354839	255.6664806393233	F2
156	GO_Biological_Process_2023	Positive Regulation Of Cysteine-Type Endopeptidase Activity Involved In Apoptotic Signaling Pathway (GO:2001269)	1/6	0.0187539657915919	0.0733541193620493	0	0	64.29677419354839	255.6664806393233	GSN
157	GO_Biological_Process_2023	Elastic Fiber Assembly (GO:0048251)	1/6	0.0187539657915919	0.0733541193620493	0	0	64.29677419354839	255.6664806393233	TNXB
158	GO_Biological_Process_2023	Protein-Containing Complex Assembly (GO:0065003)	4/328	0.0198362999073536	0.0768034165235999	0	0	4.103996652019251	16.088658775475984	APCS;FN1;APOA4;CLU
159	GO_Biological_Process_2023	Cellular Response To Calcium Ion (GO:0071277)	2/69	0.0200086570555009	0.0768034165235999	0	0	9.72351357964277	38.03440087796273	CLU;GPLD1
160	GO_Biological_Process_2023	Phospholipid Metabolic Process (GO:0006644)	2/69	0.0200086570555009	0.0768034165235999	0	0	9.72351357964277	38.03440087796273	APOA2;LCAT
161	GO_Biological_Process_2023	Regulation Of Hydrolase Activity (GO:0051336)	2/71	0.0211093485600435	0.0780387734160457	0	0	9.440722261819907	36.422677288446856	APOA1;SERPINA5
162	GO_Biological_Process_2023	Positive Regulation Of Cell-Substrate Adhesion (GO:0010811)	2/71	0.0211093485600435	0.0780387734160457	0	0	9.440722261819907	36.422677288446856	FN1;APOA1
163	GO_Biological_Process_2023	Negative Regulation Of Cell Adhesion (GO:0007162)	2/72	0.0216689985294522	0.0780387734160457	0	0	9.305386416861827	35.65705597932898	PLG;KNG1
164	GO_Biological_Process_2023	Thyroid Hormone Transport (GO:0070327)	1/7	0.0218458055031972	0.0780387734160457	0	0	53.57795698924731	204.86851713978825	SERPINA7
165	GO_Biological_Process_2023	Aromatic Compound Catabolic Process (GO:0019439)	1/7	0.0218458055031972	0.0780387734160457	0	0	53.57795698924731	204.86851713978825	PON1
166	GO_Biological_Process_2023	Positive Regulation Of Vascular Endothelial Growth Factor Signaling Pathway (GO:1900748)	1/7	0.0218458055031972	0.0780387734160457	0	0	53.57795698924731	204.86851713978825	TNXB
167	GO_Biological_Process_2023	Blood Coagulation, Intrinsic Pathway (GO:0007597)	1/7	0.0218458055031972	0.0780387734160457	0	0	53.57795698924731	204.86851713978825	F12
168	GO_Biological_Process_2023	Regulation Of Positive Chemotaxis (GO:0050926)	1/7	0.0218458055031972	0.0780387734160457	0	0	53.57795698924731	204.86851713978825	F7
169	GO_Biological_Process_2023	Regulation Of Transforming Growth Factor Beta Activation (GO:1901388)	1/7	0.0218458055031972	0.0780387734160457	0	0	53.57795698924731	204.86851713978825	TNXB
170	GO_Biological_Process_2023	Purine-Containing Compound Metabolic Process (GO:0072521)	1/7	0.0218458055031972	0.0780387734160457	0	0	53.57795698924731	204.86851713978825	TTR
171	GO_Biological_Process_2023	Positive Regulation Of Apoptotic Cell Clearance (GO:2000427)	1/7	0.0218458055031972	0.0780387734160457	0	0	53.57795698924731	204.86851713978825	C3
172	GO_Biological_Process_2023	Regulation Of Apoptotic Cell Clearance (GO:2000425)	1/7	0.0218458055031972	0.0780387734160457	0	0	53.57795698924731	204.86851713978825	C3
173	GO_Biological_Process_2023	Regulation Of Rho Protein Signal Transduction (GO:0035023)	2/73	0.0222347937044654	0.0789718535020669	0	0	9.173862849226506	34.91661125444899	APOA1;APOC3
174	GO_Biological_Process_2023	Negative Regulation Of Glial Cell Differentiation (GO:0045686)	1/8	0.0249280582059939	0.0851134805044434	0	0	45.92165898617512	169.5318022982446	F2
175	GO_Biological_Process_2023	Positive Regulation Of Membrane Invagination (GO:1905155)	1/8	0.0249280582059939	0.0851134805044434	0	0	45.92165898617512	169.5318022982446	C3
176	GO_Biological_Process_2023	Negative Regulation Of Production Of Molecular Mediator Of Immune Response (GO:0002701)	1/8	0.0249280582059939	0.0851134805044434	0	0	45.92165898617512	169.5318022982446	APOA2
177	GO_Biological_Process_2023	Negative Regulation Of Triglyceride Metabolic Process (GO:0090209)	1/8	0.0249280582059939	0.0851134805044434	0	0	45.92165898617512	169.5318022982446	GPLD1
178	GO_Biological_Process_2023	Integrin Activation (GO:0033622)	1/8	0.0249280582059939	0.0851134805044434	0	0	45.92165898617512	169.5318022982446	FN1
179	GO_Biological_Process_2023	Regulation Of Podosome Assembly (GO:0071801)	1/8	0.0249280582059939	0.0851134805044434	0	0	45.92165898617512	169.5318022982446	GSN
180	GO_Biological_Process_2023	Plasminogen Activation (GO:0031639)	1/8	0.0249280582059939	0.0851134805044434	0	0	45.92165898617512	169.5318022982446	KLKB1
181	GO_Biological_Process_2023	Organonitrogen Compound Catabolic Process (GO:1901565)	2/78	0.0251544513104786	0.085414565438878	0	0	8.56816220880069	31.5541458221579	BCHE;ADAMTS13
182	GO_Biological_Process_2023	Positive Regulation Of Catabolic Process (GO:0009896)	2/79	0.025756222732149	0.086980030865946	0	0	8.45646157121567	30.942861131917788	APOA2;CLU
183	GO_Biological_Process_2023	Negative Regulation Of Heterotypic Cell-Cell Adhesion (GO:0034115)	1/9	0.0280007529737584	0.0873962895847611	0	0	40.17943548387097	143.66253094694912	APOA1
184	GO_Biological_Process_2023	Negative Regulation Of Muscle Cell Apoptotic Process (GO:0010656)	1/9	0.0280007529737584	0.0873962895847611	0	0	40.17943548387097	143.66253094694912	APOH
185	GO_Biological_Process_2023	Positive Regulation Of Phagocytosis, Engulfment (GO:0060100)	1/9	0.0280007529737584	0.0873962895847611	0	0	40.17943548387097	143.66253094694912	C3
186	GO_Biological_Process_2023	Actin-Mediated Cell Contraction (GO:0070252)	1/9	0.0280007529737584	0.0873962895847611	0	0	40.17943548387097	143.66253094694912	GSN
187	GO_Biological_Process_2023	Hormone Transport (GO:0009914)	1/9	0.0280007529737584	0.0873962895847611	0	0	40.17943548387097	143.66253094694912	SERPINA7
188	GO_Biological_Process_2023	Negative Regulation Of Transforming Growth Factor Beta Production (GO:0071635)	1/9	0.0280007529737584	0.0873962895847611	0	0	40.17943548387097	143.66253094694912	FN1
189	GO_Biological_Process_2023	Neuron Remodeling (GO:0016322)	1/9	0.0280007529737584	0.0873962895847611	0	0	40.17943548387097	143.66253094694912	C3
190	GO_Biological_Process_2023	Positive Regulation Of Vascular Endothelial Growth Factor Receptor Signaling Pathway (GO:0030949)	1/9	0.0280007529737584	0.0873962895847611	0	0	40.17943548387097	143.66253094694912	VTN
191	GO_Biological_Process_2023	Peptidyl-Amino Acid Modification (GO:0018193)	1/9	0.0280007529737584	0.0873962895847611	0	0	40.17943548387097	143.66253094694912	APOA2
192	GO_Biological_Process_2023	Regulation Of Tau-Protein Kinase Activity (GO:1902947)	1/9	0.0280007529737584	0.0873962895847611	0	0	40.17943548387097	143.66253094694912	CLU
193	GO_Biological_Process_2023	Purine Nucleobase Metabolic Process (GO:0006144)	1/9	0.0280007529737584	0.0873962895847611	0	0	40.17943548387097	143.66253094694912	TTR
194	GO_Biological_Process_2023	Cellular Response To Purine-Containing Compound (GO:0071415)	1/9	0.0280007529737584	0.0873962895847611	0	0	40.17943548387097	143.66253094694912	CLU
195	GO_Biological_Process_2023	Myelin Maintenance (GO:0043217)	1/9	0.0280007529737584	0.0873962895847611	0	0	40.17943548387097	143.66253094694912	CLU
196	GO_Biological_Process_2023	Negative Regulation Of Cell-Cell Adhesion Mediated By Cadherin (GO:2000048)	1/9	0.0280007529737584	0.0873962895847611	0	0	40.17943548387097	143.66253094694912	PLG
197	GO_Biological_Process_2023	Regulation Of Cell-Cell Adhesion Involved In Gastrulation (GO:0070587)	1/9	0.0280007529737584	0.0873962895847611	0	0	40.17943548387097	143.66253094694912	APOA1
198	GO_Biological_Process_2023	Positive Regulation Of Protein Phosphorylation (GO:0001934)	4/377	0.0309952910976758	0.0905542539213968	0	0	3.5559594674421775	12.353118663744263	C3;VTN;TNXB;F2
199	GO_Biological_Process_2023	Epithelial Cell Apoptotic Process (GO:1904019)	1/10	0.0310639188209322	0.0905542539213968	0	0	35.71326164874552	123.9860268803296	GSN
200	GO_Biological_Process_2023	Regulation Of Cysteine-Type Endopeptidase Activity Involved In Apoptotic Signaling Pathway (GO:2001267)	1/10	0.0310639188209322	0.0905542539213968	0	0	35.71326164874552	123.9860268803296	GSN
201	GO_Biological_Process_2023	Positive Regulation Of Lipid Localization (GO:1905954)	1/10	0.0310639188209322	0.0905542539213968	0	0	35.71326164874552	123.9860268803296	C3
202	GO_Biological_Process_2023	Positive Regulation Of Phospholipid Transport (GO:2001140)	1/10	0.0310639188209322	0.0905542539213968	0	0	35.71326164874552	123.9860268803296	APOA1
203	GO_Biological_Process_2023	Actin Filament Depolymerization (GO:0030042)	1/10	0.0310639188209322	0.0905542539213968	0	0	35.71326164874552	123.9860268803296	GSN
204	GO_Biological_Process_2023	Regulation Of Low-Density Lipoprotein Particle Clearance (GO:0010988)	1/10	0.0310639188209322	0.0905542539213968	0	0	35.71326164874552	123.9860268803296	APOC3
205	GO_Biological_Process_2023	Positive Regulation Of Transforming Growth Factor Beta Production (GO:0071636)	1/10	0.0310639188209322	0.0905542539213968	0	0	35.71326164874552	123.9860268803296	TNXB
206	GO_Biological_Process_2023	Regulation Of Phagocytosis, Engulfment (GO:0060099)	1/10	0.0310639188209322	0.0905542539213968	0	0	35.71326164874552	123.9860268803296	C3
207	GO_Biological_Process_2023	Regulation Of Phospholipase Activity (GO:0010517)	1/10	0.0310639188209322	0.0905542539213968	0	0	35.71326164874552	123.9860268803296	APOC2
208	GO_Biological_Process_2023	Protein Oxidation (GO:0018158)	1/10	0.0310639188209322	0.0905542539213968	0	0	35.71326164874552	123.9860268803296	APOA2
209	GO_Biological_Process_2023	Cellular Response To Cholesterol (GO:0071397)	1/10	0.0310639188209322	0.0905542539213968	0	0	35.71326164874552	123.9860268803296	GPLD1
210	GO_Biological_Process_2023	Positive Regulation Of Actin Nucleation (GO:0051127)	1/10	0.0310639188209322	0.0905542539213968	0	0	35.71326164874552	123.9860268803296	GSN
211	GO_Biological_Process_2023	Positive Regulation Of Cholesterol Metabolic Process (GO:0090205)	1/10	0.0310639188209322	0.0905542539213968	0	0	35.71326164874552	123.9860268803296	APOA1
212	GO_Biological_Process_2023	Regulation Of Endothelial Cell Migration (GO:0010594)	2/88	0.0314304134283723	0.091192467130207	0	0	7.568051849027831	26.185302544600013	APOH;GPLD1
213	GO_Biological_Process_2023	Regulation Of Cell Population Proliferation (GO:0042127)	6/766	0.0331605777225517	0.0949759790915689	0	0	2.656094182825485	9.047702030401885	TNXB;IGFBP3;FN1;PLG;CLU;GPLD1
214	GO_Biological_Process_2023	Positive Regulation Of Binding (GO:0051099)	2/91	0.0334219364067265	0.0949759790915689	0	0	7.311843801805121	24.849614223897863	VTN;PON1
215	GO_Biological_Process_2023	Regulation Of Lipid Kinase Activity (GO:0043550)	1/11	0.034117584722214	0.0949759790915689	0	0	32.14032258064516	108.56815667877292	F2
216	GO_Biological_Process_2023	Positive Regulation Of Triglyceride Biosynthetic Process (GO:0010867)	1/11	0.034117584722214	0.0949759790915689	0	0	32.14032258064516	108.56815667877292	GPLD1
217	GO_Biological_Process_2023	Cellular Response To Superoxide (GO:0071451)	1/11	0.034117584722214	0.0949759790915689	0	0	32.14032258064516	108.56815667877292	APOA4
218	GO_Biological_Process_2023	Central Nervous System Myelination (GO:0022010)	1/11	0.034117584722214	0.0949759790915689	0	0	32.14032258064516	108.56815667877292	CLU
219	GO_Biological_Process_2023	Complement Receptor Mediated Signaling Pathway (GO:0002430)	1/11	0.034117584722214	0.0949759790915689	0	0	32.14032258064516	108.56815667877292	GPLD1
220	GO_Biological_Process_2023	Negative Regulation Of Amyloid Fibril Formation (GO:1905907)	1/11	0.034117584722214	0.0949759790915689	0	0	32.14032258064516	108.56815667877292	CLU
221	GO_Biological_Process_2023	Regulation Of Astrocyte Differentiation (GO:0048710)	1/11	0.034117584722214	0.0949759790915689	0	0	32.14032258064516	108.56815667877292	F2
222	GO_Biological_Process_2023	Regulation Of Endothelial Cell Proliferation (GO:0001936)	2/93	0.0347764987625283	0.0963761266154372	0	0	7.150423347144659	24.01693806332384	ECM1;APOH
223	GO_Biological_Process_2023	Cellular Response To Transforming Growth Factor Beta Stimulus (GO:0071560)	2/96	0.0368478797059371	0.0994198258793788	0	0	6.921171956749215	22.846492406608657	CLEC3B;APOA1
224	GO_Biological_Process_2023	C-terminal Protein Amino Acid Modification (GO:0018410)	1/12	0.0371617795762726	0.0994198258793788	0	0	29.21700879765396	96.19625574937484	GPLD1
225	GO_Biological_Process_2023	Triglyceride Catabolic Process (GO:0019433)	1/12	0.0371617795762726	0.0994198258793788	0	0	29.21700879765396	96.19625574937484	APOC3
226	GO_Biological_Process_2023	Regulation Of Platelet-Derived Growth Factor Receptor Signaling Pathway (GO:0010640)	1/12	0.0371617795762726	0.0994198258793788	0	0	29.21700879765396	96.19625574937484	F7
227	GO_Biological_Process_2023	Cell Projection Assembly (GO:0030031)	1/12	0.0371617795762726	0.0994198258793788	0	0	29.21700879765396	96.19625574937484	GSN
228	GO_Biological_Process_2023	Phospholipid Homeostasis (GO:0055091)	1/12	0.0371617795762726	0.0994198258793788	0	0	29.21700879765396	96.19625574937484	APOA1
229	GO_Biological_Process_2023	Relaxation Of Cardiac Muscle (GO:0055119)	1/12	0.0371617795762726	0.0994198258793788	0	0	29.21700879765396	96.19625574937484	GSN
230	GO_Biological_Process_2023	Detection Of Bacterium (GO:0016045)	1/12	0.0371617795762726	0.0994198258793788	0	0	29.21700879765396	96.19625574937484	PGLYRP2
231	GO_Biological_Process_2023	Regulation Of Inflammatory Response (GO:0050727)	3/240	0.0400342877418965	0.1026506484060569	0	0	4.156118143459915	13.374467145670213	PROC;AHSG;APOA1
232	GO_Biological_Process_2023	Positive Regulation Of Insulin Secretion Involved In Cellular Response To Glucose Stimulus (GO:0035774)	1/13	0.040196532223731	0.1026506484060569	0	0	26.780913978494624	86.07317595715509	GPLD1
233	GO_Biological_Process_2023	Acute-Phase Response (GO:0006953)	1/13	0.040196532223731	0.1026506484060569	0	0	26.780913978494624	86.07317595715509	APCS
234	GO_Biological_Process_2023	Killing By Host Of Symbiont Cells (GO:0051873)	1/13	0.040196532223731	0.1026506484060569	0	0	26.780913978494624	86.07317595715509	F2
235	GO_Biological_Process_2023	Regulation Of Nitrogen Compound Metabolic Process (GO:0051171)	1/13	0.040196532223731	0.1026506484060569	0	0	26.780913978494624	86.07317595715509	CNDP1
236	GO_Biological_Process_2023	Peptidyl-Methionine Modification (GO:0018206)	1/13	0.040196532223731	0.1026506484060569	0	0	26.780913978494624	86.07317595715509	APOA2
237	GO_Biological_Process_2023	Regulation Of Response To Endoplasmic Reticulum Stress (GO:1905897)	1/13	0.040196532223731	0.1026506484060569	0	0	26.780913978494624	86.07317595715509	CLU
238	GO_Biological_Process_2023	Cellular Modified Amino Acid Catabolic Process (GO:0042219)	1/13	0.040196532223731	0.1026506484060569	0	0	26.780913978494624	86.07317595715509	PCYOX1
239	GO_Biological_Process_2023	Relaxation Of Muscle (GO:0090075)	1/13	0.040196532223731	0.1026506484060569	0	0	26.780913978494624	86.07317595715509	GSN
240	GO_Biological_Process_2023	Negative Regulation Of Bone Mineralization (GO:0030502)	1/13	0.040196532223731	0.1026506484060569	0	0	26.780913978494624	86.07317595715509	ECM1
241	GO_Biological_Process_2023	Negative Regulation Of Cell Activation (GO:0050866)	1/13	0.040196532223731	0.1026506484060569	0	0	26.780913978494624	86.07317595715509	F2
242	GO_Biological_Process_2023	Regulation Of Cholesterol Storage (GO:0010885)	1/14	0.0432218714274676	0.1077061150894154	0	0	24.719602977667495	77.65437409472437	APOB
243	GO_Biological_Process_2023	Positive Regulation Of Membrane Protein Ectodomain Proteolysis (GO:0051044)	1/14	0.0432218714274676	0.1077061150894154	0	0	24.719602977667495	77.65437409472437	GPLD1
244	GO_Biological_Process_2023	Negative Regulation Of Smooth Muscle Cell Migration (GO:0014912)	1/14	0.0432218714274676	0.1077061150894154	0	0	24.719602977667495	77.65437409472437	IGFBP3
245	GO_Biological_Process_2023	Positive Regulation Of Transporter Activity (GO:0032411)	1/14	0.0432218714274676	0.1077061150894154	0	0	24.719602977667495	77.65437409472437	PON1
246	GO_Biological_Process_2023	Regulation Of Sequestering Of Triglyceride (GO:0010889)	1/14	0.0432218714274676	0.1077061150894154	0	0	24.719602977667495	77.65437409472437	APOC4
247	GO_Biological_Process_2023	Response To Muscle Stretch (GO:0035994)	1/14	0.0432218714274676	0.1077061150894154	0	0	24.719602977667495	77.65437409472437	GSN
248	GO_Biological_Process_2023	Response To Calcium Ion (GO:0051592)	2/106	0.0440826846387589	0.109325346177256	0	0	6.252522068095838	19.51842443655105	CLU;GPLD1
249	GO_Biological_Process_2023	Positive Regulation Of Glucose Metabolic Process (GO:0010907)	1/15	0.0462378258751889	0.109325346177256	0	0	22.952764976958527	70.5558142686329	GPLD1
250	GO_Biological_Process_2023	Negative Regulation Of Platelet Activation (GO:0010544)	1/15	0.0462378258751889	0.109325346177256	0	0	22.952764976958527	70.5558142686329	F2
251	GO_Biological_Process_2023	Vasodilation (GO:0042311)	1/15	0.0462378258751889	0.109325346177256	0	0	22.952764976958527	70.5558142686329	KNG1
252	GO_Biological_Process_2023	Regulation Of Intrinsic Apoptotic Signaling Pathway In Response To DNA Damage (GO:1902229)	1/15	0.0462378258751889	0.109325346177256	0	0	22.952764976958527	70.5558142686329	CLU
253	GO_Biological_Process_2023	Positive Regulation Of Secretion (GO:0051047)	1/15	0.0462378258751889	0.109325346177256	0	0	22.952764976958527	70.5558142686329	GPLD1
254	GO_Biological_Process_2023	Regulation Of Monocyte Differentiation (GO:0045655)	1/15	0.0462378258751889	0.109325346177256	0	0	22.952764976958527	70.5558142686329	APCS
255	GO_Biological_Process_2023	Positive Regulation Of Transmembrane Transport (GO:0034764)	1/15	0.0462378258751889	0.109325346177256	0	0	22.952764976958527	70.5558142686329	C3
256	GO_Biological_Process_2023	Cellular Response To Sterol (GO:0036315)	1/15	0.0462378258751889	0.109325346177256	0	0	22.952764976958527	70.5558142686329	GPLD1
257	GO_Biological_Process_2023	Dendritic Cell Chemotaxis (GO:0002407)	1/15	0.0462378258751889	0.109325346177256	0	0	22.952764976958527	70.5558142686329	CLU
258	GO_Biological_Process_2023	Regulation Of Amyloid Fibril Formation (GO:1905906)	1/15	0.0462378258751889	0.109325346177256	0	0	22.952764976958527	70.5558142686329	CLU
259	GO_Biological_Process_2023	Regulation Of Amyloid-Beta Clearance (GO:1900221)	1/15	0.0462378258751889	0.109325346177256	0	0	22.952764976958527	70.5558142686329	CLU
260	GO_Biological_Process_2023	Positive Regulation Of Collagen Biosynthetic Process (GO:0032967)	1/15	0.0462378258751889	0.109325346177256	0	0	22.952764976958527	70.5558142686329	F2
261	GO_Biological_Process_2023	Cellular Response To Salt (GO:1902075)	2/109	0.0463482859198075	0.109325346177256	0	0	6.076298452581584	18.663781925248795	CLU;GPLD1
262	GO_Biological_Process_2023	Negative Regulation Of Defense Response (GO:0031348)	2/112	0.0486560475405601	0.1110695406310068	0	0	5.909687034277198	17.864860811586965	PROC;APOA1
263	GO_Biological_Process_2023	Regulation Of Establishment Of Endothelial Barrier (GO:1903140)	1/16	0.0492444241632619	0.1110695406310068	0	0	21.421505376344086	64.49927724978124	PROC
264	GO_Biological_Process_2023	Positive Regulation Of Positive Chemotaxis (GO:0050927)	1/16	0.0492444241632619	0.1110695406310068	0	0	21.421505376344086	64.49927724978124	F7
265	GO_Biological_Process_2023	Negative Regulation Of Release Of Cytochrome C From Mitochondria (GO:0090201)	1/16	0.0492444241632619	0.1110695406310068	0	0	21.421505376344086	64.49927724978124	CLU
266	GO_Biological_Process_2023	Positive Regulation Of Smooth Muscle Cell Migration (GO:0014911)	1/16	0.0492444241632619	0.1110695406310068	0	0	21.421505376344086	64.49927724978124	VTN
267	GO_Biological_Process_2023	Autonomic Nervous System Development (GO:0048483)	1/16	0.0492444241632619	0.1110695406310068	0	0	21.421505376344086	64.49927724978124	FN1
268	GO_Biological_Process_2023	Regulation Of Secretion (GO:0051046)	1/16	0.0492444241632619	0.1110695406310068	0	0	21.421505376344086	64.49927724978124	GPLD1
269	GO_Biological_Process_2023	Regulation Of Transforming Growth Factor Beta Production (GO:0071634)	1/16	0.0492444241632619	0.1110695406310068	0	0	21.421505376344086	64.49927724978124	FN1
270	GO_Biological_Process_2023	Regulation Of Triglyceride Biosynthetic Process (GO:0010866)	1/16	0.0492444241632619	0.1110695406310068	0	0	21.421505376344086	64.49927724978124	GPLD1
271	GO_Biological_Process_2023	Negative Regulation Of Amyloid-Beta Formation (GO:1902430)	1/16	0.0492444241632619	0.1110695406310068	0	0	21.421505376344086	64.49927724978124	CLU
272	GO_Biological_Process_2023	Positive Regulation Of Collagen Metabolic Process (GO:0010714)	1/16	0.0492444241632619	0.1110695406310068	0	0	21.421505376344086	64.49927724978124	F2
273	GO_Biological_Process_2023	Negative Regulation Of Cytokine Production Involved In Immune Response (GO:0002719)	1/16	0.0492444241632619	0.1110695406310068	0	0	21.421505376344086	64.49927724978124	APOA2
274	GO_Biological_Process_2023	Positive Regulation Of Cellular Component Organization (GO:0051130)	2/113	0.0494345027906747	0.1110928099077709	0	0	5.856151233200413	17.610071384247302	APOC2;CLU
275	GO_Biological_Process_2023	Extracellular Matrix Assembly (GO:0085029)	1/17	0.0522416948243141	0.1128859000049866	0	0	20.081653225806452	59.278517093016504	TNXB
276	GO_Biological_Process_2023	Negative Regulation Of Leukocyte Activation (GO:0002695)	1/17	0.0522416948243141	0.1128859000049866	0	0	20.081653225806452	59.278517093016504	FN1
277	GO_Biological_Process_2023	Regulation Of Establishment Of Cell Polarity (GO:2000114)	1/17	0.0522416948243141	0.1128859000049866	0	0	20.081653225806452	59.278517093016504	GSN
278	GO_Biological_Process_2023	Positive Regulation Of Macrophage Derived Foam Cell Differentiation (GO:0010744)	1/17	0.0522416948243141	0.1128859000049866	0	0	20.081653225806452	59.278517093016504	APOB
279	GO_Biological_Process_2023	Transepithelial Transport (GO:0070633)	1/17	0.0522416948243141	0.1128859000049866	0	0	20.081653225806452	59.278517093016504	GPLD1
280	GO_Biological_Process_2023	Regulation Of Glucose Transmembrane Transport (GO:0010827)	1/17	0.0522416948243141	0.1128859000049866	0	0	20.081653225806452	59.278517093016504	C3
281	GO_Biological_Process_2023	Regulation Of Leukocyte Chemotaxis (GO:0002688)	1/17	0.0522416948243141	0.1128859000049866	0	0	20.081653225806452	59.278517093016504	F7
282	GO_Biological_Process_2023	Neuron Maturation (GO:0042551)	1/17	0.0522416948243141	0.1128859000049866	0	0	20.081653225806452	59.278517093016504	C3
283	GO_Biological_Process_2023	Carboxylic Acid Catabolic Process (GO:0046395)	1/17	0.0522416948243141	0.1128859000049866	0	0	20.081653225806452	59.278517093016504	PON1
284	GO_Biological_Process_2023	Cell Migration Involved In Sprouting Angiogenesis (GO:0002042)	1/17	0.0522416948243141	0.1128859000049866	0	0	20.081653225806452	59.278517093016504	GPLD1
285	GO_Biological_Process_2023	Positive Regulation Of Amyloid-Beta Formation (GO:1902004)	1/17	0.0522416948243141	0.1128859000049866	0	0	20.081653225806452	59.278517093016504	CLU
286	GO_Biological_Process_2023	Regulation Of Protein-Containing Complex Assembly (GO:0043254)	2/119	0.0541993743013728	0.1137731125867226	0	0	5.554154406613423	16.190837279666873	GSN;CLU
287	GO_Biological_Process_2023	Positive Regulation Of Cell Migration (GO:0030335)	3/272	0.0544273091590662	0.1137731125867226	0	0	3.6557620817843866	10.641518524254645	F7;VTN;FN1
288	GO_Biological_Process_2023	Regulation Of Collagen Biosynthetic Process (GO:0032965)	1/18	0.0552296663042342	0.1137731125867226	0	0	18.89943074003795	54.73757147758474	F2
289	GO_Biological_Process_2023	Actin Filament Capping (GO:0051693)	1/18	0.0552296663042342	0.1137731125867226	0	0	18.89943074003795	54.73757147758474	GSN
290	GO_Biological_Process_2023	Negative Regulation Of Viral Entry Into Host Cell (GO:0046597)	1/18	0.0552296663042342	0.1137731125867226	0	0	18.89943074003795	54.73757147758474	GSN
291	GO_Biological_Process_2023	Barbed-End Actin Filament Capping (GO:0051016)	1/18	0.0552296663042342	0.1137731125867226	0	0	18.89943074003795	54.73757147758474	GSN
292	GO_Biological_Process_2023	Protein Autoprocessing (GO:0016540)	1/18	0.0552296663042342	0.1137731125867226	0	0	18.89943074003795	54.73757147758474	F12
293	GO_Biological_Process_2023	Cardiac Muscle Cell Contraction (GO:0086003)	1/18	0.0552296663042342	0.1137731125867226	0	0	18.89943074003795	54.73757147758474	GSN
294	GO_Biological_Process_2023	Renal Absorption (GO:0070293)	1/18	0.0552296663042342	0.1137731125867226	0	0	18.89943074003795	54.73757147758474	GSN
295	GO_Biological_Process_2023	Response To Cholesterol (GO:0070723)	1/18	0.0552296663042342	0.1137731125867226	0	0	18.89943074003795	54.73757147758474	GPLD1
296	GO_Biological_Process_2023	Dendritic Cell Migration (GO:0036336)	1/18	0.0552296663042342	0.1137731125867226	0	0	18.89943074003795	54.73757147758474	CLU
297	GO_Biological_Process_2023	Negative Regulation Of Amyloid Precursor Protein Catabolic Process (GO:1902992)	1/18	0.0552296663042342	0.1137731125867226	0	0	18.89943074003795	54.73757147758474	CLU
298	GO_Biological_Process_2023	Positive Regulation Of Extracellular Matrix Organization (GO:1903055)	1/18	0.0552296663042342	0.1137731125867226	0	0	18.89943074003795	54.73757147758474	TNXB
299	GO_Biological_Process_2023	Regulation Of Cell-Cell Adhesion Mediated By Cadherin (GO:2000047)	1/18	0.0552296663042342	0.1137731125867226	0	0	18.89943074003795	54.73757147758474	PLG
300	GO_Biological_Process_2023	Regulation Of Insulin-Like Growth Factor Receptor Signaling Pathway (GO:0043567)	1/19	0.05820836695689	0.1187220157734589	0	0	17.84856630824373	50.75643515113452	IGFBP3
301	GO_Biological_Process_2023	Regulation Of Vascular Endothelial Growth Factor Signaling Pathway (GO:1900746)	1/19	0.05820836695689	0.1187220157734589	0	0	17.84856630824373	50.75643515113452	TNXB
302	GO_Biological_Process_2023	Release Of Cytochrome C From Mitochondria (GO:0001836)	1/19	0.05820836695689	0.1187220157734589	0	0	17.84856630824373	50.75643515113452	CLU
303	GO_Biological_Process_2023	Central Nervous System Development (GO:0007417)	3/283	0.0598773230536484	0.1207919996621641	0	0	3.5101785714285714	9.882758324155878	C3;GSN;BTD
304	GO_Biological_Process_2023	Positive Regulation Of Cell Differentiation (GO:0045597)	3/283	0.0598773230536484	0.1207919996621641	0	0	3.5101785714285714	9.882758324155878	TNXB;IGFBP3;APOB
305	GO_Biological_Process_2023	Regulation Of Response To External Stimulus (GO:0032101)	2/127	0.0607938921545726	0.1207919996621641	0	0	5.1965901639344265	14.55183450796947	AHSG;F2
306	GO_Biological_Process_2023	Positive Regulation Of Phospholipase Activity (GO:0010518)	1/20	0.0611778250716139	0.1207919996621641	0	0	16.908319185059423	47.24134484792992	APOC2
307	GO_Biological_Process_2023	Negative Regulation Of Viral Life Cycle (GO:1903901)	1/20	0.0611778250716139	0.1207919996621641	0	0	16.908319185059423	47.24134484792992	GSN
308	GO_Biological_Process_2023	Calcium-Mediated Signaling Using Intracellular Calcium Source (GO:0035584)	1/20	0.0611778250716139	0.1207919996621641	0	0	16.908319185059423	47.24134484792992	CLU
309	GO_Biological_Process_2023	Cell Projection Organization (GO:0030030)	1/20	0.0611778250716139	0.1207919996621641	0	0	16.908319185059423	47.24134484792992	GSN
310	GO_Biological_Process_2023	Microglial Cell Activation (GO:0001774)	1/20	0.0611778250716139	0.1207919996621641	0	0	16.908319185059423	47.24134484792992	CLU
311	GO_Biological_Process_2023	Cellular Response To pH (GO:0071467)	1/20	0.0611778250716139	0.1207919996621641	0	0	16.908319185059423	47.24134484792992	GPLD1
312	GO_Biological_Process_2023	Negative Regulation Of Cytokine Production Involved In Inflammatory Response (GO:1900016)	1/20	0.0611778250716139	0.1207919996621641	0	0	16.908319185059423	47.24134484792992	F2
313	GO_Biological_Process_2023	Regulation Of Membrane Protein Ectodomain Proteolysis (GO:0051043)	1/21	0.0641380688592212	0.123866645484371	0	0	16.06209677419355	44.11803737146453	GPLD1
314	GO_Biological_Process_2023	Negative Regulation Of Tumor Necrosis Factor-Mediated Signaling Pathway (GO:0010804)	1/21	0.0641380688592212	0.123866645484371	0	0	16.06209677419355	44.11803737146453	APOA1
315	GO_Biological_Process_2023	Lipid Catabolic Process (GO:0016042)	1/21	0.0641380688592212	0.123866645484371	0	0	16.06209677419355	44.11803737146453	APOA4
316	GO_Biological_Process_2023	Peptide Catabolic Process (GO:0043171)	1/21	0.0641380688592212	0.123866645484371	0	0	16.06209677419355	44.11803737146453	ADAMTS13
317	GO_Biological_Process_2023	Chaperone-Mediated Protein Complex Assembly (GO:0051131)	1/21	0.0641380688592212	0.123866645484371	0	0	16.06209677419355	44.11803737146453	CLU
318	GO_Biological_Process_2023	Positive Regulation Of Amyloid Precursor Protein Catabolic Process (GO:1902993)	1/21	0.0641380688592212	0.123866645484371	0	0	16.06209677419355	44.11803737146453	CLU
319	GO_Biological_Process_2023	Negative Regulation Of Biomineral Tissue Development (GO:0070168)	1/21	0.0641380688592212	0.123866645484371	0	0	16.06209677419355	44.11803737146453	ECM1
320	GO_Biological_Process_2023	Positive Regulation Of Phosphatase Activity (GO:0010922)	1/22	0.0670891264160781	0.1275725542311886	0	0	15.296466973886329	41.32697417378087	GPLD1
321	GO_Biological_Process_2023	Blood Vessel Endothelial Cell Migration (GO:0043534)	1/22	0.0670891264160781	0.1275725542311886	0	0	15.296466973886329	41.32697417378087	GPLD1
322	GO_Biological_Process_2023	Regulation Of Vascular Endothelial Growth Factor Receptor Signaling Pathway (GO:0030947)	1/22	0.0670891264160781	0.1275725542311886	0	0	15.296466973886329	41.32697417378087	VTN
323	GO_Biological_Process_2023	Dendritic Cell Differentiation (GO:0097028)	1/22	0.0670891264160781	0.1275725542311886	0	0	15.296466973886329	41.32697417378087	CLU
324	GO_Biological_Process_2023	Negative Regulation Of Cell Communication (GO:0010648)	1/22	0.0670891264160781	0.1275725542311886	0	0	15.296466973886329	41.32697417378087	IGFBP3
325	GO_Biological_Process_2023	Cellular Response To Metal Ion (GO:0071248)	2/135	0.0676484609130124	0.128241560871907	0	0	4.882041168495008	13.14943944157367	CLU;GPLD1
326	GO_Biological_Process_2023	Negative Regulation Of Cellular Biosynthetic Process (GO:0031327)	2/137	0.0694007767375199	0.1299674893029014	0	0	4.80922890103218	12.830336043119242	APOC1;APOC3
327	GO_Biological_Process_2023	Regulation Of Cholesterol Metabolic Process (GO:0090181)	1/23	0.0700310257894274	0.1299674893029014	0	0	14.600439882697946	38.819896447204	APOA1
328	GO_Biological_Process_2023	Immune Response-Activating Cell Surface Receptor Signaling Pathway (GO:0002429)	1/23	0.0700310257894274	0.1299674893029014	0	0	14.600439882697946	38.819896447204	GPLD1
329	GO_Biological_Process_2023	Cellular Lipid Catabolic Process (GO:0044242)	1/23	0.0700310257894274	0.1299674893029014	0	0	14.600439882697946	38.819896447204	APOA2
330	GO_Biological_Process_2023	Negative Regulation Of Actin Filament Polymerization (GO:0030837)	1/23	0.0700310257894274	0.1299674893029014	0	0	14.600439882697946	38.819896447204	GSN
331	GO_Biological_Process_2023	Diacylglycerol Metabolic Process (GO:0046339)	1/23	0.0700310257894274	0.1299674893029014	0	0	14.600439882697946	38.819896447204	APOA2
332	GO_Biological_Process_2023	Positive Regulation Of Epithelial Cell Apoptotic Process (GO:1904037)	1/23	0.0700310257894274	0.1299674893029014	0	0	14.600439882697946	38.819896447204	GSN
333	GO_Biological_Process_2023	Regulation Of Apoptotic Process (GO:0042981)	5/705	0.070924615456607	0.1307113619122169	0	0	2.369088669950739	6.268934891897159	PROC;IGFBP3;CLU;KNG1;GPLD1
334	GO_Biological_Process_2023	Regulation Of Cytokine Production Involved In Immune Response (GO:0002718)	1/24	0.07296379491735	0.1307113619122169	0	0	13.964936886395511	36.55729895706928	APOA2
335	GO_Biological_Process_2023	Regulation Of Heterotypic Cell-Cell Adhesion (GO:0034114)	1/24	0.07296379491735	0.1307113619122169	0	0	13.964936886395511	36.55729895706928	APOA1
336	GO_Biological_Process_2023	Negative Regulation Of Ossification (GO:0030279)	1/24	0.07296379491735	0.1307113619122169	0	0	13.964936886395511	36.55729895706928	ECM1
337	GO_Biological_Process_2023	Amyloid Fibril Formation (GO:1990000)	1/24	0.07296379491735	0.1307113619122169	0	0	13.964936886395511	36.55729895706928	GSN
338	GO_Biological_Process_2023	Positive Regulation Of Transforming Growth Factor Beta Receptor Signaling Pathway (GO:0030511)	1/24	0.07296379491735	0.1307113619122169	0	0	13.964936886395511	36.55729895706928	TNXB
339	GO_Biological_Process_2023	Positive Regulation Of Vascular Endothelial Growth Factor Production (GO:0010575)	1/24	0.07296379491735	0.1307113619122169	0	0	13.964936886395511	36.55729895706928	C3
340	GO_Biological_Process_2023	Mononuclear Cell Differentiation (GO:1903131)	1/24	0.07296379491735	0.1307113619122169	0	0	13.964936886395511	36.55729895706928	CLU
341	GO_Biological_Process_2023	Regulation Of Actin Nucleation (GO:0051125)	1/24	0.07296379491735	0.1307113619122169	0	0	13.964936886395511	36.55729895706928	GSN
342	GO_Biological_Process_2023	Response To Purine-Containing Compound (GO:0014074)	1/24	0.07296379491735	0.1307113619122169	0	0	13.964936886395511	36.55729895706928	CLU
343	GO_Biological_Process_2023	Positive Regulation Of Cellular Response To Transforming Growth Factor Beta Stimulus (GO:1903846)	1/24	0.07296379491735	0.1307113619122169	0	0	13.964936886395511	36.55729895706928	TNXB
344	GO_Biological_Process_2023	Protein Modification Process (GO:0036211)	5/711	0.0729699350480822	0.1307113619122169	0	0	2.348222135391228	6.146959332606552	IGFBP3;APOA2;FN1;APOA1;F13B
345	GO_Biological_Process_2023	Negative Regulation Of Intrinsic Apoptotic Signaling Pathway In Response To DNA Damage (GO:1902230)	1/25	0.0758874616960385	0.1337819292150709	0	0	13.38239247311828	34.506549888818924	CLU
346	GO_Biological_Process_2023	Negative Regulation Of Response To Endoplasmic Reticulum Stress (GO:1903573)	1/25	0.0758874616960385	0.1337819292150709	0	0	13.38239247311828	34.506549888818924	CLU
347	GO_Biological_Process_2023	Negative Regulation Of Response To Wounding (GO:1903035)	1/25	0.0758874616960385	0.1337819292150709	0	0	13.38239247311828	34.506549888818924	APCS
348	GO_Biological_Process_2023	Regulation Of Actin Cytoskeleton Reorganization (GO:2000249)	1/25	0.0758874616960385	0.1337819292150709	0	0	13.38239247311828	34.506549888818924	CLU
349	GO_Biological_Process_2023	Regulation Of Biomineral Tissue Development (GO:0070167)	1/25	0.0758874616960385	0.1337819292150709	0	0	13.38239247311828	34.506549888818924	ECM1
350	GO_Biological_Process_2023	Protein Transport (GO:0015031)	3/313	0.0759829403794334	0.1337819292150709	0	0	3.1656451612903225	8.158647698763355	AFM;APOB;CLU
351	GO_Biological_Process_2023	Protein Targeting To Lysosome (GO:0006622)	1/26	0.0788020538757809	0.136796823863013	0	0	12.846451612903223	32.64047260238857	CLU
352	GO_Biological_Process_2023	Plasma Membrane Invagination (GO:0099024)	1/26	0.0788020538757809	0.136796823863013	0	0	12.846451612903223	32.64047260238857	GSN
353	GO_Biological_Process_2023	Regulation Of Vascular Endothelial Growth Factor Production (GO:0010574)	1/26	0.0788020538757809	0.136796823863013	0	0	12.846451612903223	32.64047260238857	C3
354	GO_Biological_Process_2023	Cellular Response To Xenobiotic Stimulus (GO:0071466)	1/26	0.0788020538757809	0.136796823863013	0	0	12.846451612903223	32.64047260238857	GPLD1
355	GO_Biological_Process_2023	Negative Regulation Of Catalytic Activity (GO:0043086)	1/26	0.0788020538757809	0.136796823863013	0	0	12.846451612903223	32.64047260238857	SERPINA5
356	GO_Biological_Process_2023	Skeletal System Development (GO:0001501)	2/149	0.0802201442861101	0.1388684850667117	0	0	4.413962306233969	11.136341356090467	AHSG;SPP2
357	GO_Biological_Process_2023	GPI Anchor Metabolic Process (GO:0006505)	1/27	0.0817075991872228	0.139489768778187	0	0	12.351736972704714	30.936262547654483	GPLD1
358	GO_Biological_Process_2023	Positive Regulation Of Nitric Oxide Biosynthetic Process (GO:0045429)	1/27	0.0817075991872228	0.139489768778187	0	0	12.351736972704714	30.936262547654483	CLU
359	GO_Biological_Process_2023	Regulation Of Insulin Secretion Involved In Cellular Response To Glucose Stimulus (GO:0061178)	1/27	0.0817075991872228	0.139489768778187	0	0	12.351736972704714	30.936262547654483	GPLD1
360	GO_Biological_Process_2023	Positive Regulation Of Response To Wounding (GO:1903036)	1/27	0.0817075991872228	0.139489768778187	0	0	12.351736972704714	30.936262547654483	VTN
361	GO_Biological_Process_2023	Regulation Of Peptidase Activity (GO:0052547)	1/27	0.0817075991872228	0.139489768778187	0	0	12.351736972704714	30.936262547654483	ECM1
362	GO_Biological_Process_2023	Regulation Of Glucose Metabolic Process (GO:0010906)	1/28	0.0846041252452366	0.1405520145203125	0	0	11.893667861409796	29.37465085617291	GPLD1
363	GO_Biological_Process_2023	Positive Regulation Of Nitric Oxide Metabolic Process (GO:1904407)	1/28	0.0846041252452366	0.1405520145203125	0	0	11.893667861409796	29.37465085617291	CLU
364	GO_Biological_Process_2023	Regulation Of Lipid Biosynthetic Process (GO:0046890)	1/28	0.0846041252452366	0.1405520145203125	0	0	11.893667861409796	29.37465085617291	C3
365	GO_Biological_Process_2023	Negative Regulation Of Signaling (GO:0023057)	1/28	0.0846041252452366	0.1405520145203125	0	0	11.893667861409796	29.37465085617291	IGFBP3
366	GO_Biological_Process_2023	Regulation Of Platelet Activation (GO:0010543)	1/28	0.0846041252452366	0.1405520145203125	0	0	11.893667861409796	29.37465085617291	F2
367	GO_Biological_Process_2023	Regulation Of Protein Localization To Membrane (GO:1905475)	1/28	0.0846041252452366	0.1405520145203125	0	0	11.893667861409796	29.37465085617291	GSN
368	GO_Biological_Process_2023	Protein Depolymerization (GO:0051261)	1/28	0.0846041252452366	0.1405520145203125	0	0	11.893667861409796	29.37465085617291	GSN
369	GO_Biological_Process_2023	Cell-Substrate Junction Assembly (GO:0007044)	1/28	0.0846041252452366	0.1405520145203125	0	0	11.893667861409796	29.37465085617291	FN1
370	GO_Biological_Process_2023	Phospholipid Catabolic Process (GO:0009395)	1/28	0.0846041252452366	0.1405520145203125	0	0	11.893667861409796	29.37465085617291	APOA2
371	GO_Biological_Process_2023	Positive Regulation Of Fibroblast Proliferation (GO:0048146)	1/28	0.0846041252452366	0.1405520145203125	0	0	11.893667861409796	29.37465085617291	FN1
372	GO_Biological_Process_2023	Chondrocyte Differentiation (GO:0002062)	1/29	0.0874916595913277	0.1449593716553366	0	0	11.46831797235023	27.939251674959397	GPLD1
373	GO_Biological_Process_2023	Positive Regulation Of Lipid Kinase Activity (GO:0090218)	1/30	0.090370229679819	0.1477481532860534	0	0	11.07230255839822	26.616048028452756	F2
374	GO_Biological_Process_2023	Negative Regulation Of Myeloid Leukocyte Differentiation (GO:0002762)	1/30	0.090370229679819	0.1477481532860534	0	0	11.07230255839822	26.616048028452756	APCS
375	GO_Biological_Process_2023	Regulation Of Macrophage Derived Foam Cell Differentiation (GO:0010743)	1/30	0.090370229679819	0.1477481532860534	0	0	11.07230255839822	26.616048028452756	APOB
376	GO_Biological_Process_2023	Phagocytosis, Engulfment (GO:0006911)	1/30	0.090370229679819	0.1477481532860534	0	0	11.07230255839822	26.616048028452756	GSN
377	GO_Biological_Process_2023	Positive Regulation Of Cell Communication (GO:0010647)	1/30	0.090370229679819	0.1477481532860534	0	0	11.07230255839822	26.616048028452756	TNXB
378	GO_Biological_Process_2023	Positive Regulation Of Glucose Transmembrane Transport (GO:0010828)	1/31	0.0932398628808903	0.1504497004187734	0	0	10.702688172043011	25.39298321204175	C3
379	GO_Biological_Process_2023	Positive Regulation Of Leukocyte Migration (GO:0002687)	1/31	0.0932398628808903	0.1504497004187734	0	0	10.702688172043011	25.39298321204175	F7
380	GO_Biological_Process_2023	Actin Filament Polymerization (GO:0030041)	1/31	0.0932398628808903	0.1504497004187734	0	0	10.702688172043011	25.39298321204175	GSN
381	GO_Biological_Process_2023	Positive Regulation Of Proteolysis Involved In Protein Catabolic Process (GO:1903052)	1/31	0.0932398628808903	0.1504497004187734	0	0	10.702688172043011	25.39298321204175	CLU
382	GO_Biological_Process_2023	Positive Regulation Of Rho Protein Signal Transduction (GO:0035025)	1/31	0.0932398628808903	0.1504497004187734	0	0	10.702688172043011	25.39298321204175	APOA1
383	GO_Biological_Process_2023	Negative Regulation Of Epithelial Cell Migration (GO:0010633)	1/33	0.0989524277399568	0.1576097946992096	0	0	10.032762096774194	23.206943254780835	APOH
384	GO_Biological_Process_2023	Positive Regulation Of Release Of Sequestered Calcium Ion Into Cytosol (GO:0051281)	1/33	0.0989524277399568	0.1576097946992096	0	0	10.032762096774194	23.206943254780835	F2
385	GO_Biological_Process_2023	Carboxylic Acid Metabolic Process (GO:0019752)	1/33	0.0989524277399568	0.1576097946992096	0	0	10.032762096774194	23.206943254780835	PON1
386	GO_Biological_Process_2023	Cardiac Muscle Contraction (GO:0060048)	1/33	0.0989524277399568	0.1576097946992096	0	0	10.032762096774194	23.206943254780835	GSN
387	GO_Biological_Process_2023	Regulation Of Amyloid-Beta Formation (GO:1902003)	1/33	0.0989524277399568	0.1576097946992096	0	0	10.032762096774194	23.206943254780835	CLU
388	GO_Biological_Process_2023	Superoxide Metabolic Process (GO:0006801)	1/34	0.1017954137512644	0.160075230784431	0	0	9.728250244379277	22.227011088447156	APOA4
389	GO_Biological_Process_2023	Positive Regulation Of Neuron Death (GO:1901216)	1/34	0.1017954137512644	0.160075230784431	0	0	9.728250244379277	22.227011088447156	CLU
390	GO_Biological_Process_2023	Apoptotic Mitochondrial Changes (GO:0008637)	1/34	0.1017954137512644	0.160075230784431	0	0	9.728250244379277	22.227011088447156	CLU
391	GO_Biological_Process_2023	Cellular Response To Hydrogen Peroxide (GO:0070301)	1/34	0.1017954137512644	0.160075230784431	0	0	9.728250244379277	22.227011088447156	CLU
392	GO_Biological_Process_2023	Positive Regulation Of Carbohydrate Metabolic Process (GO:0045913)	1/34	0.1017954137512644	0.160075230784431	0	0	9.728250244379277	22.227011088447156	GPLD1
393	GO_Biological_Process_2023	Positive Regulation Of Substrate Adhesion-Dependent Cell Spreading (GO:1900026)	1/35	0.1046295715475443	0.1636989245984364	0	0	9.441650853889945	21.31291281406773	APOA1
394	GO_Biological_Process_2023	Macrophage Activation (GO:0042116)	1/35	0.1046295715475443	0.1636989245984364	0	0	9.441650853889945	21.31291281406773	CLU
395	GO_Biological_Process_2023	Positive Regulation Of Macromolecule Metabolic Process (GO:0010604)	3/364	0.1072052058196446	0.1656038543323687	0	0	2.7113573407202214	6.054489329127124	GSN;FN1;CLU
396	GO_Biological_Process_2023	Substrate Adhesion-Dependent Cell Spreading (GO:0034446)	1/36	0.107454928134757	0.1656038543323687	0	0	9.17142857142857	20.45855706834833	FN1
397	GO_Biological_Process_2023	Negative Regulation Of Sequestering Of Calcium Ion (GO:0051283)	1/36	0.107454928134757	0.1656038543323687	0	0	9.17142857142857	20.45855706834833	CLU
398	GO_Biological_Process_2023	Neural Crest Cell Migration (GO:0001755)	1/36	0.107454928134757	0.1656038543323687	0	0	9.17142857142857	20.45855706834833	FN1
399	GO_Biological_Process_2023	Blood Vessel Diameter Maintenance (GO:0097746)	1/36	0.107454928134757	0.1656038543323687	0	0	9.17142857142857	20.45855706834833	KNG1
400	GO_Biological_Process_2023	Protein Destabilization (GO:0031648)	1/36	0.107454928134757	0.1656038543323687	0	0	9.17142857142857	20.45855706834833	GSN
401	GO_Biological_Process_2023	Negative Regulation Of Endothelial Cell Migration (GO:0010596)	1/37	0.1102715103728266	0.1670289054176638	0	0	8.91621863799283	19.658565146558267	APOH
402	GO_Biological_Process_2023	Negative Regulation Of Endothelial Cell Proliferation (GO:0001937)	1/37	0.1102715103728266	0.1670289054176638	0	0	8.91621863799283	19.658565146558267	APOH
403	GO_Biological_Process_2023	Negative Regulation Of Smooth Muscle Cell Proliferation (GO:0048662)	1/37	0.1102715103728266	0.1670289054176638	0	0	8.91621863799283	19.658565146558267	IGFBP3
404	GO_Biological_Process_2023	Positive Regulation Of Receptor Signaling Pathway Via JAK-STAT (GO:0046427)	1/37	0.1102715103728266	0.1670289054176638	0	0	8.91621863799283	19.658565146558267	F2
405	GO_Biological_Process_2023	Positive Regulation Of Receptor Signaling Pathway Via STAT (GO:1904894)	1/37	0.1102715103728266	0.1670289054176638	0	0	8.91621863799283	19.658565146558267	F2
406	GO_Biological_Process_2023	Positive Regulation Of Signaling (GO:0023056)	1/37	0.1102715103728266	0.1670289054176638	0	0	8.91621863799283	19.658565146558267	TNXB
407	GO_Biological_Process_2023	Calcium Ion Import Across Plasma Membrane (GO:0098703)	1/37	0.1102715103728266	0.1670289054176638	0	0	8.91621863799283	19.658565146558267	CLU
408	GO_Biological_Process_2023	Positive Regulation Of Myoblast Differentiation (GO:0045663)	1/38	0.1130793450954072	0.1704464274852724	0	0	8.674803836094158	18.908170967748465	IGFBP3
409	GO_Biological_Process_2023	Response To Transforming Growth Factor Beta (GO:0071559)	1/38	0.1130793450954072	0.1704464274852724	0	0	8.674803836094158	18.908170967748465	CLEC3B
410	GO_Biological_Process_2023	Negative Regulation Of Mitochondrion Organization (GO:0010823)	1/39	0.1158784589932221	0.1729779895116214	0	0	8.44609507640068	18.203137324065356	CLU
411	GO_Biological_Process_2023	Regulation Of Nitric Oxide Biosynthetic Process (GO:0045428)	1/39	0.1158784589932221	0.1729779895116214	0	0	8.44609507640068	18.203137324065356	CLU
412	GO_Biological_Process_2023	Release Of Sequestered Calcium Ion Into Cytosol (GO:0051209)	1/39	0.1158784589932221	0.1729779895116214	0	0	8.44609507640068	18.203137324065356	CLU
413	GO_Biological_Process_2023	Negative Regulation Of Cell-Substrate Adhesion (GO:0010812)	1/39	0.1158784589932221	0.1729779895116214	0	0	8.44609507640068	18.203137324065356	PLG
414	GO_Biological_Process_2023	Negative Regulation Of Cell Population Proliferation (GO:0008285)	3/379	0.1172186526360395	0.1745569333230661	0	0	2.6011968085106383	5.576222697500195	IGFBP3;PLG;GPLD1
415	GO_Biological_Process_2023	Positive Regulation Of Insulin Secretion (GO:0032024)	1/40	0.1186688787561111	0.1750295156832379	0	0	8.229114971050455	17.539685384370195	GPLD1
416	GO_Biological_Process_2023	Regulation Of Cytosolic Calcium Ion Concentration (GO:0051480)	1/40	0.1186688787561111	0.1750295156832379	0	0	8.229114971050455	17.539685384370195	F2
417	GO_Biological_Process_2023	Water-Soluble Vitamin Metabolic Process (GO:0006767)	1/40	0.1186688787561111	0.1750295156832379	0	0	8.229114971050455	17.539685384370195	BTD
418	GO_Biological_Process_2023	Positive Regulation Of Catalytic Activity (GO:0043085)	1/40	0.1186688787561111	0.1750295156832379	0	0	8.229114971050455	17.539685384370195	APOA1
419	GO_Biological_Process_2023	Visual System Development (GO:0150063)	1/41	0.1214506309346355	0.1782814487354032	0	0	8.022983870967742	16.914435115120845	C3
420	GO_Biological_Process_2023	Regulation Of Release Of Cytochrome C From Mitochondria (GO:0090199)	1/41	0.1214506309346355	0.1782814487354032	0	0	8.022983870967742	16.914435115120845	CLU
421	GO_Biological_Process_2023	Regulation Of Signal Transduction (GO:0009966)	2/193	0.1236802547693995	0.1810619635691099	0	0	3.3895802935370356	7.084411390206884	IGFBP3;CLU
422	GO_Biological_Process_2023	Regulation Of Ubiquitin-Dependent Protein Catabolic Process (GO:2000058)	1/42	0.1242237419956353	0.1810619635691099	0	0	7.82690794649882	16.3243546760876	CLU
423	GO_Biological_Process_2023	Positive Regulation Of Calcium Ion Transmembrane Transport (GO:1904427)	1/42	0.1242237419956353	0.1810619635691099	0	0	7.82690794649882	16.3243546760876	F2
424	GO_Biological_Process_2023	Regulation Of Filopodium Assembly (GO:0051489)	1/43	0.1269882383786123	0.1837909398547598	0	0	7.640168970814132	15.766717271599331	CLU
425	GO_Biological_Process_2023	Positive Regulation Of Stress Fiber Assembly (GO:0051496)	1/43	0.1269882383786123	0.1837909398547598	0	0	7.640168970814132	15.766717271599331	APOA1
426	GO_Biological_Process_2023	Regulation Of Primary Metabolic Process (GO:0080090)	1/43	0.1269882383786123	0.1837909398547598	0	0	7.640168970814132	15.766717271599331	CNDP1
427	GO_Biological_Process_2023	Regulation Of Viral Entry Into Host Cell (GO:0046596)	1/44	0.1297441464014532	0.186036850292571	0	0	7.4621155288822205	15.239064221829013	GSN
428	GO_Biological_Process_2023	Positive Regulation Of Biosynthetic Process (GO:0009891)	1/44	0.1297441464014532	0.186036850292571	0	0	7.4621155288822205	15.239064221829013	F2
429	GO_Biological_Process_2023	Positive Regulation Of Chemotaxis (GO:0050921)	1/44	0.1297441464014532	0.186036850292571	0	0	7.4621155288822205	15.239064221829013	F7
430	GO_Biological_Process_2023	Regulation Of Cell-Substrate Adhesion (GO:0010810)	1/44	0.1297441464014532	0.186036850292571	0	0	7.4621155288822205	15.239064221829013	PLG
431	GO_Biological_Process_2023	Organic Substance Transport (GO:0071702)	2/201	0.1321032855265958	0.1886630005658857	0	0	3.2519976933849577	6.582600061228436	APOA4;CLU
432	GO_Biological_Process_2023	Establishment Of Protein Localization To Extracellular Region (GO:0035592)	1/45	0.132491492306787	0.1886630005658857	0	0	7.292155425219941	14.739173222170054	AFM
433	GO_Biological_Process_2023	Regulation Of Protein Modification Process (GO:0031399)	1/45	0.132491492306787	0.1886630005658857	0	0	7.292155425219941	14.739173222170054	FN1
434	GO_Biological_Process_2023	Regulation Of Cytokine Production Involved In Inflammatory Response (GO:1900015)	1/46	0.1352303022786778	0.191241022444446	0	0	7.129749103942652	14.265030973088258	F2
435	GO_Biological_Process_2023	Regulation Of Fibroblast Proliferation (GO:0048145)	1/46	0.1352303022786778	0.191241022444446	0	0	7.129749103942652	14.265030973088258	FN1
436	GO_Biological_Process_2023	Response To Hydrogen Peroxide (GO:0042542)	1/46	0.1352303022786778	0.191241022444446	0	0	7.129749103942652	14.265030973088258	CLU
437	GO_Biological_Process_2023	Regulation Of Angiogenesis (GO:0045765)	2/205	0.1363639763667297	0.1924039666544268	0	0	3.1872728741015908	6.350410670462765	ECM1;APOH
438	GO_Biological_Process_2023	Insulin Receptor Signaling Pathway (GO:0008286)	1/47	0.1379606023918482	0.1933325448484404	0	0	6.974403927068724	13.814809499793542	GPLD1
439	GO_Biological_Process_2023	Response To Organonitrogen Compound (GO:0010243)	1/47	0.1379606023918482	0.1933325448484404	0	0	6.974403927068724	13.814809499793542	CLU
440	GO_Biological_Process_2023	Positive Regulation Of Epithelial To Mesenchymal Transition (GO:0010718)	1/47	0.1379606023918482	0.1933325448484404	0	0	6.974403927068724	13.814809499793542	TNXB
441	GO_Biological_Process_2023	Positive Regulation Of Reactive Oxygen Species Metabolic Process (GO:2000379)	1/48	0.140682418673652	0.1958147178835968	0	0	6.82566918325326	13.386845588592887	F2
442	GO_Biological_Process_2023	Regulation Of Tumor Necrosis Factor-Mediated Signaling Pathway (GO:0010803)	1/48	0.140682418673652	0.1958147178835968	0	0	6.82566918325326	13.386845588592887	APOA1
443	GO_Biological_Process_2023	Chloride Transmembrane Transport (GO:1902476)	1/48	0.140682418673652	0.1958147178835968	0	0	6.82566918325326	13.386845588592887	APOL1
444	GO_Biological_Process_2023	Positive Regulation Of Pathway-Restricted SMAD Protein Phosphorylation (GO:0010862)	1/49	0.1433957770700575	0.1991428993916754	0	0	6.683131720430108	12.979622883843671	TNXB
445	GO_Biological_Process_2023	Regulation Of Release Of Sequestered Calcium Ion Into Cytosol (GO:0051279)	1/51	0.1487972235208121	0.2048033054250822	0	0	6.4151612903225805	12.2219780695598	F2
446	GO_Biological_Process_2023	Regulation Of Substrate Adhesion-Dependent Cell Spreading (GO:1900024)	1/51	0.1487972235208121	0.2048033054250822	0	0	6.4151612903225805	12.2219780695598	APOA1
447	GO_Biological_Process_2023	Positive Regulation Of Ras Protein Signal Transduction (GO:0046579)	1/51	0.1487972235208121	0.2048033054250822	0	0	6.4151612903225805	12.2219780695598	APOA1
448	GO_Biological_Process_2023	Positive Regulation Of Actin Filament Bundle Assembly (GO:0032233)	1/51	0.1487972235208121	0.2048033054250822	0	0	6.4151612903225805	12.2219780695598	APOA1
449	GO_Biological_Process_2023	Sprouting Angiogenesis (GO:0002040)	1/52	0.151485363035306	0.2071193680438476	0	0	6.289057558507274	11.869126214903106	GPLD1
450	GO_Biological_Process_2023	Regulation Of Protein Localization To Nucleus (GO:1900180)	1/52	0.151485363035306	0.2071193680438476	0	0	6.289057558507274	11.869126214903106	F2
451	GO_Biological_Process_2023	Cartilage Development (GO:0051216)	1/52	0.151485363035306	0.2071193680438476	0	0	6.289057558507274	11.869126214903106	GPLD1
452	GO_Biological_Process_2023	Glycoprotein Metabolic Process (GO:0009100)	1/53	0.1541651476447922	0.2084771580842048	0	0	6.167803970223325	11.532133445372011	ADAMTS13
453	GO_Biological_Process_2023	Actin Polymerization Or Depolymerization (GO:0008154)	1/53	0.1541651476447922	0.2084771580842048	0	0	6.167803970223325	11.532133445372011	GSN
454	GO_Biological_Process_2023	Protein Homotetramerization (GO:0051289)	1/53	0.1541651476447922	0.2084771580842048	0	0	6.167803970223325	11.532133445372011	CLU
455	GO_Biological_Process_2023	Regulation Of Receptor Signaling Pathway Via JAK-STAT (GO:0046425)	1/53	0.1541651476447922	0.2084771580842048	0	0	6.167803970223325	11.532133445372011	F2
456	GO_Biological_Process_2023	Cellular Response To Alcohol (GO:0097306)	1/53	0.1541651476447922	0.2084771580842048	0	0	6.167803970223325	11.532133445372011	GPLD1
457	GO_Biological_Process_2023	Nervous System Development (GO:0007399)	3/433	0.1559337336558066	0.2097944168428178	0	0	2.2682558139534885	4.2151545489114115	GSN;BTD;FN1
458	GO_Biological_Process_2023	Positive Regulation Of Leukocyte Chemotaxis (GO:0002690)	1/54	0.1568366028824949	0.2097944168428178	0	0	6.051125989044431	11.21001805928369	F7
459	GO_Biological_Process_2023	Regulation Of Myoblast Differentiation (GO:0045661)	1/54	0.1568366028824949	0.2097944168428178	0	0	6.051125989044431	11.21001805928369	IGFBP3
460	GO_Biological_Process_2023	Regulation Of Smooth Muscle Cell Proliferation (GO:0048660)	1/54	0.1568366028824949	0.2097944168428178	0	0	6.051125989044431	11.21001805928369	IGFBP3
461	GO_Biological_Process_2023	Monoatomic Anion Transmembrane Transport (GO:0098656)	1/54	0.1568366028824949	0.2097944168428178	0	0	6.051125989044431	11.21001805928369	APOL1
462	GO_Biological_Process_2023	Positive Regulation Of Protein Modification Process (GO:0031401)	2/225	0.1581024985374656	0.2110309807692306	0	0	2.8984782768506947	5.3462771847593205	C3;F2
463	GO_Biological_Process_2023	Peptide Metabolic Process (GO:0006518)	1/56	0.1621546270031827	0.2150462649956372	0	0	5.83049853372434	10.606871567934109	ADAMTS13
464	GO_Biological_Process_2023	Regulation Of Reactive Oxygen Species Metabolic Process (GO:2000377)	1/56	0.1621546270031827	0.2150462649956372	0	0	5.83049853372434	10.606871567934109	F2
465	GO_Biological_Process_2023	Positive Regulation Of Cellular Metabolic Process (GO:0031325)	1/56	0.1621546270031827	0.2150462649956372	0	0	5.83049853372434	10.606871567934109	F2
466	GO_Biological_Process_2023	Positive Regulation Of Phosphorylation (GO:0042327)	2/231	0.1647490263680171	0.2180190541658128	0	0	2.8216765695468538	5.088419694886205	C3;F2
467	GO_Biological_Process_2023	Regulation Of Neuron Death (GO:1901214)	1/58	0.1674396382858735	0.2206347472508951	0	0	5.625353706847765	10.053251652185772	CLU
468	GO_Biological_Process_2023	Response To Organic Cyclic Compound (GO:0014070)	1/58	0.1674396382858735	0.2206347472508951	0	0	5.625353706847765	10.053251652185772	CLU
469	GO_Biological_Process_2023	Negative Regulation Of Protein-Containing Complex Assembly (GO:0031333)	1/59	0.1700698271705011	0.2222053978675891	0	0	5.528086763070078	9.7932609778969	CLU
470	GO_Biological_Process_2023	Positive Regulation Of Protein Binding (GO:0032092)	1/59	0.1700698271705011	0.2222053978675891	0	0	5.528086763070078	9.7932609778969	VTN
471	GO_Biological_Process_2023	Positive Regulation Of Proteolysis (GO:0045862)	1/59	0.1700698271705011	0.2222053978675891	0	0	5.528086763070078	9.7932609778969	GPLD1
472	GO_Biological_Process_2023	Negative Regulation Of Cytokine-Mediated Signaling Pathway (GO:0001960)	1/59	0.1700698271705011	0.2222053978675891	0	0	5.528086763070078	9.7932609778969	APOA1
473	GO_Biological_Process_2023	Positive Regulation Of Interleukin-8 Production (GO:0032757)	1/61	0.1753056968882167	0.2276027745313401	0	0	5.3432795698924735	9.303846570486357	APOA2
474	GO_Biological_Process_2023	Negative Regulation Of Intrinsic Apoptotic Signaling Pathway (GO:2001243)	1/61	0.1753056968882167	0.2276027745313401	0	0	5.3432795698924735	9.303846570486357	CLU
475	GO_Biological_Process_2023	Regulation Of Pathway-Restricted SMAD Protein Phosphorylation (GO:0060393)	1/61	0.1753056968882167	0.2276027745313401	0	0	5.3432795698924735	9.303846570486357	TNXB
476	GO_Biological_Process_2023	Protein Lipidation (GO:0006497)	1/62	0.1779114276898999	0.2305015981391155	0	0	5.255420412480169	9.07332278789932	GPLD1
477	GO_Biological_Process_2023	Inorganic Anion Transmembrane Transport (GO:0098661)	1/63	0.1805090555932405	0.2328905978217591	0	0	5.170395421436004	8.851584252835126	APOL1
478	GO_Biological_Process_2023	Protein Polymerization (GO:0051258)	1/63	0.1805090555932405	0.2328905978217591	0	0	5.170395421436004	8.851584252835126	GSN
479	GO_Biological_Process_2023	Antimicrobial Humoral Immune Response Mediated By Antimicrobial Peptide (GO:0061844)	1/65	0.185680101911481	0.2390631312110318	0	0	5.008316532258065	8.432652635397332	F2
480	GO_Biological_Process_2023	Positive Regulation Of Gene Expression (GO:0010628)	3/480	0.1924466588225791	0.247259948341692	0	0	2.039832285115304	3.3615135883438585	GSN;FN1;CLU
481	GO_Biological_Process_2023	Negative Regulation Of Apoptotic Process (GO:0043066)	3/482	0.1940479463536961	0.2488000639970626	0	0	2.031106471816284	3.33030373525	PROC;APOH;CLU
482	GO_Biological_Process_2023	Positive Regulation Of Phosphatidylinositol 3-Kinase Signaling (GO:0014068)	1/69	0.1959260459718742	0.2501700339062361	0	0	4.712760910815939	7.681885149311177	FN1
483	GO_Biological_Process_2023	Phagocytosis (GO:0006909)	1/69	0.1959260459718742	0.2501700339062361	0	0	4.712760910815939	7.681885149311177	GSN
484	GO_Biological_Process_2023	Negative Regulation Of Epithelial Cell Proliferation (GO:0050680)	1/70	0.1984676437827394	0.2518542173670082	0	0	4.644226273959794	7.5103138993120435	APOH
485	GO_Biological_Process_2023	Regulation Of G Protein-Coupled Receptor Signaling Pathway (GO:0008277)	1/70	0.1984676437827394	0.2518542173670082	0	0	4.644226273959794	7.5103138993120435	C3
486	GO_Biological_Process_2023	Regulation Of Cellular Biosynthetic Process (GO:0031326)	1/70	0.1984676437827394	0.2518542173670082	0	0	4.644226273959794	7.5103138993120435	C3
487	GO_Biological_Process_2023	Negative Regulation Of Supramolecular Fiber Organization (GO:1902904)	1/71	0.2010013350059184	0.254546772609954	0	0	4.577649769585253	7.344581466939859	CLU
488	GO_Biological_Process_2023	Regulation Of Cellular Localization (GO:0060341)	1/72	0.203527143797723	0.2561706209103723	0	0	4.512948659700136	7.184415237259634	GSN
489	GO_Biological_Process_2023	Transforming Growth Factor Beta Receptor Signaling Pathway (GO:0007179)	1/72	0.203527143797723	0.2561706209103723	0	0	4.512948659700136	7.184415237259634	APOA1
490	GO_Biological_Process_2023	Positive Regulation Of Protein Localization To Nucleus (GO:1900182)	1/72	0.203527143797723	0.2561706209103723	0	0	4.512948659700136	7.184415237259634	F2
491	GO_Biological_Process_2023	Negative Regulation Of Signal Transduction (GO:0009968)	2/267	0.205538059405334	0.2577649155672042	0	0	2.4339004021033097	3.8507323816130272	AHSG;IGFBP3
492	GO_Biological_Process_2023	Protein Tetramerization (GO:0051262)	1/73	0.2060450943207102	0.2577649155672042	0	0	4.450044802867383	7.029558795380116	CLU
493	GO_Biological_Process_2023	Cellular Response To Reactive Oxygen Species (GO:0034614)	1/73	0.2060450943207102	0.2577649155672042	0	0	4.450044802867383	7.029558795380116	CLU
494	GO_Biological_Process_2023	Negative Regulation Of Neuron Apoptotic Process (GO:0043524)	1/74	0.2085552105913256	0.2603780204958368	0	0	4.388864339372514	6.879770763479291	CLU
495	GO_Biological_Process_2023	Negative Regulation Of Phosphorylation (GO:0042326)	1/75	0.2110575165973046	0.261389870254778	0	0	4.329337401918047	6.734823730110623	IGFBP3
496	GO_Biological_Process_2023	Regulation Of Plasma Membrane Bounded Cell Projection Assembly (GO:0120032)	1/75	0.2110575165973046	0.261389870254778	0	0	4.329337401918047	6.734823730110623	CLU
497	GO_Biological_Process_2023	Regulation Of Stress Fiber Assembly (GO:0051492)	1/75	0.2110575165973046	0.261389870254778	0	0	4.329337401918047	6.734823730110623	APOA1
498	GO_Biological_Process_2023	Defense Response To Gram-negative Bacterium (GO:0050829)	1/75	0.2110575165973046	0.261389870254778	0	0	4.329337401918047	6.734823730110623	F2
499	GO_Biological_Process_2023	Chloride Transport (GO:0006821)	1/77	0.2160387935009095	0.2659601083337889	0	0	4.214983022071308	6.458607053191876	APOL1
500	GO_Biological_Process_2023	Negative Regulation Of Blood Vessel Morphogenesis (GO:2000181)	1/77	0.2160387935009095	0.2659601083337889	0	0	4.214983022071308	6.458607053191876	APOH
501	GO_Biological_Process_2023	Positive Regulation Of Endothelial Cell Proliferation (GO:0001938)	1/77	0.2160387935009095	0.2659601083337889	0	0	4.214983022071308	6.458607053191876	ECM1
502	GO_Biological_Process_2023	Negative Regulation Of Protein Modification Process (GO:0031400)	1/78	0.2185178119775936	0.2679444599249065	0	0	4.160033514872224	6.326944005788914	IGFBP3
503	GO_Biological_Process_2023	Positive Regulation Of Tumor Necrosis Factor Production (GO:0032760)	1/78	0.2185178119775936	0.2679444599249065	0	0	4.160033514872224	6.326944005788914	CLU
504	GO_Biological_Process_2023	Response To Insulin (GO:0032868)	1/79	0.2209891154061601	0.2699037022154288	0	0	4.106492969396196	6.199333562158706	GPLD1
505	GO_Biological_Process_2023	Positive Regulation Of Cytoskeleton Organization (GO:0051495)	1/79	0.2209891154061601	0.2699037022154288	0	0	4.106492969396196	6.199333562158706	GSN
506	GO_Biological_Process_2023	Regulation Of Organelle Assembly (GO:1902115)	1/80	0.2234527274061944	0.271838160505961	0	0	4.05430788076766	6.075604959014088	GSN
507	GO_Biological_Process_2023	Calcium Ion Transmembrane Transport (GO:0070588)	1/80	0.2234527274061944	0.271838160505961	0	0	4.05430788076766	6.075604959014088	CLU
508	GO_Biological_Process_2023	Regulation Of Interleukin-8 Production (GO:0032677)	1/81	0.2259086715542183	0.2742859705707405	0	0	4.003427419354839	5.955596591102616	APOA2
509	GO_Biological_Process_2023	Positive Regulation Of Tumor Necrosis Factor Superfamily Cytokine Production (GO:1903557)	1/82	0.2283569713377985	0.2750967023133713	0	0	3.9538032656312225	5.839155416656804	CLU
510	GO_Biological_Process_2023	Regulation Of Phosphorylation (GO:0042325)	1/82	0.2283569713377985	0.2750967023133713	0	0	3.9538032656312225	5.839155416656804	FN1
511	GO_Biological_Process_2023	Cellular Response To Organic Substance (GO:0071310)	1/82	0.2283569713377985	0.2750967023133713	0	0	3.9538032656312225	5.839155416656804	CLEC3B
512	GO_Biological_Process_2023	Negative Regulation Of Apoptotic Signaling Pathway (GO:2001234)	1/82	0.2283569713377985	0.2750967023133713	0	0	3.9538032656312225	5.839155416656804	CLU
513	GO_Biological_Process_2023	Positive Regulation Of Intracellular Signal Transduction (GO:1902533)	3/525	0.2292326422920229	0.275353181047876	0	0	1.859674329501916	2.7393335493147544	F7;ECM1;FN1
514	GO_Biological_Process_2023	Regulation Of Epithelial To Mesenchymal Transition (GO:0010717)	1/83	0.2307976501339802	0.275353181047876	0	0	3.9053894571203775	5.726136407683874	TNXB
515	GO_Biological_Process_2023	Positive Regulation Of Proteasomal Ubiquitin-Dependent Protein Catabolic Process (GO:0032436)	1/83	0.2307976501339802	0.275353181047876	0	0	3.9053894571203775	5.726136407683874	CLU
516	GO_Biological_Process_2023	Positive Regulation Of Ubiquitin-Dependent Protein Catabolic Process (GO:2000060)	1/83	0.2307976501339802	0.275353181047876	0	0	3.9053894571203775	5.726136407683874	CLU
517	GO_Biological_Process_2023	Calcium Ion Transmembrane Import Into Cytosol (GO:0097553)	1/83	0.2307976501339802	0.275353181047876	0	0	3.9053894571203775	5.726136407683874	CLU
518	GO_Biological_Process_2023	Regulation Of Interleukin-1 Beta Production (GO:0032651)	1/84	0.2332307312869293	0.2777198303185401	0	0	3.8581422464049746	5.61640203998094	APOA1
519	GO_Biological_Process_2023	Positive Regulation Of Protein Localization (GO:1903829)	1/85	0.2356562380977907	0.2779304487489211	0	0	3.8120199692780337	5.509821822593484	F2
520	GO_Biological_Process_2023	Calcium-Mediated Signaling (GO:0019722)	1/85	0.2356562380977907	0.2779304487489211	0	0	3.8120199692780337	5.509821822593484	CLU
521	GO_Biological_Process_2023	Positive Regulation Of Amide Metabolic Process (GO:0034250)	1/85	0.2356562380977907	0.2779304487489211	0	0	3.8120199692780337	5.509821822593484	CLU
522	GO_Biological_Process_2023	Defense Response To Gram-positive Bacterium (GO:0050830)	1/85	0.2356562380977907	0.2779304487489211	0	0	3.8120199692780337	5.509821822593484	PGLYRP2
523	GO_Biological_Process_2023	Positive Regulation Of Endothelial Cell Migration (GO:0010595)	1/85	0.2356562380977907	0.2779304487489211	0	0	3.8120199692780337	5.509821822593484	GPLD1
524	GO_Biological_Process_2023	Negative Regulation Of Angiogenesis (GO:0016525)	1/86	0.2380741937440958	0.2802473366359071	0	0	3.7669829222011386	5.4062718629826785	APOH
525	GO_Biological_Process_2023	Negative Regulation Of Neuron Death (GO:1901215)	1/88	0.242887544034539	0.2853697760709983	0	0	3.6800148312940304	5.207797734798527	CLU
526	GO_Biological_Process_2023	Cellular Response To Peptide Hormone Stimulus (GO:0071375)	1/89	0.2452829847133578	0.2876373520927042	0	0	3.6380131964809386	5.112655271210953	GPLD1
527	GO_Biological_Process_2023	Positive Regulation Of Proteasomal Protein Catabolic Process (GO:1901800)	1/90	0.2476709663399594	0.2887936928265942	0	0	3.596955418629938	5.0201058018218685	CLU
528	GO_Biological_Process_2023	Regulation Of Peptidyl-Tyrosine Phosphorylation (GO:0050730)	1/90	0.2476709663399594	0.2887936928265942	0	0	3.596955418629938	5.0201058018218685	VTN
529	GO_Biological_Process_2023	Regulation Of Phosphatidylinositol 3-Kinase Signaling (GO:0014066)	1/90	0.2476709663399594	0.2887936928265942	0	0	3.596955418629938	5.0201058018218685	FN1
530	GO_Biological_Process_2023	Regulation Of Actin Cytoskeleton Organization (GO:0032956)	1/91	0.2500515117627875	0.2910204035205323	0	0	3.556810035842294	4.930052901535926	CLU
531	GO_Biological_Process_2023	Positive Regulation Of Protein Catabolic Process (GO:0045732)	1/92	0.2524246437833451	0.2932301313122317	0	0	3.517546969159872	4.8424047072079155	GPLD1
532	GO_Biological_Process_2023	Positive Regulation Of Protein Kinase B Signaling (GO:0051897)	1/93	0.2547903850604711	0.2943186130231237	0	0	3.47913744740533	4.757073657189721	F7
533	GO_Biological_Process_2023	Negative Regulation Of Amide Metabolic Process (GO:0034249)	1/93	0.2547903850604711	0.2943186130231237	0	0	3.47913744740533	4.757073657189721	CLU
534	GO_Biological_Process_2023	Positive Regulation Of Cellular Component Biogenesis (GO:0044089)	1/93	0.2547903850604711	0.2943186130231237	0	0	3.47913744740533	4.757073657189721	CLU
535	GO_Biological_Process_2023	Positive Regulation Of Transmembrane Receptor Protein Serine/Threonine Kinase Signaling Pathway (GO:0090100)	1/95	0.2594997860787658	0.2980871148637124	0	0	3.404770075497598	4.593032791489504	TNXB
536	GO_Biological_Process_2023	Cell Junction Assembly (GO:0034329)	1/95	0.2594997860787658	0.2980871148637124	0	0	3.404770075497598	4.593032791489504	FN1
537	GO_Biological_Process_2023	Positive Regulation Of Epithelial Cell Migration (GO:0010634)	1/95	0.2594997860787658	0.2980871148637124	0	0	3.404770075497598	4.593032791489504	GPLD1
538	GO_Biological_Process_2023	Regulation Of Protein Metabolic Process (GO:0051246)	1/96	0.2618434908943032	0.3002212938268634	0	0	3.368760611205433	4.514167236027909	CNDP1
539	GO_Biological_Process_2023	Supramolecular Fiber Organization (GO:0097435)	2/316	0.2625146351413694	0.3004334157729006	0	0	2.048971494204866	2.740393739972461	GSN;TNXB
540	GO_Biological_Process_2023	Regulation Of Defense Response (GO:0031347)	1/97	0.2641798951446222	0.3012235704785546	0	0	3.3335013440860215	4.4373069329621035	AHSG
541	GO_Biological_Process_2023	Monocarboxylic Acid Metabolic Process (GO:0032787)	1/97	0.2641798951446222	0.3012235704785546	0	0	3.3335013440860215	4.4373069329621035	BTD
542	GO_Biological_Process_2023	Positive Regulation Of Protein-Containing Complex Assembly (GO:0031334)	1/98	0.2665090212957127	0.3033196595962255	0	0	3.2989690721649483	4.362382465759548	CLU
543	GO_Biological_Process_2023	Positive Regulation Of Cytokine Production (GO:0001819)	2/320	0.2671943938846228	0.3035406901115751	0	0	2.0227858542117745	2.669629924771314	C3;APOA2
544	GO_Biological_Process_2023	Cellular Response To Insulin Stimulus (GO:0032869)	1/99	0.2688308915702658	0.3048394330099527	0	0	3.2651415404871624	4.289327476230114	GPLD1
545	GO_Biological_Process_2023	Antimicrobial Humoral Response (GO:0019730)	1/100	0.2711455282609312	0.3069009825370979	0	0	3.231997393287716	4.218078497375417	F2
546	GO_Biological_Process_2023	Inorganic Cation Import Across Plasma Membrane (GO:0098659)	1/103	0.2780462581157908	0.3141363574324657	0	0	3.1364642631246045	4.0145732094364295	CLU
547	GO_Biological_Process_2023	Positive Regulation Of Kinase Activity (GO:0033674)	1/104	0.2803321814504249	0.3155651878622268	0	0	3.1058565612276854	3.949966309186787	F2
548	GO_Biological_Process_2023	Positive Regulation Of Vasculature Development (GO:1904018)	1/104	0.2803321814504249	0.3155651878622268	0	0	3.1058565612276854	3.949966309186787	ECM1
549	GO_Biological_Process_2023	Regulation Of Neuron Apoptotic Process (GO:0043523)	1/105	0.2826109813678469	0.3169756560532294	0	0	3.0758374689826304	3.886886445878481	CLU
550	GO_Biological_Process_2023	Cellular Response To Organonitrogen Compound (GO:0071417)	1/105	0.2826109813678469	0.3169756560532294	0	0	3.0758374689826304	3.886886445878481	CLU
551	GO_Biological_Process_2023	Positive Regulation Of Cellular Process (GO:0048522)	3/594	0.287865006070897	0.322283648101113	0	0	1.6367174280879864	2.038144698313245	TNXB;FN1;HPR
552	GO_Biological_Process_2023	Lipid Transport (GO:0006869)	1/108	0.2894048588657844	0.3234217048445837	0	0	2.9891468194151343	3.706328856610592	APOA4
553	GO_Biological_Process_2023	Extracellular Structure Organization (GO:0043062)	1/109	0.291655382946022	0.3241781055047511	0	0	2.961320191158901	3.6488865287561048	ADAMTS13
554	GO_Biological_Process_2023	Regulation Of Proteasomal Ubiquitin-Dependent Protein Catabolic Process (GO:0032434)	1/109	0.291655382946022	0.3241781055047511	0	0	2.961320191158901	3.6488865287561048	CLU
555	GO_Biological_Process_2023	Positive Regulation Of Cysteine-Type Endopeptidase Activity Involved In Apoptotic Process (GO:0043280)	1/109	0.291655382946022	0.3241781055047511	0	0	2.961320191158901	3.6488865287561048	GSN
556	GO_Biological_Process_2023	External Encapsulating Structure Organization (GO:0045229)	1/110	0.2938988921843743	0.3255009236020489	0	0	2.934004143237644	3.5927452129104887	ADAMTS13
557	GO_Biological_Process_2023	Response To Lipid (GO:0033993)	1/110	0.2938988921843743	0.3255009236020489	0	0	2.934004143237644	3.5927452129104887	APOA4
558	GO_Biological_Process_2023	Regulation Of Transforming Growth Factor Beta Receptor Signaling Pathway (GO:0017015)	1/111	0.2961354080505626	0.3273912024601926	0	0	2.907184750733138	3.53786496149047	TNXB
559	GO_Biological_Process_2023	Calcium Ion Transport (GO:0006816)	1/112	0.2983649520769731	0.329267036399231	0	0	2.8808485905260097	3.4842073842009356	CLU
560	GO_Biological_Process_2023	Regulation Of Protein Binding (GO:0043393)	1/118	0.3115969992775055	0.3432565874393911	0	0	2.7322856355114418	3.1859668974985484	VTN
561	GO_Biological_Process_2023	Positive Regulation Of Angiogenesis (GO:0045766)	1/119	0.3137783351294985	0.3450445037545019	0	0	2.708993985784582	3.139909545344901	ECM1
562	GO_Biological_Process_2023	Positive Regulation Of Epithelial Cell Proliferation (GO:0050679)	1/123	0.3224358609521833	0.353307379553988	0	0	2.6196456901110525	2.965048707413182	ECM1
563	GO_Biological_Process_2023	Regulation Of Cell Motility (GO:2000145)	1/123	0.3224358609521833	0.353307379553988	0	0	2.6196456901110525	2.965048707413182	TNXB
564	GO_Biological_Process_2023	Regulation Of Tumor Necrosis Factor Production (GO:0032680)	1/127	0.3309858734882592	0.3620341058685738	0	0	2.5359703020993343	2.8039705856159034	CLU
565	GO_Biological_Process_2023	Protein Homooligomerization (GO:0051260)	1/129	0.3352209734919982	0.3660186601025704	0	0	2.49609375	2.728143959752114	CLU
566	GO_Biological_Process_2023	Transmembrane Receptor Protein Serine/Threonine Kinase Signaling Pathway (GO:0007178)	1/130	0.3373286183148003	0.3670230389411031	0	0	2.4766191547886973	2.691336327466857	APOA1
567	GO_Biological_Process_2023	Positive Regulation Of Peptidyl-Tyrosine Phosphorylation (GO:0050731)	1/130	0.3373286183148003	0.3670230389411031	0	0	2.4766191547886973	2.691336327466857	VTN
568	GO_Biological_Process_2023	Synapse Organization (GO:0050808)	1/131	0.3394296866616383	0.368660011172043	0	0	2.4574441687344915	2.6552400701818284	C1QB
569	GO_Biological_Process_2023	Plasma Membrane Bounded Cell Projection Organization (GO:0120036)	1/132	0.3415241987555242	0.3696356476898668	0	0	2.4385619305589756	2.6198366803488633	TNXB
570	GO_Biological_Process_2023	Circulatory System Development (GO:0072359)	1/132	0.3415241987555242	0.3696356476898668	0	0	2.4385619305589756	2.6198366803488633	FN1
571	GO_Biological_Process_2023	Positive Regulation Of Multicellular Organismal Process (GO:0051240)	2/387	0.3451256284923207	0.3728804867277172	0	0	1.6650628060464123	1.7713717174919423	TNXB;APOC2
572	GO_Biological_Process_2023	Regulation Of Protein Kinase B Signaling (GO:0051896)	1/136	0.3498370862325765	0.3773112029524124	0	0	2.3658303464755077	2.484802515010272	F7
573	GO_Biological_Process_2023	Intracellular Calcium Ion Homeostasis (GO:0006874)	1/139	0.3560038914332997	0.3832933883375945	0	0	2.314048620850865	2.3899809264717167	F2
574	GO_Biological_Process_2023	Actin Filament Organization (GO:0007015)	1/144	0.3661542224291939	0.3935361903673771	0	0	2.232573877735168	2.243068451977774	GSN
575	GO_Biological_Process_2023	Cellular Response To Oxygen-Containing Compound (GO:1901701)	2/406	0.366842337771922	0.393591258234458	0	0	1.5852134393767243	1.5896886880653331	CLU;GPLD1
576	GO_Biological_Process_2023	Positive Regulation Of Protein Kinase Activity (GO:0045860)	1/145	0.3681653129809976	0.3943261064510512	0	0	2.2169578853046596	2.215235800361668	CLU
577	GO_Biological_Process_2023	Negative Regulation Of Protein Phosphorylation (GO:0001933)	1/149	0.3761470688458437	0.4021780078663173	0	0	2.1566041848299915	2.108673811063142	IGFBP3
578	GO_Biological_Process_2023	Neuron Development (GO:0048666)	1/150	0.3781269522835974	0.4035966433700573	0	0	2.142022082701883	2.083170641053366	TNXB
579	GO_Biological_Process_2023	Cellular Response To Organic Cyclic Compound (GO:0071407)	1/152	0.3820681859374097	0.4063995506184496	0	0	2.1134372997222814	2.0334567781728796	CLU
580	GO_Biological_Process_2023	Positive Regulation Of NF-kappaB Transcription Factor Activity (GO:0051092)	1/152	0.3820681859374097	0.4063995506184496	0	0	2.1134372997222814	2.0334567781728796	CLU
581	GO_Biological_Process_2023	Cellular Response To Growth Factor Stimulus (GO:0071363)	1/155	0.3879339880975881	0.4119299048871296	0	0	2.07195224130708	1.961973197846402	CLEC3B
582	GO_Biological_Process_2023	Regulation Of Cell Migration (GO:0030334)	2/434	0.3983469500667684	0.4222614324893017	0	0	1.4803430479659987	1.362554993307142	F7;TNXB
583	GO_Biological_Process_2023	Regulation Of Macromolecule Metabolic Process (GO:0060255)	1/162	0.4014085937360872	0.4247782721385306	0	0	1.9811660989781608	1.8083597447149609	CNDP1
584	GO_Biological_Process_2023	Negative Regulation Of Cell Migration (GO:0030336)	1/163	0.4033095509093483	0.4260603460888499	0	0	1.968837116686579	1.787804306872361	IGFBP3
585	GO_Biological_Process_2023	Heart Development (GO:0007507)	1/171	0.4183048459940238	0.4403959025967746	0	0	1.875426944971537	1.6345186309799855	FN1
586	GO_Biological_Process_2023	Metal Ion Transport (GO:0030001)	1/171	0.4183048459940238	0.4403959025967746	0	0	1.875426944971537	1.6345186309799855	CLU
587	GO_Biological_Process_2023	Positive Regulation Of I-kappaB kinase/NF-kappaB Signaling (GO:0043123)	1/175	0.4256627945776378	0.447380284096905	0	0	1.831942899517983	1.564676734632382	ECM1
588	GO_Biological_Process_2023	Positive Regulation Of Hydrolase Activity (GO:0051345)	1/176	0.4274879231093866	0.4485357155884566	0	0	1.8213824884792629	1.547864097829489	APOA1
589	GO_Biological_Process_2023	Phosphate-Containing Compound Metabolic Process (GO:0006796)	1/184	0.4418849273110078	0.4628557374206827	0	0	1.7410541159880133	1.4219289532919572	LCAT
590	GO_Biological_Process_2023	Endocytosis (GO:0006897)	1/189	0.4507014946724221	0.4712919182868983	0	0	1.6943205216197663	1.3502887955420633	AHSG
591	GO_Biological_Process_2023	Positive Regulation Of Cell Population Proliferation (GO:0008284)	2/483	0.4517076473311398	0.4715461588693317	0	0	1.3261988343955555	1.0539568787172393	TNXB;FN1
592	GO_Biological_Process_2023	Neuron Projection Development (GO:0031175)	1/192	0.4559254922096478	0.4743467242181184	0	0	1.6674548218206384	1.3096621659449923	TNXB
593	GO_Biological_Process_2023	Modification-Dependent Protein Catabolic Process (GO:0019941)	1/192	0.4559254922096478	0.4743467242181184	0	0	1.6674548218206384	1.3096621659449923	PCYOX1
594	GO_Biological_Process_2023	Regulation Of Cell Differentiation (GO:0045595)	1/193	0.4576559355796185	0.4753468372910996	0	0	1.6586861559139785	1.2964914818911528	TNXB
595	GO_Biological_Process_2023	Regulation Of Programmed Cell Death (GO:0043067)	1/195	0.4611005890404467	0.4781210805822081	0	0	1.641420019953442	1.2706873550911402	CLU
596	GO_Biological_Process_2023	Positive Regulation Of Protein Metabolic Process (GO:0051247)	1/196	0.4628148324441375	0.4790947511733283	0	0	1.6329197684036394	1.2580474947665072	CLU
597	GO_Biological_Process_2023	Regulation Of MAPK Cascade (GO:0043408)	1/204	0.4763369589448996	0.4914461446209482	0	0	1.5679326235499762	1.16282552391197	FN1
598	GO_Biological_Process_2023	Defense Response To Bacterium (GO:0042742)	1/204	0.4763369589448996	0.4914461446209482	0	0	1.5679326235499762	1.16282552391197	PGLYRP2
599	GO_Biological_Process_2023	Positive Regulation Of Cell Motility (GO:2000147)	1/221	0.5039689656697142	0.5190880346398056	0	0	1.445527859237537	0.9905343614757386	F7
600	GO_Biological_Process_2023	Cellular Response To Lipid (GO:0071396)	1/228	0.5149251570015803	0.528610875460094	0	0	1.4004547392354696	0.9295290268878776	GPLD1
601	GO_Biological_Process_2023	Cilium Organization (GO:0044782)	1/228	0.5149251570015803	0.528610875460094	0	0	1.4004547392354696	0.9295290268878776	GSN
602	GO_Biological_Process_2023	Regulation Of I-kappaB kinase/NF-kappaB Signaling (GO:0043122)	1/232	0.521078543096651	0.5340406959100006	0	0	1.3759251501186984	0.8969029926321485	ECM1
603	GO_Biological_Process_2023	Positive Regulation Of Developmental Process (GO:0051094)	1/233	0.5226048470600206	0.5347182044422065	0	0	1.369924916573971	0.8889848980686087	TNXB
604	GO_Biological_Process_2023	Inflammatory Response (GO:0006954)	1/236	0.5271550941113914	0.5384823936542807	0	0	1.3522306108442004	0.8657798166039171	HPR
605	GO_Biological_Process_2023	Cilium Assembly (GO:0060271)	1/243	0.5376070073227819	0.5482526906361043	0	0	1.3126499600106638	0.8146666045170106	GSN
606	GO_Biological_Process_2023	Regulation Of ERK1 And ERK2 Cascade (GO:0070372)	1/244	0.5390814559474603	0.548850642134317	0	0	1.307181733705031	0.8076926852205089	FN1
607	GO_Biological_Process_2023	Positive Regulation Of DNA-binding Transcription Factor Activity (GO:0051091)	1/246	0.5420164858595647	0.5509312306927813	0	0	1.2963791968400262	0.7939789266966945	CLU
608	GO_Biological_Process_2023	Cellular Component Assembly (GO:0022607)	1/260	0.5620529428777271	0.570359144003999	0	0	1.2254328060779671	0.7060444208841172	GSN
609	GO_Biological_Process_2023	Plasma Membrane Bounded Cell Projection Assembly (GO:0120031)	1/275	0.5825635850603141	0.5902037632250396	0	0	1.1574640923004471	0.6253974572036497	GSN
610	GO_Biological_Process_2023	Monoatomic Cation Transmembrane Transport (GO:0098655)	1/281	0.590500498022866	0.5972656428447319	0	0	1.132315668202765	0.5964866827581378	CLU
611	GO_Biological_Process_2023	Transmembrane Receptor Protein Tyrosine Kinase Signaling Pathway (GO:0007169)	1/284	0.5944130728614397	0.5992614666041921	0	0	1.1201413427561835	0.5826760113270533	GPLD1
612	GO_Biological_Process_2023	Inorganic Cation Transmembrane Transport (GO:0098662)	1/284	0.5944130728614397	0.5992614666041921	0	0	1.1201413427561835	0.5826760113270533	CLU
613	GO_Biological_Process_2023	Organelle Assembly (GO:0070925)	1/322	0.6408994087743389	0.6450746492223802	0	0	0.985629584966335	0.4384896130200874	GSN
614	GO_Biological_Process_2023	Regulation Of Gene Expression (GO:0010468)	3/1127	0.6968730486286021	0.7002724293536197	0	0	0.8368772241992882	0.3022399037873694	GSN;FN1;CLU
615	GO_Biological_Process_2023	Negative Regulation Of Programmed Cell Death (GO:0043069)	1/381	0.7028820074380459	0.7051640918777798	0	0	0.8300933786078099	0.2926629036195924	PROC
616	GO_Biological_Process_2023	Phosphorylation (GO:0016310)	1/429	0.7454339543569375	0.7466421131160249	0	0	0.7351899306602352	0.2159905242081914	IGFBP3
617	GO_Biological_Process_2023	Protein Phosphorylation (GO:0006468)	1/500	0.7976032864598676	0.7976032864598676	0	0	0.6282888357359881	0.1420837127128269	IGFBP3
