Actual Infection	Estimated Infection	Counts
0.0	0.1	3
0.3	0.2	10
0.4444444444444444	0.3	36
0.625	0.4	64
0.6595744680851063	0.5	94
0.67	0.6	100
0.6230769230769231	0.7	130
0.7009345794392523	0.8	107
0.8217821782178217	0.9	101
0.8571428571428571	1.0	35
0.0	0.1	3
0.5714285714285714	0.2	7
0.4444444444444444	0.3	27
0.5675675675675675	0.4	74
0.6235294117647059	0.5	85
0.6293103448275862	0.6	116
0.6851851851851852	0.7	108
0.7272727272727273	0.8	132
0.8163265306122449	0.9	98
0.7666666666666667	1.0	30
0.0	0.1	4
0.5	0.2	12
0.5116279069767442	0.3	43
0.6153846153846154	0.4	65
0.6170212765957447	0.5	94
0.6754385964912281	0.6	114
0.5984848484848485	0.7	132
0.8157894736842105	0.8	114
0.8227848101265823	0.9	79
0.7391304347826086	1.0	23
0.0	0.1	2
0.36363636363636365	0.2	11
0.48484848484848486	0.3	33
0.5849056603773585	0.4	53
0.6122448979591837	0.5	98
0.6846846846846847	0.6	111
0.6328125	0.7	128
0.7203389830508474	0.8	118
0.8369565217391305	0.9	92
0.7941176470588235	1.0	34
0.25	0.1	4
0.5	0.2	12
0.43333333333333335	0.3	30
0.5507246376811594	0.4	69
0.6862745098039216	0.5	102
0.6146788990825688	0.6	109
0.6607142857142857	0.7	112
0.7244094488188977	0.8	127
0.8390804597701149	0.9	87
0.8214285714285714	1.0	28
0.0	0.1	2
0.3	0.2	10
0.5128205128205128	0.3	39
0.59375	0.4	64
0.6435643564356436	0.5	101
0.631578947368421	0.6	114
0.6160714285714286	0.7	112
0.7642276422764228	0.8	123
0.8352941176470589	0.9	85
0.8333333333333334	1.0	30
0.0	0.1	4
0.625	0.2	8
0.4418604651162791	0.3	43
0.576271186440678	0.4	59
0.717391304347826	0.5	92
0.6	0.6	100
0.648	0.7	125
0.6923076923076923	0.8	130
0.8764044943820225	0.9	89
0.8	1.0	30
0.0	0.0	1
0.0	0.1	1
0.3888888888888889	0.2	18
0.5	0.3	28
0.6206896551724138	0.4	58
0.6538461538461539	0.5	104
0.6036036036036037	0.6	111
0.6495726495726496	0.7	117
0.7578125	0.8	128
0.8314606741573034	0.9	89
0.72	1.0	25
0.0	0.1	3
0.2	0.2	10
0.4857142857142857	0.3	35
0.6212121212121212	0.4	66
0.6952380952380952	0.5	105
0.625	0.6	112
0.608	0.7	125
0.7545454545454545	0.8	110
0.8470588235294118	0.9	85
0.7931034482758621	1.0	29
0.0	0.1	3
0.23076923076923078	0.2	13
0.631578947368421	0.3	38
0.5892857142857143	0.4	56
0.6548672566371682	0.5	113
0.6120689655172413	0.6	116
0.6220472440944882	0.7	127
0.808695652173913	0.8	115
0.8289473684210527	0.9	76
0.7391304347826086	1.0	23
0.16666666666666666	0.1	6
0.375	0.2	8
0.47619047619047616	0.3	42
0.6428571428571429	0.4	56
0.6605504587155964	0.5	109
0.6090909090909091	0.6	110
0.64	0.7	125
0.7747747747747747	0.8	111
0.8235294117647058	0.9	85
0.7857142857142857	1.0	28
0.0	0.1	3
0.4444444444444444	0.2	9
0.5405405405405406	0.3	37
0.5185185185185185	0.4	54
0.6605504587155964	0.5	109
0.6504854368932039	0.6	103
0.6590909090909091	0.7	132
0.6981132075471698	0.8	106
0.8315789473684211	0.9	95
0.8125	1.0	32
0.0	0.0	1
0.5	0.1	2
0.35714285714285715	0.2	14
0.5	0.3	30
0.6071428571428571	0.4	56
0.6213592233009708	0.5	103
0.6201550387596899	0.6	129
0.6890756302521008	0.7	119
0.7181818181818181	0.8	110
0.8571428571428571	0.9	84
0.78125	1.0	32
1.0	0.0	1
0.3333333333333333	0.1	3
0.125	0.2	8
0.48484848484848486	0.3	33
0.5555555555555556	0.4	72
0.71	0.5	100
0.6190476190476191	0.6	105
0.5984848484848485	0.7	132
0.8067226890756303	0.8	119
0.8311688311688312	0.9	77
0.7666666666666667	1.0	30
0.25	0.1	4
0.2222222222222222	0.2	9
0.5757575757575758	0.3	33
0.5694444444444444	0.4	72
0.6341463414634146	0.5	82
0.6230769230769231	0.6	130
0.6639344262295082	0.7	122
0.7545454545454545	0.8	110
0.8426966292134831	0.9	89
0.7586206896551724	1.0	29
0.4	0.1	5
0.3333333333333333	0.2	6
0.48717948717948717	0.3	39
0.5588235294117647	0.4	68
0.7	0.5	90
0.6310679611650486	0.6	103
0.6129032258064516	0.7	124
0.6890756302521008	0.8	119
0.8888888888888888	0.9	90
0.8333333333333334	1.0	36
0.2	0.1	5
0.46153846153846156	0.2	13
0.42857142857142855	0.3	42
0.6071428571428571	0.4	56
0.6534653465346535	0.5	101
0.6637168141592921	0.6	113
0.6551724137931034	0.7	116
0.7064220183486238	0.8	109
0.84375	0.9	96
0.7931034482758621	1.0	29
0.2857142857142857	0.1	7
0.14285714285714285	0.2	7
0.574468085106383	0.3	47
0.6491228070175439	0.4	57
0.64	0.5	100
0.6153846153846154	0.6	104
0.6065573770491803	0.7	122
0.7563025210084033	0.8	119
0.85	0.9	80
0.8108108108108109	1.0	37
0.2	0.1	5
0.2727272727272727	0.2	11
0.5277777777777778	0.3	36
0.6111111111111112	0.4	72
0.6373626373626373	0.5	91
0.6293103448275862	0.6	116
0.6446280991735537	0.7	121
0.768595041322314	0.8	121
0.8289473684210527	0.9	76
0.8064516129032258	1.0	31
0.3333333333333333	0.1	3
0.18181818181818182	0.2	11
0.525	0.3	40
0.5849056603773585	0.4	53
0.6363636363636364	0.5	88
0.671875	0.6	128
0.6147540983606558	0.7	122
0.7459016393442623	0.8	122
0.8571428571428571	0.9	84
0.7586206896551724	1.0	29
0.0	0.0	2
1.0	0.1	1
0.42857142857142855	0.2	14
0.4583333333333333	0.3	24
0.546875	0.4	64
0.7127659574468085	0.5	94
0.6031746031746031	0.6	126
0.6181818181818182	0.7	110
0.7777777777777778	0.8	126
0.8021978021978022	0.9	91
0.7857142857142857	1.0	28
0.0	0.1	4
0.375	0.2	8
0.4583333333333333	0.3	24
0.5846153846153846	0.4	65
0.6595744680851063	0.5	94
0.6271186440677966	0.6	118
0.6370967741935484	0.7	124
0.7264957264957265	0.8	117
0.8526315789473684	0.9	95
0.7741935483870968	1.0	31
0.2	0.1	5
0.3	0.2	10
0.5555555555555556	0.3	36
0.5753424657534246	0.4	73
0.6373626373626373	0.5	91
0.6752136752136753	0.6	117
0.6129032258064516	0.7	124
0.7657657657657657	0.8	111
0.8214285714285714	0.9	84
0.8275862068965517	1.0	29
0.3333333333333333	0.1	3
0.3333333333333333	0.2	15
0.5	0.3	38
0.6567164179104478	0.4	67
0.5849056603773585	0.5	106
0.6330275229357798	0.6	109
0.6976744186046512	0.7	129
0.7641509433962265	0.8	106
0.8170731707317073	0.9	82
0.76	1.0	25
0.0	0.0	1
0.0	0.1	2
0.42857142857142855	0.2	14
0.4	0.3	30
0.5964912280701754	0.4	57
0.6534653465346535	0.5	101
0.6440677966101694	0.6	118
0.6761904761904762	0.7	105
0.6890756302521008	0.8	119
0.8555555555555555	0.9	90
0.7674418604651163	1.0	43
0.0	0.0	2
0.3333333333333333	0.1	3
0.18181818181818182	0.2	11
0.48936170212765956	0.3	47
0.6818181818181818	0.4	66
0.64	0.5	100
0.6633663366336634	0.6	101
0.6557377049180327	0.7	122
0.6956521739130435	0.8	115
0.8588235294117647	0.9	85
0.7857142857142857	1.0	28
0.0	0.1	2
0.45454545454545453	0.2	11
0.45161290322580644	0.3	31
0.5909090909090909	0.4	66
0.6352941176470588	0.5	85
0.6363636363636364	0.6	121
0.6532258064516129	0.7	124
0.7338709677419355	0.8	124
0.8333333333333334	0.9	90
0.8076923076923077	1.0	26
0.0	0.0	1
0.25	0.1	4
0.375	0.2	8
0.5483870967741935	0.3	31
0.576271186440678	0.4	59
0.6019417475728155	0.5	103
0.646551724137931	0.6	116
0.6456692913385826	0.7	127
0.7631578947368421	0.8	114
0.8024691358024691	0.9	81
0.8611111111111112	1.0	36
0.0	0.0	2
0.3333333333333333	0.1	3
0.35714285714285715	0.2	14
0.5142857142857142	0.3	35
0.5901639344262295	0.4	61
0.66	0.5	100
0.6153846153846154	0.6	117
0.6821705426356589	0.7	129
0.7477477477477478	0.8	111
0.8170731707317073	0.9	82
0.8076923076923077	1.0	26
0.2	0.1	5
0.2222222222222222	0.2	9
0.5	0.3	40
0.6271186440677966	0.4	59
0.5978260869565217	0.5	92
0.680672268907563	0.6	119
0.6115702479338843	0.7	121
0.7950819672131147	0.8	122
0.8068181818181818	0.9	88
0.76	1.0	25
0.2	0.1	5
0.375	0.2	8
0.48484848484848486	0.3	33
0.59375	0.4	64
0.6666666666666666	0.5	99
0.6083333333333333	0.6	120
0.6349206349206349	0.7	126
0.7542372881355932	0.8	118
0.8735632183908046	0.9	87
0.75	1.0	20
0.3333333333333333	0.1	3
0.5	0.2	6
0.3870967741935484	0.3	31
0.5970149253731343	0.4	67
0.6145833333333334	0.5	96
0.6636363636363637	0.6	110
0.6521739130434783	0.7	138
0.7264957264957265	0.8	117
0.8539325842696629	0.9	89
0.782608695652174	1.0	23
0.0	0.0	1
0.25	0.1	4
0.5555555555555556	0.2	9
0.4857142857142857	0.3	35
0.5862068965517241	0.4	58
0.6213592233009708	0.5	103
0.6	0.6	110
0.6666666666666666	0.7	123
0.7777777777777778	0.8	117
0.8043478260869565	0.9	92
0.8214285714285714	1.0	28
0.25	0.1	4
0.2	0.2	15
0.5263157894736842	0.3	38
0.6206896551724138	0.4	58
0.6632653061224489	0.5	98
0.6434108527131783	0.6	129
0.6039603960396039	0.7	101
0.7478991596638656	0.8	119
0.8666666666666667	0.9	90
0.75	1.0	28
0.0	0.0	1
0.0	0.1	2
0.26666666666666666	0.2	15
0.5365853658536586	0.3	41
0.6166666666666667	0.4	60
0.6373626373626373	0.5	91
0.6756756756756757	0.6	111
0.5984848484848485	0.7	132
0.7933884297520661	0.8	121
0.8378378378378378	0.9	74
0.75	1.0	32
0.0	0.1	3
0.36363636363636365	0.2	11
0.42857142857142855	0.3	28
0.5666666666666667	0.4	60
0.6509433962264151	0.5	106
0.6764705882352942	0.6	102
0.6456692913385826	0.7	127
0.7105263157894737	0.8	114
0.8260869565217391	0.9	92
0.8108108108108109	1.0	37
0.0	0.1	3
0.3333333333333333	0.2	6
0.45161290322580644	0.3	31
0.6557377049180327	0.4	61
0.6352941176470588	0.5	85
0.5702479338842975	0.6	121
0.7121212121212122	0.7	132
0.7213114754098361	0.8	122
0.8117647058823529	0.9	85
0.7941176470588235	1.0	34
0.25	0.1	4
0.2727272727272727	0.2	11
0.5882352941176471	0.3	34
0.5909090909090909	0.4	66
0.5714285714285714	0.5	91
0.6442307692307693	0.6	104
0.680672268907563	0.7	119
0.7380952380952381	0.8	126
0.8	0.9	90
0.8285714285714286	1.0	35
0.0	0.1	3
0.25	0.2	4
0.47368421052631576	0.3	38
0.6538461538461539	0.4	52
0.6210526315789474	0.5	95
0.6507936507936508	0.6	126
0.5853658536585366	0.7	123
0.7777777777777778	0.8	126
0.8375	0.9	80
0.7878787878787878	1.0	33
0.0	0.0	1
0.5	0.1	2
0.45454545454545453	0.2	11
0.48936170212765956	0.3	47
0.5964912280701754	0.4	57
0.631578947368421	0.5	95
0.6448598130841121	0.6	107
0.6666666666666666	0.7	129
0.7142857142857143	0.8	119
0.8488372093023255	0.9	86
0.8076923076923077	1.0	26
0.0	0.1	2
0.4	0.2	10
0.36363636363636365	0.3	33
0.65	0.4	60
0.65625	0.5	96
0.6229508196721312	0.6	122
0.6363636363636364	0.7	132
0.753968253968254	0.8	126
0.863013698630137	0.9	73
0.8076923076923077	1.0	26
0.3333333333333333	0.1	3
0.26666666666666666	0.2	15
0.574468085106383	0.3	47
0.59375	0.4	64
0.6509433962264151	0.5	106
0.6039603960396039	0.6	101
0.6589147286821705	0.7	129
0.7711864406779662	0.8	118
0.8571428571428571	0.9	70
0.7777777777777778	1.0	27
0.3333333333333333	0.1	3
0.375	0.2	16
0.47058823529411764	0.3	34
0.5972222222222222	0.4	72
0.6190476190476191	0.5	84
0.6732673267326733	0.6	101
0.592	0.7	125
0.78125	0.8	128
0.8372093023255814	0.9	86
0.8064516129032258	1.0	31
0.0	0.0	1
0.3333333333333333	0.1	3
0.5555555555555556	0.2	9
0.4827586206896552	0.3	29
0.5230769230769231	0.4	65
0.6162790697674418	0.5	86
0.6826923076923077	0.6	104
0.6363636363636364	0.7	121
0.7398373983739838	0.8	123
0.7980769230769231	0.9	104
0.8	1.0	35
0.3333333333333333	0.1	6
0.23076923076923078	0.2	13
0.48717948717948717	0.3	39
0.639344262295082	0.4	61
0.6404494382022472	0.5	89
0.6386554621848739	0.6	119
0.6557377049180327	0.7	122
0.75	0.8	120
0.8505747126436781	0.9	87
0.7083333333333334	1.0	24
0.0	0.1	3
0.16666666666666666	0.2	6
0.6206896551724138	0.3	29
0.5492957746478874	0.4	71
0.675	0.5	80
0.6307692307692307	0.6	130
0.6460176991150443	0.7	113
0.7083333333333334	0.8	120
0.84	0.9	100
0.75	1.0	28
0.0	0.0	1
0.0	0.1	2
0.38461538461538464	0.2	13
0.38235294117647056	0.3	34
0.6764705882352942	0.4	68
0.6666666666666666	0.5	87
0.6396396396396397	0.6	111
0.6106870229007634	0.7	131
0.7543859649122807	0.8	114
0.8409090909090909	0.9	88
0.7741935483870968	1.0	31
0.0	0.1	3
0.14285714285714285	0.2	7
0.65625	0.3	32
0.5652173913043478	0.4	69
0.6190476190476191	0.5	84
0.608	0.6	125
0.6521739130434783	0.7	115
0.7520661157024794	0.8	121
0.8387096774193549	0.9	93
0.7741935483870968	1.0	31
0.5	0.1	4
0.16666666666666666	0.2	18
0.5357142857142857	0.3	28
0.6515151515151515	0.4	66
0.6444444444444445	0.5	90
0.5727272727272728	0.6	110
0.6456692913385826	0.7	127
0.7796610169491526	0.8	118
0.8602150537634409	0.9	93
0.7307692307692307	1.0	26
0.0	0.0	1
0.25	0.1	4
0.3	0.2	10
0.5135135135135135	0.3	37
0.5833333333333334	0.4	72
0.6923076923076923	0.5	91
0.5826086956521739	0.6	115
0.6666666666666666	0.7	126
0.7565217391304347	0.8	115
0.8625	0.9	80
0.7586206896551724	1.0	29
0.4	0.1	5
0.375	0.2	8
0.425	0.3	40
0.6307692307692307	0.4	65
0.625	0.5	96
0.6403508771929824	0.6	114
0.6640625	0.7	128
0.75	0.8	116
0.8333333333333334	0.9	84
0.7916666666666666	1.0	24
0.25	0.1	4
0.29411764705882354	0.2	17
0.48148148148148145	0.3	27
0.6351351351351351	0.4	74
0.6161616161616161	0.5	99
0.6396396396396397	0.6	111
0.6229508196721312	0.7	122
0.775	0.8	120
0.8461538461538461	0.9	78
0.8571428571428571	1.0	28
1.0	0.0	1
0.0	0.1	4
0.4444444444444444	0.2	9
0.4482758620689655	0.3	29
0.6486486486486487	0.4	74
0.6593406593406593	0.5	91
0.6115702479338843	0.6	121
0.6083333333333333	0.7	120
0.7477477477477478	0.8	111
0.8709677419354839	0.9	93
0.7407407407407407	1.0	27
0.0	0.0	1
0.0	0.1	1
0.3333333333333333	0.2	12
0.4722222222222222	0.3	36
0.6326530612244898	0.4	49
0.6413043478260869	0.5	92
0.6446280991735537	0.6	121
0.6134453781512605	0.7	119
0.7480314960629921	0.8	127
0.8333333333333334	0.9	96
0.7692307692307693	1.0	26
0.2	0.1	5
0.375	0.2	8
0.5357142857142857	0.3	28
0.45161290322580644	0.4	62
0.6847826086956522	0.5	92
0.6311475409836066	0.6	122
0.6859504132231405	0.7	121
0.711864406779661	0.8	118
0.8260869565217391	0.9	92
0.84375	1.0	32
0.0	0.0	1
0.3333333333333333	0.1	3
0.3	0.2	10
0.4444444444444444	0.3	27
0.6	0.4	60
0.6320754716981132	0.5	106
0.6538461538461539	0.6	104
0.6153846153846154	0.7	130
0.7478260869565218	0.8	115
0.8295454545454546	0.9	88
0.8611111111111112	1.0	36
0.3333333333333333	0.1	3
0.3333333333333333	0.2	9
0.44	0.3	25
0.5254237288135594	0.4	59
0.6666666666666666	0.5	90
0.6638655462184874	0.6	119
0.608	0.7	125
0.7461538461538462	0.8	130
0.8404255319148937	0.9	94
0.7692307692307693	1.0	26
0.2	0.1	5
0.4	0.2	5
0.391304347826087	0.3	46
0.6206896551724138	0.4	58
0.6696428571428571	0.5	112
0.6568627450980392	0.6	102
0.626984126984127	0.7	126
0.768595041322314	0.8	121
0.84	0.9	75
0.7666666666666667	1.0	30
0.0	0.0	1
0.5	0.1	2
0.25	0.2	8
0.4117647058823529	0.3	34
0.6296296296296297	0.4	81
0.5882352941176471	0.5	85
0.6756756756756757	0.6	111
0.6610169491525424	0.7	118
0.7380952380952381	0.8	126
0.8235294117647058	0.9	85
0.7931034482758621	1.0	29
0.2	0.1	5
0.3	0.2	10
0.5454545454545454	0.3	33
0.5942028985507246	0.4	69
0.6404494382022472	0.5	89
0.6239316239316239	0.6	117
0.6666666666666666	0.7	111
0.7218045112781954	0.8	133
0.8488372093023255	0.9	86
0.7777777777777778	1.0	27
0.0	0.0	1
0.75	0.1	4
0.2727272727272727	0.2	11
0.4375	0.3	32
0.6142857142857143	0.4	70
0.6704545454545454	0.5	88
0.631578947368421	0.6	114
0.6190476190476191	0.7	126
0.7391304347826086	0.8	115
0.8488372093023255	0.9	86
0.8181818181818182	1.0	33
0.3333333333333333	0.1	3
0.2222222222222222	0.2	9
0.5	0.3	38
0.5909090909090909	0.4	66
0.6767676767676768	0.5	99
0.6339285714285714	0.6	112
0.6333333333333333	0.7	120
0.7421875	0.8	128
0.8395061728395061	0.9	81
0.7916666666666666	1.0	24
0.25	0.1	4
0.125	0.2	8
0.5238095238095238	0.3	42
0.6440677966101694	0.4	59
0.6206896551724138	0.5	87
0.6341463414634146	0.6	123
0.6330935251798561	0.7	139
0.7610619469026548	0.8	113
0.8734177215189873	0.9	79
0.7692307692307693	1.0	26
0.0	0.0	1
0.6666666666666666	0.1	3
0.0	0.2	4
0.4634146341463415	0.3	41
0.6521739130434783	0.4	69
0.6222222222222222	0.5	90
0.6732673267326733	0.6	101
0.5968992248062015	0.7	129
0.7272727272727273	0.8	110
0.845360824742268	0.9	97
0.8	1.0	35
0.0	0.1	3
0.3	0.2	10
0.5666666666666667	0.3	30
0.5	0.4	56
0.6504854368932039	0.5	103
0.6194690265486725	0.6	113
0.6608695652173913	0.7	115
0.746268656716418	0.8	134
0.8313253012048193	0.9	83
0.8181818181818182	1.0	33
0.0	0.1	4
0.3333333333333333	0.2	12
0.6285714285714286	0.3	35
0.5571428571428572	0.4	70
0.6703296703296703	0.5	91
0.5982142857142857	0.6	112
0.6615384615384615	0.7	130
0.7522123893805309	0.8	113
0.8372093023255814	0.9	86
0.7777777777777778	1.0	27
0.0	0.1	2
0.375	0.2	8
0.42857142857142855	0.3	28
0.6166666666666667	0.4	60
0.5909090909090909	0.5	88
0.6328125	0.6	128
0.6694915254237288	0.7	118
0.752	0.8	125
0.8191489361702128	0.9	94
0.7586206896551724	1.0	29
0.25	0.1	4
0.25	0.2	8
0.5675675675675675	0.3	37
0.5263157894736842	0.4	57
0.6206896551724138	0.5	87
0.7117117117117117	0.6	111
0.5797101449275363	0.7	138
0.7899159663865546	0.8	119
0.8152173913043478	0.9	92
0.7777777777777778	1.0	27
0.4	0.1	5
0.0	0.2	8
0.5675675675675675	0.3	37
0.5862068965517241	0.4	58
0.6333333333333333	0.5	90
0.6862745098039216	0.6	102
0.5757575757575758	0.7	132
0.7829457364341085	0.8	129
0.8045977011494253	0.9	87
0.8125	1.0	32
0.0	0.0	1
0.5	0.1	4
0.3333333333333333	0.2	9
0.45454545454545453	0.3	33
0.6268656716417911	0.4	67
0.6179775280898876	0.5	89
0.6581196581196581	0.6	117
0.6333333333333333	0.7	120
0.7633587786259542	0.8	131
0.7951807228915663	0.9	83
0.8076923076923077	1.0	26
0.0	0.1	5
0.42857142857142855	0.2	7
0.55	0.3	40
0.5873015873015873	0.4	63
0.6444444444444445	0.5	90
0.6074766355140186	0.6	107
0.6147540983606558	0.7	122
0.8	0.8	130
0.8068181818181818	0.9	88
0.7857142857142857	1.0	28
0.0	0.1	2
0.375	0.2	8
0.42857142857142855	0.3	28
0.625	0.4	72
0.6020408163265306	0.5	98
0.6521739130434783	0.6	115
0.6379310344827587	0.7	116
0.7786259541984732	0.8	131
0.7951807228915663	0.9	83
0.7777777777777778	1.0	27
0.0	0.1	2
0.25	0.2	8
0.46875	0.3	32
0.6101694915254238	0.4	59
0.6354166666666666	0.5	96
0.6307692307692307	0.6	130
0.5892857142857143	0.7	112
0.782258064516129	0.8	124
0.8452380952380952	0.9	84
0.8181818181818182	1.0	33
0.0	0.0	1
0.5	0.1	2
0.5	0.2	10
0.4375	0.3	32
0.6031746031746031	0.4	63
0.6046511627906976	0.5	86
0.626984126984127	0.6	126
0.6666666666666666	0.7	114
0.7443609022556391	0.8	133
0.8313253012048193	0.9	83
0.8	1.0	30
0.0	0.0	1
0.0	0.1	2
0.3333333333333333	0.2	9
0.5319148936170213	0.3	47
0.5806451612903226	0.4	62
0.7009345794392523	0.5	107
0.6224489795918368	0.6	98
0.6287878787878788	0.7	132
0.7570093457943925	0.8	107
0.8045977011494253	0.9	87
0.8214285714285714	1.0	28
0.0	0.0	1
0.0	0.1	3
0.375	0.2	8
0.45161290322580644	0.3	31
0.631578947368421	0.4	57
0.6116504854368932	0.5	103
0.6415094339622641	0.6	106
0.6299212598425197	0.7	127
0.7777777777777778	0.8	135
0.8452380952380952	0.9	84
0.68	1.0	25
0.0	0.0	1
0.5	0.1	2
0.3333333333333333	0.2	9
0.5151515151515151	0.3	33
0.5714285714285714	0.4	63
0.6822429906542056	0.5	107
0.6134453781512605	0.6	119
0.6218487394957983	0.7	119
0.7565217391304347	0.8	115
0.8470588235294118	0.9	85
0.7777777777777778	1.0	27
0.0	0.1	3
0.3076923076923077	0.2	13
0.4722222222222222	0.3	36
0.6666666666666666	0.4	54
0.5833333333333334	0.5	108
0.6862745098039216	0.6	102
0.6119402985074627	0.7	134
0.7777777777777778	0.8	117
0.8390804597701149	0.9	87
0.8076923076923077	1.0	26
0.0	0.1	3
0.45454545454545453	0.2	11
0.4411764705882353	0.3	34
0.6571428571428571	0.4	70
0.5957446808510638	0.5	94
0.6747967479674797	0.6	123
0.5871559633027523	0.7	109
0.75	0.8	120
0.8554216867469879	0.9	83
0.8181818181818182	1.0	33
0.3333333333333333	0.1	3
0.18181818181818182	0.2	11
0.5641025641025641	0.3	39
0.6333333333333333	0.4	60
0.5892857142857143	0.5	112
0.6055045871559633	0.6	109
0.6693548387096774	0.7	124
0.7863247863247863	0.8	117
0.8611111111111112	0.9	72
0.7575757575757576	1.0	33
0.0	0.0	1
0.0	0.1	2
0.45454545454545453	0.2	11
0.45714285714285713	0.3	35
0.671875	0.4	64
0.6105263157894737	0.5	95
0.6371681415929203	0.6	113
0.6106194690265486	0.7	113
0.7862595419847328	0.8	131
0.7976190476190477	0.9	84
0.7741935483870968	1.0	31
0.0	0.1	3
0.2222222222222222	0.2	9
0.5	0.3	42
0.6551724137931034	0.4	58
0.7045454545454546	0.5	88
0.5671641791044776	0.6	134
0.6379310344827587	0.7	116
0.8048780487804879	0.8	123
0.7976190476190477	0.9	84
0.782608695652174	1.0	23
0.0	0.0	1
0.5	0.1	2
0.2727272727272727	0.2	11
0.45454545454545453	0.3	33
0.6417910447761194	0.4	67
0.6210526315789474	0.5	95
0.6293103448275862	0.6	116
0.6614173228346457	0.7	127
0.7272727272727273	0.8	121
0.8571428571428571	0.9	77
0.8333333333333334	1.0	30
0.3333333333333333	0.1	3
0.2727272727272727	0.2	11
0.5	0.3	34
0.6037735849056604	0.4	53
0.6464646464646465	0.5	99
0.6220472440944882	0.6	127
0.6491228070175439	0.7	114
0.7723577235772358	0.8	123
0.7857142857142857	0.9	84
0.8125	1.0	32
0.4	0.1	5
0.2	0.2	15
0.5454545454545454	0.3	33
0.59375	0.4	64
0.6555555555555556	0.5	90
0.6371681415929203	0.6	113
0.6097560975609756	0.7	123
0.808	0.8	125
0.7976190476190477	0.9	84
0.7857142857142857	1.0	28
0.0	0.1	3
0.4	0.2	10
0.4117647058823529	0.3	34
0.676056338028169	0.4	71
0.6	0.5	100
0.6486486486486487	0.6	111
0.6535433070866141	0.7	127
0.7777777777777778	0.8	117
0.7901234567901234	0.9	81
0.8076923076923077	1.0	26
0.0	0.1	3
0.47619047619047616	0.2	21
0.47368421052631576	0.3	38
0.647887323943662	0.4	71
0.5454545454545454	0.5	88
0.680327868852459	0.6	122
0.640625	0.7	128
0.8135593220338984	0.8	118
0.8153846153846154	0.9	65
0.8076923076923077	1.0	26
0.0	0.0	1
0.25	0.1	4
0.4166666666666667	0.2	12
0.4666666666666667	0.3	30
0.640625	0.4	64
0.6666666666666666	0.5	99
0.6057692307692307	0.6	104
0.608	0.7	125
0.7794117647058824	0.8	136
0.8285714285714286	0.9	70
0.7714285714285715	1.0	35
0.0	0.0	1
0.5	0.1	2
0.26666666666666666	0.2	15
0.5714285714285714	0.3	35
0.6	0.4	60
0.6	0.5	100
0.6909090909090909	0.6	110
0.6201550387596899	0.7	129
0.7570093457943925	0.8	107
0.8111111111111111	0.9	90
0.8387096774193549	1.0	31
0.25	0.1	4
0.2	0.2	5
0.4583333333333333	0.3	24
0.6129032258064516	0.4	62
0.6818181818181818	0.5	110
0.5478260869565217	0.6	115
0.6829268292682927	0.7	123
0.7559055118110236	0.8	127
0.8095238095238095	0.9	84
0.7692307692307693	1.0	26
0.0	0.1	4
0.5	0.2	8
0.48148148148148145	0.3	27
0.6065573770491803	0.4	61
0.6634615384615384	0.5	104
0.5849056603773585	0.6	106
0.6390977443609023	0.7	133
0.7786885245901639	0.8	122
0.8333333333333334	0.9	84
0.7096774193548387	1.0	31
0.0	0.1	3
0.3	0.2	10
0.5	0.3	38
0.6190476190476191	0.4	63
0.6161616161616161	0.5	99
0.6631578947368421	0.6	95
0.6212121212121212	0.7	132
0.7647058823529411	0.8	119
0.8160919540229885	0.9	87
0.8235294117647058	1.0	34
0.2	0.1	5
0.375	0.2	8
0.5238095238095238	0.3	21
0.5396825396825397	0.4	63
0.6413043478260869	0.5	92
0.6434782608695652	0.6	115
0.6230769230769231	0.7	130
0.7803030303030303	0.8	132
0.8023255813953488	0.9	86
0.7857142857142857	1.0	28
0.0	0.1	5
0.46153846153846156	0.2	13
0.5813953488372093	0.3	43
0.6142857142857143	0.4	70
0.6352941176470588	0.5	85
0.6201550387596899	0.6	129
0.6779661016949152	0.7	118
0.7549019607843137	0.8	102
0.8089887640449438	0.9	89
0.7692307692307693	1.0	26
0.25	0.1	4
0.25	0.2	12
0.5625	0.3	32
0.59375	0.4	64
0.6326530612244898	0.5	98
0.6194690265486725	0.6	113
0.6371681415929203	0.7	113
0.76	0.8	125
0.8409090909090909	0.9	88
0.7741935483870968	1.0	31
0.2	0.1	5
0.5	0.2	8
0.4838709677419355	0.3	31
0.5423728813559322	0.4	59
0.6701030927835051	0.5	97
0.6578947368421053	0.6	114
0.5350877192982456	0.7	114
0.813953488372093	0.8	129
0.8085106382978723	0.9	94
0.7931034482758621	1.0	29
0.0	0.1	2
0.3	0.2	10
0.4411764705882353	0.3	34
0.6612903225806451	0.4	62
0.5851063829787234	0.5	94
0.7297297297297297	0.6	111
0.5827338129496403	0.7	139
0.7870370370370371	0.8	108
0.8125	0.9	96
0.75	1.0	24
0.3333333333333333	0.1	3
0.26666666666666666	0.2	15
0.6206896551724138	0.3	29
0.5555555555555556	0.4	63
0.65625	0.5	96
0.6379310344827587	0.6	116
0.6349206349206349	0.7	126
0.7272727272727273	0.8	110
0.8404255319148937	0.9	94
0.8214285714285714	1.0	28
0.25	0.1	4
0.3333333333333333	0.2	9
0.5277777777777778	0.3	36
0.6031746031746031	0.4	63
0.6153846153846154	0.5	104
0.6454545454545455	0.6	110
0.6535433070866141	0.7	127
0.7542372881355932	0.8	118
0.8395061728395061	0.9	81
0.75	1.0	28
0.0	0.1	4
0.5	0.2	10
0.4838709677419355	0.3	31
0.5652173913043478	0.4	69
0.68	0.5	100
0.6074766355140186	0.6	107
0.624	0.7	125
0.7478260869565218	0.8	115
0.8764044943820225	0.9	89
0.7666666666666667	1.0	30
0.0	0.1	3
0.2	0.2	10
0.4634146341463415	0.3	41
0.696969696969697	0.4	66
0.6086956521739131	0.5	92
0.6756756756756757	0.6	111
0.6557377049180327	0.7	122
0.7185185185185186	0.8	135
0.8181818181818182	0.9	77
0.8260869565217391	1.0	23
0.25	0.1	4
0.38461538461538464	0.2	13
0.5	0.3	32
0.5862068965517241	0.4	58
0.6736842105263158	0.5	95
0.6271186440677966	0.6	118
0.6226415094339622	0.7	106
0.7573529411764706	0.8	136
0.7976190476190477	0.9	84
0.7941176470588235	1.0	34
0.0	0.1	2
0.25	0.2	12
0.45714285714285713	0.3	35
0.6515151515151515	0.4	66
0.6372549019607843	0.5	102
0.6727272727272727	0.6	110
0.6290322580645161	0.7	124
0.7295081967213115	0.8	122
0.8441558441558441	0.9	77
0.8	1.0	30
0.0	0.1	3
0.6666666666666666	0.2	6
0.4117647058823529	0.3	34
0.6129032258064516	0.4	62
0.6666666666666666	0.5	99
0.6422764227642277	0.6	123
0.6	0.7	120
0.7480314960629921	0.8	127
0.8518518518518519	0.9	81
0.8	1.0	25
0.25	0.1	4
0.2222222222222222	0.2	9
0.5	0.3	20
0.5909090909090909	0.4	66
0.6464646464646465	0.5	99
0.6470588235294118	0.6	102
0.6209677419354839	0.7	124
0.7218045112781954	0.8	133
0.8333333333333334	0.9	90
0.8181818181818182	1.0	33
0.0	0.1	3
0.35714285714285715	0.2	14
0.5609756097560976	0.3	41
0.5942028985507246	0.4	69
0.6262626262626263	0.5	99
0.6448598130841121	0.6	107
0.6637931034482759	0.7	116
0.7333333333333333	0.8	120
0.8441558441558441	0.9	77
0.7941176470588235	1.0	34
0.0	0.1	2
0.2222222222222222	0.2	9
0.5609756097560976	0.3	41
0.5714285714285714	0.4	56
0.6041666666666666	0.5	96
0.6320754716981132	0.6	106
0.6587301587301587	0.7	126
0.7480916030534351	0.8	131
0.8255813953488372	0.9	86
0.8518518518518519	1.0	27
0.0	0.0	1
0.3333333333333333	0.1	3
0.16666666666666666	0.2	12
0.5714285714285714	0.3	42
0.6323529411764706	0.4	68
0.6415094339622641	0.5	106
0.6320754716981132	0.6	106
0.6229508196721312	0.7	122
0.7807017543859649	0.8	114
0.8292682926829268	0.9	82
0.7916666666666666	1.0	24
0.2727272727272727	0.2	11
0.4473684210526316	0.3	38
0.5942028985507246	0.4	69
0.6442307692307693	0.5	104
0.6831683168316832	0.6	101
0.627906976744186	0.7	129
0.746031746031746	0.8	126
0.875	0.9	72
0.7333333333333333	1.0	30
0.0	0.1	4
0.4166666666666667	0.2	12
0.47619047619047616	0.3	42
0.6197183098591549	0.4	71
0.6407766990291263	0.5	103
0.625	0.6	104
0.632	0.7	125
0.8034188034188035	0.8	117
0.85	0.9	80
0.7272727272727273	1.0	22
0.0	0.1	2
0.3333333333333333	0.2	6
0.4583333333333333	0.3	24
0.5645161290322581	0.4	62
0.6129032258064516	0.5	93
0.6341463414634146	0.6	123
0.6585365853658537	0.7	123
0.7480916030534351	0.8	131
0.8235294117647058	0.9	85
0.8064516129032258	1.0	31
0.3333333333333333	0.1	3
0.2222222222222222	0.2	9
0.5555555555555556	0.3	27
0.5409836065573771	0.4	61
0.6413043478260869	0.5	92
0.6379310344827587	0.6	116
0.5901639344262295	0.7	122
0.7894736842105263	0.8	114
0.8181818181818182	0.9	99
0.8108108108108109	1.0	37
0.0	0.0	1
0.0	0.1	3
0.4	0.2	10
0.5	0.3	50
0.6140350877192983	0.4	57
0.6666666666666666	0.5	114
0.6185567010309279	0.6	97
0.6610169491525424	0.7	118
0.7565217391304347	0.8	115
0.8292682926829268	0.9	82
0.7272727272727273	1.0	33
1.0	0.0	1
0.0	0.1	2
0.16666666666666666	0.2	6
0.5454545454545454	0.3	33
0.6172839506172839	0.4	81
0.5795454545454546	0.5	88
0.6697247706422018	0.6	109
0.6496350364963503	0.7	137
0.7142857142857143	0.8	112
0.8588235294117647	0.9	85
0.8076923076923077	1.0	26
0.0	0.1	2
0.2	0.2	10
0.4482758620689655	0.3	29
0.6491228070175439	0.4	57
0.631578947368421	0.5	95
0.6722689075630253	0.6	119
0.5772357723577236	0.7	123
0.76	0.8	125
0.8275862068965517	0.9	87
0.8181818181818182	1.0	33
0.0	0.0	2
0.3333333333333333	0.1	3
0.4444444444444444	0.2	9
0.55	0.3	40
0.589041095890411	0.4	73
0.6875	0.5	96
0.5825242718446602	0.6	103
0.6126126126126126	0.7	111
0.7651515151515151	0.8	132
0.868421052631579	0.9	76
0.7428571428571429	1.0	35
0.0	0.0	1
0.5	0.1	2
0.375	0.2	8
0.4838709677419355	0.3	31
0.5409836065573771	0.4	61
0.6153846153846154	0.5	91
0.646551724137931	0.6	116
0.6203703703703703	0.7	108
0.753731343283582	0.8	134
0.8255813953488372	0.9	86
0.8333333333333334	1.0	42
1.0	0.0	1
0.0	0.1	4
0.3333333333333333	0.2	9
0.48484848484848486	0.3	33
0.6470588235294118	0.4	51
0.6373626373626373	0.5	91
0.6370967741935484	0.6	124
0.5905511811023622	0.7	127
0.7923076923076923	0.8	130
0.8148148148148148	0.9	81
0.7931034482758621	1.0	29
0.0	0.1	3
0.375	0.2	8
0.45161290322580644	0.3	31
0.6166666666666667	0.4	60
0.627906976744186	0.5	86
0.6178861788617886	0.6	123
0.635593220338983	0.7	118
0.7669172932330827	0.8	133
0.8072289156626506	0.9	83
0.8285714285714286	1.0	35
0.0	0.0	1
0.5	0.1	4
0.3684210526315789	0.2	19
0.5121951219512195	0.3	41
0.6615384615384615	0.4	65
0.6	0.5	100
0.625	0.6	112
0.7024793388429752	0.7	121
0.7169811320754716	0.8	106
0.8433734939759037	0.9	83
0.8214285714285714	1.0	28
0.5	0.1	2
0.09090909090909091	0.2	11
0.5833333333333334	0.3	24
0.5882352941176471	0.4	68
0.6222222222222222	0.5	90
0.6578947368421053	0.6	114
0.6428571428571429	0.7	140
0.7563025210084033	0.8	119
0.8117647058823529	0.9	85
0.7777777777777778	1.0	27
0.3333333333333333	0.1	3
0.2857142857142857	0.2	7
0.3870967741935484	0.3	31
0.5857142857142857	0.4	70
0.6987951807228916	0.5	83
0.6203703703703703	0.6	108
0.628099173553719	0.7	121
0.7482014388489209	0.8	139
0.8181818181818182	0.9	88
0.8	1.0	30
0.0	0.1	3
0.5	0.2	12
0.5	0.3	40
0.6231884057971014	0.4	69
0.6067415730337079	0.5	89
0.6630434782608695	0.6	92
0.6376811594202898	0.7	138
0.734375	0.8	128
0.8518518518518519	0.9	81
0.7857142857142857	1.0	28
0.0	0.0	1
0.4	0.1	5
0.4166666666666667	0.2	12
0.5	0.3	40
0.5873015873015873	0.4	63
0.6736842105263158	0.5	95
0.5966386554621849	0.6	119
0.6532258064516129	0.7	124
0.7652173913043478	0.8	115
0.85	0.9	80
0.8076923076923077	1.0	26
0.0	0.1	3
0.3333333333333333	0.2	12
0.5588235294117647	0.3	34
0.6153846153846154	0.4	65
0.6666666666666666	0.5	102
0.5523809523809524	0.6	105
0.6904761904761905	0.7	126
0.7350427350427351	0.8	117
0.8395061728395061	0.9	81
0.7714285714285715	1.0	35
0.0	0.0	1
0.0	0.1	2
0.3333333333333333	0.2	9
0.5416666666666666	0.3	24
0.5652173913043478	0.4	69
0.6078431372549019	0.5	102
0.6788990825688074	0.6	109
0.626984126984127	0.7	126
0.7435897435897436	0.8	117
0.8444444444444444	0.9	90
0.7741935483870968	1.0	31
0.4	0.1	5
0.25	0.2	4
0.3939393939393939	0.3	33
0.6190476190476191	0.4	63
0.6813186813186813	0.5	91
0.5948275862068966	0.6	116
0.6403508771929824	0.7	114
0.7692307692307693	0.8	117
0.7735849056603774	0.9	106
0.8387096774193549	1.0	31
0.2	0.1	5
0.4	0.2	10
0.4594594594594595	0.3	37
0.6428571428571429	0.4	56
0.6565656565656566	0.5	99
0.6388888888888888	0.6	108
0.6106870229007634	0.7	131
0.7457627118644068	0.8	118
0.8387096774193549	0.9	93
0.8260869565217391	1.0	23
0.2	0.1	5
0.375	0.2	8
0.4857142857142857	0.3	35
0.6029411764705882	0.4	68
0.6292134831460674	0.5	89
0.6272727272727273	0.6	110
0.6428571428571429	0.7	126
0.7704918032786885	0.8	122
0.8089887640449438	0.9	89
0.8214285714285714	1.0	28
0.0	0.1	3
0.375	0.2	8
0.4375	0.3	32
0.6833333333333333	0.4	60
0.6041666666666666	0.5	96
0.6068376068376068	0.6	117
0.6642335766423357	0.7	137
0.7603305785123967	0.8	121
0.825	0.9	80
0.8076923076923077	1.0	26
0.0	0.1	3
0.2727272727272727	0.2	11
0.5428571428571428	0.3	35
0.6349206349206349	0.4	63
0.6413043478260869	0.5	92
0.6090909090909091	0.6	110
0.6031746031746031	0.7	126
0.7857142857142857	0.8	126
0.8352941176470589	0.9	85
0.7931034482758621	1.0	29
0.0	0.1	3
0.3333333333333333	0.2	6
0.45454545454545453	0.3	33
0.6301369863013698	0.4	73
0.5952380952380952	0.5	84
0.6517857142857143	0.6	112
0.6642335766423357	0.7	137
0.7338709677419355	0.8	124
0.8395061728395061	0.9	81
0.7777777777777778	1.0	27
0.0	0.1	2
0.2727272727272727	0.2	11
0.52	0.3	25
0.5753424657534246	0.4	73
0.64	0.5	100
0.6153846153846154	0.6	117
0.6936936936936937	0.7	111
0.7295081967213115	0.8	122
0.8426966292134831	0.9	89
0.7333333333333333	1.0	30
0.3333333333333333	0.1	3
0.42857142857142855	0.2	7
0.5357142857142857	0.3	28
0.5625	0.4	64
0.6181818181818182	0.5	110
0.65	0.6	120
0.6299212598425197	0.7	127
0.7563025210084033	0.8	119
0.8571428571428571	0.9	77
0.8	1.0	25
0.25	0.1	4
0.25	0.2	8
0.4722222222222222	0.3	36
0.532258064516129	0.4	62
0.6788990825688074	0.5	109
0.6470588235294118	0.6	102
0.6347826086956522	0.7	115
0.7166666666666667	0.8	120
0.8441558441558441	0.9	77
0.851063829787234	1.0	47
0.0	0.1	2
0.4	0.2	10
0.45161290322580644	0.3	31
0.6142857142857143	0.4	70
0.6296296296296297	0.5	108
0.6237623762376238	0.6	101
0.6470588235294118	0.7	119
0.7583333333333333	0.8	120
0.8172043010752689	0.9	93
0.8076923076923077	1.0	26
0.25	0.1	4
0.3333333333333333	0.2	9
0.5476190476190477	0.3	42
0.625	0.4	56
0.5555555555555556	0.5	90
0.6637168141592921	0.6	113
0.6666666666666666	0.7	120
0.7109375	0.8	128
0.8636363636363636	0.9	88
0.7666666666666667	1.0	30
0.0	0.1	4
0.2727272727272727	0.2	11
0.4857142857142857	0.3	35
0.64	0.4	75
0.6122448979591837	0.5	98
0.6324786324786325	0.6	117
0.6293103448275862	0.7	116
0.788135593220339	0.8	118
0.8554216867469879	0.9	83
0.782608695652174	1.0	23
0.0	0.1	3
0.1111111111111111	0.2	9
0.5853658536585366	0.3	41
0.5882352941176471	0.4	68
0.6796116504854369	0.5	103
0.5855855855855856	0.6	111
0.6475409836065574	0.7	122
0.7844827586206896	0.8	116
0.8157894736842105	0.9	76
0.8064516129032258	1.0	31
0.0	0.0	1
0.5	0.1	2
0.25	0.2	8
0.47058823529411764	0.3	34
0.6212121212121212	0.4	66
0.648936170212766	0.5	94
0.6120689655172413	0.6	116
0.6666666666666666	0.7	141
0.7543859649122807	0.8	114
0.8227848101265823	0.9	79
0.8	1.0	25
0.25	0.1	4
0.15384615384615385	0.2	13
0.59375	0.3	32
0.5490196078431373	0.4	51
0.6428571428571429	0.5	84
0.616	0.6	125
0.6695652173913044	0.7	115
0.6869565217391305	0.8	115
0.8571428571428571	0.9	105
0.8333333333333334	1.0	36
0.0	0.1	2
0.42857142857142855	0.2	14
0.5263157894736842	0.3	38
0.578125	0.4	64
0.6847826086956522	0.5	92
0.6106194690265486	0.6	113
0.6581196581196581	0.7	117
0.7217391304347827	0.8	115
0.8275862068965517	0.9	87
0.7894736842105263	1.0	38
0.3333333333333333	0.1	3
0.4	0.2	10
0.4878048780487805	0.3	41
0.59375	0.4	64
0.6354166666666666	0.5	96
0.6576576576576577	0.6	111
0.616	0.7	125
0.7777777777777778	0.8	108
0.8241758241758241	0.9	91
0.7741935483870968	1.0	31
0.16666666666666666	0.1	6
0.5714285714285714	0.2	7
0.5348837209302325	0.3	43
0.5094339622641509	0.4	53
0.6333333333333333	0.5	90
0.6470588235294118	0.6	119
0.6106870229007634	0.7	131
0.7982456140350878	0.8	114
0.8390804597701149	0.9	87
0.8	1.0	30
0.0	0.1	3
0.375	0.2	16
0.525	0.3	40
0.6166666666666667	0.4	60
0.6185567010309279	0.5	97
0.6416666666666667	0.6	120
0.6513761467889908	0.7	109
0.7692307692307693	0.8	130
0.8133333333333334	0.9	75
0.8	1.0	30
0.3333333333333333	0.1	3
0.4166666666666667	0.2	12
0.45714285714285713	0.3	35
0.5692307692307692	0.4	65
0.62	0.5	100
0.6914893617021277	0.6	94
0.6507936507936508	0.7	126
0.7045454545454546	0.8	132
0.8620689655172413	0.9	87
0.8076923076923077	1.0	26
0.25	0.1	4
0.3	0.2	10
0.5833333333333334	0.3	36
0.5492957746478874	0.4	71
0.67	0.5	100
0.6481481481481481	0.6	108
0.6218487394957983	0.7	119
0.746031746031746	0.8	126
0.8533333333333334	0.9	75
0.7741935483870968	1.0	31
0.3333333333333333	0.1	3
0.3333333333333333	0.2	6
0.48	0.3	25
0.559322033898305	0.4	59
0.6470588235294118	0.5	102
0.6238532110091743	0.6	109
0.6716417910447762	0.7	134
0.7265625	0.8	128
0.8214285714285714	0.9	84
0.7666666666666667	1.0	30
0.0	0.0	1
0.4	0.1	5
0.38461538461538464	0.2	13
0.5348837209302325	0.3	43
0.6266666666666667	0.4	75
0.6105263157894737	0.5	95
0.6634615384615384	0.6	104
0.646551724137931	0.7	116
0.7627118644067796	0.8	118
0.8333333333333334	0.9	78
0.71875	1.0	32
0.2	0.1	5
0.2727272727272727	0.2	11
0.5882352941176471	0.3	34
0.5901639344262295	0.4	61
0.631578947368421	0.5	95
0.693069306930693	0.6	101
0.6474820143884892	0.7	139
0.6935483870967742	0.8	124
0.825	0.9	80
0.8333333333333334	1.0	30
0.0	0.1	4
0.36363636363636365	0.2	11
0.4838709677419355	0.3	31
0.5818181818181818	0.4	55
0.6571428571428571	0.5	105
0.6551724137931034	0.6	116
0.624	0.7	125
0.753968253968254	0.8	126
0.8333333333333334	0.9	84
0.782608695652174	1.0	23
0.2	0.1	5
0.3	0.2	10
0.5	0.3	32
0.6	0.4	65
0.6938775510204082	0.5	98
0.6271186440677966	0.6	118
0.6160714285714286	0.7	112
0.7301587301587301	0.8	126
0.8604651162790697	0.9	86
0.75	1.0	28
0.0	0.1	3
0.3333333333333333	0.2	9
0.5675675675675675	0.3	37
0.5873015873015873	0.4	63
0.6138613861386139	0.5	101
0.6415094339622641	0.6	106
0.6363636363636364	0.7	121
0.7394957983193278	0.8	119
0.8536585365853658	0.9	82
0.7948717948717948	1.0	39
0.0	0.1	3
0.45454545454545453	0.2	11
0.41935483870967744	0.3	31
0.6491228070175439	0.4	57
0.6363636363636364	0.5	99
0.6333333333333333	0.6	120
0.6456692913385826	0.7	127
0.7398373983739838	0.8	123
0.8333333333333334	0.9	84
0.8	1.0	25
0.3333333333333333	0.1	3
0.375	0.2	8
0.46875	0.3	32
0.609375	0.4	64
0.6292134831460674	0.5	89
0.6475409836065574	0.6	122
0.644927536231884	0.7	138
0.7280701754385965	0.8	114
0.8292682926829268	0.9	82
0.8571428571428571	1.0	28
0.2	0.1	5
0.5555555555555556	0.2	9
0.3870967741935484	0.3	31
0.582089552238806	0.4	67
0.6744186046511628	0.5	86
0.631578947368421	0.6	114
0.5983606557377049	0.7	122
0.7984496124031008	0.8	129
0.8024691358024691	0.9	81
0.8055555555555556	1.0	36
0.3333333333333333	0.1	3
0.2	0.2	10
0.5641025641025641	0.3	39
0.49122807017543857	0.4	57
0.6547619047619048	0.5	84
0.6535433070866141	0.6	127
0.6173913043478261	0.7	115
0.78125	0.8	128
0.8181818181818182	0.9	88
0.7931034482758621	1.0	29
0.2	0.1	5
0.16666666666666666	0.2	6
0.4722222222222222	0.3	36
0.6290322580645161	0.4	62
0.6506024096385542	0.5	83
0.6031746031746031	0.6	126
0.6724137931034483	0.7	116
0.75	0.8	132
0.8170731707317073	0.9	82
0.78125	1.0	32
0.0	0.1	1
0.4166666666666667	0.2	12
0.45454545454545453	0.3	33
0.6111111111111112	0.4	72
0.6451612903225806	0.5	93
0.6111111111111112	0.6	108
0.664179104477612	0.7	134
0.7520661157024794	0.8	121
0.8414634146341463	0.9	82
0.75	1.0	24
0.0	0.1	3
0.36363636363636365	0.2	11
0.5348837209302325	0.3	43
0.5692307692307692	0.4	65
0.672566371681416	0.5	113
0.625	0.6	112
0.6902654867256637	0.7	113
0.7256637168141593	0.8	113
0.8292682926829268	0.9	82
0.76	1.0	25
0.0	0.0	1
0.0	0.1	1
0.5	0.2	10
0.45	0.3	40
0.5942028985507246	0.4	69
0.6043956043956044	0.5	91
0.6272727272727273	0.6	110
0.7203389830508474	0.7	118
0.717741935483871	0.8	124
0.8191489361702128	0.9	94
0.8181818181818182	1.0	22
0.0	0.0	1
0.25	0.1	4
0.5	0.2	12
0.45652173913043476	0.3	46
0.676923076923077	0.4	65
0.5952380952380952	0.5	84
0.6283185840707964	0.6	113
0.6554621848739496	0.7	119
0.775	0.8	120
0.8202247191011236	0.9	89
0.7407407407407407	1.0	27
0.25	0.1	4
0.16666666666666666	0.2	12
0.5454545454545454	0.3	44
0.6	0.4	65
0.6804123711340206	0.5	97
0.6216216216216216	0.6	111
0.6015625	0.7	128
0.7777777777777778	0.8	108
0.8809523809523809	0.9	84
0.7777777777777778	1.0	27
0.0	0.0	1
0.0	0.1	2
0.4	0.2	15
0.5416666666666666	0.3	48
0.5833333333333334	0.4	60
0.6666666666666666	0.5	90
0.6517857142857143	0.6	112
0.6231884057971014	0.7	138
0.7692307692307693	0.8	104
0.8433734939759037	0.9	83
0.7777777777777778	1.0	27
0.3333333333333333	0.1	3
0.25	0.2	8
0.4666666666666667	0.3	30
0.5942028985507246	0.4	69
0.6626506024096386	0.5	83
0.65	0.6	120
0.6058394160583942	0.7	137
0.8031496062992126	0.8	127
0.7948717948717948	0.9	78
0.76	1.0	25
0.0	0.1	2
0.5833333333333334	0.2	12
0.41025641025641024	0.3	39
0.6111111111111112	0.4	54
0.6186440677966102	0.5	118
0.7087378640776699	0.6	103
0.5803571428571429	0.7	112
0.7435897435897436	0.8	117
0.8526315789473684	0.9	95
0.7857142857142857	1.0	28
0.25	0.1	4
0.16666666666666666	0.2	6
0.45454545454545453	0.3	33
0.6575342465753424	0.4	73
0.6710526315789473	0.5	76
0.6129032258064516	0.6	124
0.6363636363636364	0.7	121
0.7235772357723578	0.8	123
0.8470588235294118	0.9	85
0.7714285714285715	1.0	35
0.0	0.0	1
0.0	0.1	1
0.2222222222222222	0.2	9
0.5428571428571428	0.3	35
0.5396825396825397	0.4	63
0.6477272727272727	0.5	88
0.6470588235294118	0.6	102
0.6231884057971014	0.7	138
0.7606837606837606	0.8	117
0.826530612244898	0.9	98
0.8214285714285714	1.0	28
0.0	0.1	3
0.5714285714285714	0.2	7
0.42857142857142855	0.3	42
0.6533333333333333	0.4	75
0.6627906976744186	0.5	86
0.5922330097087378	0.6	103
0.6846153846153846	0.7	130
0.7054263565891473	0.8	129
0.8591549295774648	0.9	71
0.7941176470588235	1.0	34
0.2	0.1	5
0.4117647058823529	0.2	17
0.53125	0.3	32
0.5522388059701493	0.4	67
0.6767676767676768	0.5	99
0.6470588235294118	0.6	102
0.6386554621848739	0.7	119
0.765625	0.8	128
0.8255813953488372	0.9	86
0.68	1.0	25
0.4	0.1	5
0.2222222222222222	0.2	9
0.45714285714285713	0.3	35
0.6615384615384615	0.4	65
0.6436781609195402	0.5	87
0.6460176991150443	0.6	113
0.5772357723577236	0.7	123
0.7835820895522388	0.8	134
0.8108108108108109	0.9	74
0.8285714285714286	1.0	35
0.0	0.1	2
0.3	0.2	10
0.5675675675675675	0.3	37
0.6029411764705882	0.4	68
0.6	0.5	105
0.6571428571428571	0.6	105
0.6640625	0.7	128
0.7226890756302521	0.8	119
0.8611111111111112	0.9	72
0.7941176470588235	1.0	34
0.3333333333333333	0.1	3
0.25	0.2	8
0.4666666666666667	0.3	30
0.5925925925925926	0.4	54
0.6547619047619048	0.5	84
0.6481481481481481	0.6	108
0.6328125	0.7	128
0.7214285714285714	0.8	140
0.8229166666666666	0.9	96
0.7586206896551724	1.0	29
0.0	0.1	2
0.36363636363636365	0.2	11
0.5588235294117647	0.3	34
0.5483870967741935	0.4	62
0.625	0.5	96
0.6048387096774194	0.6	124
0.6893203883495146	0.7	103
0.7578125	0.8	128
0.8023255813953488	0.9	86
0.8235294117647058	1.0	34
0.0	0.1	3
0.2857142857142857	0.2	7
0.4594594594594595	0.3	37
0.65	0.4	60
0.6	0.5	90
0.6101694915254238	0.6	118
0.65	0.7	120
0.8062015503875969	0.8	129
0.7912087912087912	0.9	91
0.76	1.0	25
0.2	0.1	5
0.3076923076923077	0.2	13
0.5517241379310345	0.3	29
0.6031746031746031	0.4	63
0.6470588235294118	0.5	102
0.6578947368421053	0.6	114
0.5982905982905983	0.7	117
0.7583333333333333	0.8	120
0.8333333333333334	0.9	84
0.7878787878787878	1.0	33
0.0	0.0	1
0.5	0.1	2
0.3	0.2	10
0.5714285714285714	0.3	28
0.5753424657534246	0.4	73
0.6635514018691588	0.5	107
0.5871559633027523	0.6	109
0.6507936507936508	0.7	126
0.7768595041322314	0.8	121
0.8311688311688312	0.9	77
0.7692307692307693	1.0	26
0.3333333333333333	0.1	3
0.3076923076923077	0.2	13
0.46875	0.3	32
0.6266666666666667	0.4	75
0.6705882352941176	0.5	85
0.6190476190476191	0.6	105
0.6086956521739131	0.7	138
0.7788461538461539	0.8	104
0.8469387755102041	0.9	98
0.7407407407407407	1.0	27
0.0	0.0	1
0.3333333333333333	0.1	3
0.2857142857142857	0.2	14
0.5365853658536586	0.3	41
0.6338028169014085	0.4	71
0.6326530612244898	0.5	98
0.6111111111111112	0.6	108
0.6666666666666666	0.7	120
0.7454545454545455	0.8	110
0.8409090909090909	0.9	88
0.8076923076923077	1.0	26
0.0	0.0	1
0.6666666666666666	0.1	3
0.2727272727272727	0.2	11
0.4444444444444444	0.3	36
0.65625	0.4	64
0.6494845360824743	0.5	97
0.6106194690265486	0.6	113
0.6229508196721312	0.7	122
0.7903225806451613	0.8	124
0.8205128205128205	0.9	78
0.7741935483870968	1.0	31
0.25	0.1	4
0.3333333333333333	0.2	9
0.5348837209302325	0.3	43
0.6060606060606061	0.4	66
0.6222222222222222	0.5	90
0.6446280991735537	0.6	121
0.5934959349593496	0.7	123
0.8	0.8	120
0.8518518518518519	0.9	81
0.782608695652174	1.0	23
0.0	0.1	2
0.4444444444444444	0.2	9
0.43902439024390244	0.3	41
0.6721311475409836	0.4	61
0.6086956521739131	0.5	92
0.6160714285714286	0.6	112
0.6230769230769231	0.7	130
0.784	0.8	125
0.8333333333333334	0.9	78
0.8333333333333334	1.0	30
0.0	0.0	1
0.0	0.1	2
0.2	0.2	10
0.5161290322580645	0.3	31
0.6060606060606061	0.4	66
0.59375	0.5	96
0.6283185840707964	0.6	113
0.635593220338983	0.7	118
0.8110236220472441	0.8	127
0.8235294117647058	0.9	85
0.7419354838709677	1.0	31
0.0	0.1	4
0.375	0.2	8
0.43333333333333335	0.3	30
0.6	0.4	70
0.66	0.5	100
0.625	0.6	112
0.6716417910447762	0.7	134
0.7413793103448276	0.8	116
0.8333333333333334	0.9	78
0.7857142857142857	1.0	28
0.0	0.1	2
0.2	0.2	10
0.5428571428571428	0.3	35
0.6274509803921569	0.4	51
0.5979381443298969	0.5	97
0.6557377049180327	0.6	122
0.65625	0.7	128
0.7433628318584071	0.8	113
0.7934782608695652	0.9	92
0.8333333333333334	1.0	30
0.0	0.0	2
0.3333333333333333	0.2	15
0.45714285714285713	0.3	35
0.6666666666666666	0.4	66
0.627906976744186	0.5	86
0.625	0.6	112
0.6456692913385826	0.7	127
0.7586206896551724	0.8	116
0.8152173913043478	0.9	92
0.7931034482758621	1.0	29
0.0	0.1	3
0.5833333333333334	0.2	12
0.3902439024390244	0.3	41
0.6415094339622641	0.4	53
0.6595744680851063	0.5	94
0.5818181818181818	0.6	110
0.6842105263157895	0.7	114
0.7293233082706767	0.8	133
0.8372093023255814	0.9	86
0.7941176470588235	1.0	34
0.0	0.1	2
0.36363636363636365	0.2	11
0.5142857142857142	0.3	35
0.5945945945945946	0.4	74
0.6049382716049383	0.5	81
0.6875	0.6	112
0.5964912280701754	0.7	114
0.7482014388489209	0.8	139
0.8433734939759037	0.9	83
0.7931034482758621	1.0	29
0.3333333333333333	0.1	3
0.2727272727272727	0.2	11
0.5161290322580645	0.3	31
0.5901639344262295	0.4	61
0.6666666666666666	0.5	105
0.5892857142857143	0.6	112
0.656	0.7	125
0.776	0.8	125
0.8170731707317073	0.9	82
0.76	1.0	25
0.0	0.0	1
0.5	0.1	2
0.42857142857142855	0.2	14
0.48484848484848486	0.3	33
0.5522388059701493	0.4	67
0.6530612244897959	0.5	98
0.6145833333333334	0.6	96
0.6204379562043796	0.7	137
0.8048780487804879	0.8	123
0.85	0.9	80
0.7586206896551724	1.0	29
0.0	0.0	1
0.0	0.1	5
0.36363636363636365	0.2	11
0.4722222222222222	0.3	36
0.6363636363636364	0.4	88
0.6829268292682927	0.5	82
0.5963302752293578	0.6	109
0.6585365853658537	0.7	123
0.7758620689655172	0.8	116
0.8072289156626506	0.9	83
0.8076923076923077	1.0	26
0.0	0.0	1
0.25	0.1	4
0.375	0.2	8
0.475	0.3	40
0.6785714285714286	0.4	56
0.627906976744186	0.5	86
0.6346153846153846	0.6	104
0.648	0.7	125
0.72	0.8	125
0.7912087912087912	0.9	91
0.825	1.0	40
0.0	0.0	1
0.0	0.1	2
0.4166666666666667	0.2	12
0.4375	0.3	32
0.5932203389830508	0.4	59
0.5714285714285714	0.5	98
0.635593220338983	0.6	118
0.6974789915966386	0.7	119
0.7666666666666667	0.8	120
0.8351648351648352	0.9	91
0.75	1.0	28
0.0	0.0	1
0.2	0.1	5
0.2727272727272727	0.2	11
0.5	0.3	36
0.6455696202531646	0.4	79
0.69	0.5	100
0.6037735849056604	0.6	106
0.6434782608695652	0.7	115
0.7542372881355932	0.8	118
0.8117647058823529	0.9	85
0.7916666666666666	1.0	24
0.0	0.1	2
0.4	0.2	15
0.5405405405405406	0.3	37
0.5384615384615384	0.4	65
0.631578947368421	0.5	95
0.6923076923076923	0.6	104
0.6535433070866141	0.7	127
0.7155963302752294	0.8	109
0.826530612244898	0.9	98
0.7857142857142857	1.0	28
0.25	0.1	4
0.15384615384615385	0.2	13
0.5675675675675675	0.3	37
0.5660377358490566	0.4	53
0.6792452830188679	0.5	106
0.6379310344827587	0.6	116
0.5833333333333334	0.7	120
0.8015873015873016	0.8	126
0.825	0.9	80
0.8	1.0	25
0.25	0.1	4
0.4	0.2	10
0.3333333333333333	0.3	30
0.7352941176470589	0.4	68
0.5816326530612245	0.5	98
0.6610169491525424	0.6	118
0.6306306306306306	0.7	111
0.7540983606557377	0.8	122
0.7976190476190477	0.9	84
0.8	1.0	35
0.0	0.1	2
0.23076923076923078	0.2	13
0.5641025641025641	0.3	39
0.5967741935483871	0.4	62
0.6477272727272727	0.5	88
0.6363636363636364	0.6	121
0.6511627906976745	0.7	129
0.7542372881355932	0.8	118
0.8170731707317073	0.9	82
0.8076923076923077	1.0	26
0.3333333333333333	0.1	6
0.5	0.2	12
0.40625	0.3	32
0.6363636363636364	0.4	66
0.6237623762376238	0.5	101
0.6446280991735537	0.6	121
0.6198347107438017	0.7	121
0.8240740740740741	0.8	108
0.7931034482758621	0.9	87
0.7692307692307693	1.0	26
0.2	0.1	5
0.5	0.2	10
0.5128205128205128	0.3	39
0.582089552238806	0.4	67
0.6470588235294118	0.5	85
0.6173913043478261	0.6	115
0.64	0.7	125
0.7672413793103449	0.8	116
0.8409090909090909	0.9	88
0.7666666666666667	1.0	30
0.42857142857142855	0.1	7
0.3333333333333333	0.2	6
0.46875	0.3	32
0.6666666666666666	0.4	63
0.5617977528089888	0.5	89
0.7142857142857143	0.6	119
0.6341463414634146	0.7	123
0.7352941176470589	0.8	136
0.782051282051282	0.9	78
0.7777777777777778	1.0	27
0.0	0.1	3
0.25	0.2	12
0.4864864864864865	0.3	37
0.6290322580645161	0.4	62
0.6451612903225806	0.5	93
0.6283185840707964	0.6	113
0.65	0.7	120
0.7310924369747899	0.8	119
0.8555555555555555	0.9	90
0.7741935483870968	1.0	31
0.0	0.0	1
0.0	0.1	4
0.36363636363636365	0.2	11
0.48484848484848486	0.3	33
0.6271186440677966	0.4	59
0.632183908045977	0.5	87
0.6017699115044248	0.6	113
0.6864406779661016	0.7	118
0.7230769230769231	0.8	130
0.8170731707317073	0.9	82
0.8333333333333334	1.0	42
0.25	0.1	4
0.3	0.2	10
0.5135135135135135	0.3	37
0.6619718309859155	0.4	71
0.6372549019607843	0.5	102
0.5849056603773585	0.6	106
0.6535433070866141	0.7	127
0.7786885245901639	0.8	122
0.8181818181818182	0.9	77
0.7916666666666666	1.0	24
0.0	0.1	4
0.5454545454545454	0.2	11
0.5625	0.3	32
0.5967741935483871	0.4	62
0.594059405940594	0.5	101
0.6416666666666667	0.6	120
0.6611570247933884	0.7	121
0.7288135593220338	0.8	118
0.8414634146341463	0.9	82
0.8275862068965517	1.0	29
0.0	0.0	1
0.0	0.1	3
0.25	0.2	8
0.6052631578947368	0.3	38
0.5166666666666667	0.4	60
0.6288659793814433	0.5	97
0.6833333333333333	0.6	120
0.6302521008403361	0.7	119
0.7352941176470589	0.8	102
0.8247422680412371	0.9	97
0.8	1.0	35
0.25	0.1	4
0.2857142857142857	0.2	14
0.6176470588235294	0.3	34
0.5454545454545454	0.4	66
0.7021276595744681	0.5	94
0.6222222222222222	0.6	135
0.6086956521739131	0.7	115
0.8	0.8	105
0.813953488372093	0.9	86
0.7777777777777778	1.0	27
0.25	0.1	4
0.36363636363636365	0.2	11
0.42105263157894735	0.3	38
0.640625	0.4	64
0.6626506024096386	0.5	83
0.6068376068376068	0.6	117
0.6774193548387096	0.7	124
0.7317073170731707	0.8	123
0.8295454545454546	0.9	88
0.7857142857142857	1.0	28
0.3333333333333333	0.1	3
0.25	0.2	8
0.525	0.3	40
0.6190476190476191	0.4	63
0.573170731707317	0.5	82
0.6239316239316239	0.6	117
0.6991869918699187	0.7	123
0.7192982456140351	0.8	114
0.82	0.9	100
0.8	1.0	30
0.0	0.0	1
0.0	0.1	3
0.4166666666666667	0.2	12
0.5428571428571428	0.3	35
0.6	0.4	70
0.6483516483516484	0.5	91
0.6296296296296297	0.6	135
0.6363636363636364	0.7	110
0.7652173913043478	0.8	115
0.8313253012048193	0.9	83
0.8	1.0	25
0.3333333333333333	0.1	3
0.2222222222222222	0.2	9
0.4888888888888889	0.3	45
0.6190476190476191	0.4	63
0.6703296703296703	0.5	91
0.6186440677966102	0.6	118
0.6636363636363637	0.7	110
0.7410714285714286	0.8	112
0.7865168539325843	0.9	89
0.825	1.0	40
0.0	0.0	1
0.0	0.1	2
0.5	0.2	10
0.4473684210526316	0.3	38
0.6666666666666666	0.4	63
0.5918367346938775	0.5	98
0.6666666666666666	0.6	117
0.6440677966101694	0.7	118
0.7322834645669292	0.8	127
0.84	0.9	75
0.8064516129032258	1.0	31
0.0	0.0	1
0.0	0.1	1
0.2727272727272727	0.2	11
0.4722222222222222	0.3	36
0.6206896551724138	0.4	58
0.6595744680851063	0.5	94
0.6173913043478261	0.6	115
0.672	0.7	125
0.7238805970149254	0.8	134
0.8333333333333334	0.9	78
0.8148148148148148	1.0	27
0.0	0.1	2
0.38461538461538464	0.2	13
0.5	0.3	38
0.6153846153846154	0.4	65
0.6413043478260869	0.5	92
0.6190476190476191	0.6	126
0.6581196581196581	0.7	117
0.7416666666666667	0.8	120
0.8554216867469879	0.9	83
0.7916666666666666	1.0	24
0.2	0.1	5
0.16666666666666666	0.2	6
0.5128205128205128	0.3	39
0.5735294117647058	0.4	68
0.6568627450980392	0.5	102
0.6632653061224489	0.6	98
0.626984126984127	0.7	126
0.7272727272727273	0.8	121
0.8505747126436781	0.9	87
0.8214285714285714	1.0	28
0.0	0.1	3
0.42857142857142855	0.2	14
0.5625	0.3	32
0.578125	0.4	64
0.6666666666666666	0.5	93
0.6228070175438597	0.6	114
0.6230769230769231	0.7	130
0.7559055118110236	0.8	127
0.8571428571428571	0.9	77
0.7692307692307693	1.0	26
0.25	0.1	4
0.125	0.2	8
0.6071428571428571	0.3	28
0.6027397260273972	0.4	73
0.6122448979591837	0.5	98
0.5882352941176471	0.6	102
0.6495726495726496	0.7	117
0.7698412698412699	0.8	126
0.8089887640449438	0.9	89
0.8285714285714286	1.0	35
0.0	0.1	2
0.5	0.2	8
0.45	0.3	40
0.639344262295082	0.4	61
0.6122448979591837	0.5	98
0.6576576576576577	0.6	111
0.6504065040650406	0.7	123
0.7142857142857143	0.8	126
0.8461538461538461	0.9	78
0.8181818181818182	1.0	33
0.0	0.1	3
0.625	0.2	8
0.43333333333333335	0.3	30
0.5555555555555556	0.4	63
0.6851851851851852	0.5	108
0.6146788990825688	0.6	109
0.627906976744186	0.7	129
0.7704918032786885	0.8	122
0.8192771084337349	0.9	83
0.8	1.0	25
0.0	0.0	1
0.3333333333333333	0.1	6
0.3333333333333333	0.2	3
0.5	0.3	32
0.5974025974025974	0.4	77
0.6385542168674698	0.5	83
0.6545454545454545	0.6	110
0.6384615384615384	0.7	130
0.7083333333333334	0.8	120
0.8522727272727273	0.9	88
0.8	1.0	30
0.0	0.0	1
0.5	0.1	2
0.16666666666666666	0.2	6
0.4666666666666667	0.3	30
0.625	0.4	48
0.6153846153846154	0.5	104
0.6371681415929203	0.6	113
0.635036496350365	0.7	137
0.7637795275590551	0.8	127
0.8095238095238095	0.9	84
0.8214285714285714	1.0	28
0.4	0.1	5
0.4375	0.2	16
0.4722222222222222	0.3	36
0.5555555555555556	0.4	63
0.6428571428571429	0.5	84
0.7058823529411765	0.6	119
0.626984126984127	0.7	126
0.7410714285714286	0.8	112
0.8152173913043478	0.9	92
0.7777777777777778	1.0	27
0.2	0.1	5
0.38461538461538464	0.2	13
0.5142857142857142	0.3	35
0.5909090909090909	0.4	66
0.648936170212766	0.5	94
0.6237623762376238	0.6	101
0.6746031746031746	0.7	126
0.6929133858267716	0.8	127
0.8674698795180723	0.9	83
0.8333333333333334	1.0	30
0.0	0.1	2
0.14285714285714285	0.2	7
0.5357142857142857	0.3	28
0.6060606060606061	0.4	66
0.6091954022988506	0.5	87
0.6605504587155964	0.6	109
0.6870229007633588	0.7	131
0.6641221374045801	0.8	131
0.8518518518518519	0.9	81
0.7894736842105263	1.0	38
0.3333333333333333	0.1	3
0.3	0.2	10
0.5666666666666667	0.3	30
0.5294117647058824	0.4	68
0.6346153846153846	0.5	104
0.6071428571428571	0.6	112
0.675	0.7	120
0.7739130434782608	0.8	115
0.8351648351648352	0.9	91
0.7407407407407407	1.0	27
0.0	0.1	1
0.2727272727272727	0.2	11
0.6	0.3	25
0.5245901639344263	0.4	61
0.6435643564356436	0.5	101
0.6371681415929203	0.6	113
0.6370370370370371	0.7	135
0.7583333333333333	0.8	120
0.8414634146341463	0.9	82
0.7741935483870968	1.0	31
0.0	0.1	2
0.14285714285714285	0.2	7
0.45454545454545453	0.3	33
0.5737704918032787	0.4	61
0.65	0.5	80
0.6363636363636364	0.6	121
0.6377952755905512	0.7	127
0.7698412698412699	0.8	126
0.8085106382978723	0.9	94
0.7931034482758621	1.0	29
0.0	0.1	3
0.4375	0.2	16
0.5294117647058824	0.3	34
0.5833333333333334	0.4	60
0.6551724137931034	0.5	87
0.6166666666666667	0.6	120
0.6754385964912281	0.7	114
0.7153284671532847	0.8	137
0.8589743589743589	0.9	78
0.7741935483870968	1.0	31
0.0	0.0	1
0.3333333333333333	0.1	3
0.36363636363636365	0.2	11
0.5641025641025641	0.3	39
0.5571428571428572	0.4	70
0.66	0.5	100
0.6339285714285714	0.6	112
0.616822429906542	0.7	107
0.7521367521367521	0.8	117
0.8426966292134831	0.9	89
0.8064516129032258	1.0	31
0.25	0.1	4
0.18181818181818182	0.2	11
0.55	0.3	40
0.6666666666666666	0.4	72
0.6226415094339622	0.5	106
0.6565656565656566	0.6	99
0.5819672131147541	0.7	122
0.7798165137614679	0.8	109
0.8409090909090909	0.9	88
0.7931034482758621	1.0	29
0.16666666666666666	0.1	6
0.36363636363636365	0.2	11
0.5319148936170213	0.3	47
0.6	0.4	55
0.6395348837209303	0.5	86
0.664	0.6	125
0.6178861788617886	0.7	123
0.77	0.8	100
0.8210526315789474	0.9	95
0.78125	1.0	32
0.0	0.1	2
0.2857142857142857	0.2	7
0.5853658536585366	0.3	41
0.5757575757575758	0.4	66
0.6421052631578947	0.5	95
0.6486486486486487	0.6	111
0.6083333333333333	0.7	120
0.75	0.8	124
0.8076923076923077	0.9	78
0.8611111111111112	1.0	36
0.0	0.1	2
0.42857142857142855	0.2	14
0.5172413793103449	0.3	29
0.582089552238806	0.4	67
0.6067415730337079	0.5	89
0.6486486486486487	0.6	111
0.6722689075630253	0.7	119
0.6991869918699187	0.8	123
0.8617021276595744	0.9	94
0.75	1.0	32
0.0	0.1	4
0.375	0.2	8
0.5581395348837209	0.3	43
0.5303030303030303	0.4	66
0.6732673267326733	0.5	101
0.6115702479338843	0.6	121
0.6229508196721312	0.7	122
0.8260869565217391	0.8	115
0.8266666666666667	0.9	75
0.8	1.0	25
0.0	0.0	1
0.0	0.1	1
0.2727272727272727	0.2	11
0.5161290322580645	0.3	31
0.5714285714285714	0.4	63
0.6893203883495146	0.5	103
0.5865384615384616	0.6	104
0.6190476190476191	0.7	126
0.7642276422764228	0.8	123
0.8555555555555555	0.9	90
0.7777777777777778	1.0	27
0.0	0.0	1
0.0	0.1	2
0.38461538461538464	0.2	13
0.45714285714285713	0.3	35
0.6101694915254238	0.4	59
0.6224489795918368	0.5	98
0.6456692913385826	0.6	127
0.6545454545454545	0.7	110
0.7314814814814815	0.8	108
0.8351648351648352	0.9	91
0.8333333333333334	1.0	36
0.0	0.1	4
0.4166666666666667	0.2	12
0.47058823529411764	0.3	34
0.581081081081081	0.4	74
0.6951219512195121	0.5	82
0.6428571428571429	0.6	112
0.5833333333333334	0.7	132
0.775	0.8	120
0.8648648648648649	0.9	74
0.8333333333333334	1.0	36
0.0	0.0	2
0.0	0.1	1
0.3333333333333333	0.2	12
0.4722222222222222	0.3	36
0.6	0.4	70
0.686046511627907	0.5	86
0.6576576576576577	0.6	111
0.6090225563909775	0.7	133
0.7652173913043478	0.8	115
0.8148148148148148	0.9	81
0.8181818181818182	1.0	33
0.0	0.1	3
0.25	0.2	8
0.43243243243243246	0.3	37
0.6805555555555556	0.4	72
0.6179775280898876	0.5	89
0.6509433962264151	0.6	106
0.6571428571428571	0.7	140
0.7454545454545455	0.8	110
0.8160919540229885	0.9	87
0.75	1.0	28
0.0	0.0	1
0.5	0.1	4
0.25	0.2	8
0.3870967741935484	0.3	31
0.7	0.4	60
0.6320754716981132	0.5	106
0.5961538461538461	0.6	104
0.6666666666666666	0.7	120
0.7241379310344828	0.8	116
0.8105263157894737	0.9	95
0.8285714285714286	1.0	35
0.2	0.1	5
0.5	0.2	10
0.4722222222222222	0.3	36
0.5666666666666667	0.4	60
0.6333333333333333	0.5	90
0.6842105263157895	0.6	114
0.6076923076923076	0.7	130
0.7741935483870968	0.8	124
0.8395061728395061	0.9	81
0.7333333333333333	1.0	30
0.0	0.1	2
0.4166666666666667	0.2	12
0.5238095238095238	0.3	42
0.5714285714285714	0.4	56
0.6276595744680851	0.5	94
0.6386554621848739	0.6	119
0.6324786324786325	0.7	117
0.7540983606557377	0.8	122
0.851063829787234	0.9	94
0.7727272727272727	1.0	22
0.25	0.1	4
0.4375	0.2	16
0.5588235294117647	0.3	34
0.5384615384615384	0.4	65
0.6172839506172839	0.5	81
0.6923076923076923	0.6	117
0.64	0.7	125
0.7222222222222222	0.8	126
0.8333333333333334	0.9	84
0.8214285714285714	1.0	28
0.0	0.1	2
0.25	0.2	12
0.5263157894736842	0.3	38
0.6376811594202898	0.4	69
0.5813953488372093	0.5	86
0.6864406779661016	0.6	118
0.6666666666666666	0.7	117
0.71875	0.8	128
0.8275862068965517	0.9	87
0.7391304347826086	1.0	23
0.0	0.0	1
0.0	0.1	2
0.3333333333333333	0.2	6
0.5172413793103449	0.3	29
0.6153846153846154	0.4	78
0.648936170212766	0.5	94
0.6371681415929203	0.6	113
0.5798319327731093	0.7	119
0.7540983606557377	0.8	122
0.8666666666666667	0.9	90
0.7692307692307693	1.0	26
0.0	0.1	3
0.2222222222222222	0.2	9
0.5294117647058824	0.3	34
0.5901639344262295	0.4	61
0.67	0.5	100
0.5904761904761905	0.6	105
0.6616541353383458	0.7	133
0.7377049180327869	0.8	122
0.8395061728395061	0.9	81
0.8125	1.0	32
0.0	0.1	3
0.4375	0.2	16
0.391304347826087	0.3	23
0.6229508196721312	0.4	61
0.6292134831460674	0.5	89
0.6491228070175439	0.6	114
0.6641221374045801	0.7	131
0.7522935779816514	0.8	109
0.7757009345794392	0.9	107
0.7777777777777778	1.0	27
0.0	0.0	1
0.5	0.1	2
0.375	0.2	8
0.40540540540540543	0.3	37
0.6	0.4	70
0.6629213483146067	0.5	89
0.6754385964912281	0.6	114
0.609375	0.7	128
0.7350427350427351	0.8	117
0.8705882352941177	0.9	85
0.7586206896551724	1.0	29
0.25	0.1	4
0.2222222222222222	0.2	9
0.5882352941176471	0.3	34
0.5645161290322581	0.4	62
0.6481481481481481	0.5	108
0.6293103448275862	0.6	116
0.635593220338983	0.7	118
0.7698412698412699	0.8	126
0.8414634146341463	0.9	82
0.7142857142857143	1.0	21
0.0	0.0	1
0.5	0.1	2
0.2857142857142857	0.2	14
0.5	0.3	30
0.5967741935483871	0.4	62
0.6526315789473685	0.5	95
0.6260162601626016	0.6	123
0.6120689655172413	0.7	116
0.7377049180327869	0.8	122
0.9080459770114943	0.9	87
0.75	1.0	28
0.0	0.1	2
0.5	0.2	14
0.42857142857142855	0.3	42
0.65	0.4	60
0.6022727272727273	0.5	88
0.6886792452830188	0.6	106
0.6422764227642277	0.7	123
0.7099236641221374	0.8	131
0.8433734939759037	0.9	83
0.8064516129032258	1.0	31
0.25	0.1	4
0.36363636363636365	0.2	11
0.5	0.3	36
0.6190476190476191	0.4	63
0.6385542168674698	0.5	83
0.6190476190476191	0.6	126
0.6218487394957983	0.7	119
0.7377049180327869	0.8	122
0.896551724137931	0.9	87
0.7586206896551724	1.0	29
0.0	0.1	4
0.38461538461538464	0.2	13
0.4772727272727273	0.3	44
0.6481481481481481	0.4	54
0.6309523809523809	0.5	84
0.6517857142857143	0.6	112
0.5984848484848485	0.7	132
0.7521367521367521	0.8	117
0.8764044943820225	0.9	89
0.8064516129032258	1.0	31
0.0	0.1	2
0.3333333333333333	0.2	15
0.5	0.3	32
0.6060606060606061	0.4	66
0.6703296703296703	0.5	91
0.6260869565217392	0.6	115
0.6538461538461539	0.7	130
0.7129629629629629	0.8	108
0.8555555555555555	0.9	90
0.7741935483870968	1.0	31
0.0	0.1	2
0.36363636363636365	0.2	11
0.45	0.3	40
0.6206896551724138	0.4	58
0.5922330097087378	0.5	103
0.7289719626168224	0.6	107
0.6052631578947368	0.7	114
0.76	0.8	125
0.8021978021978022	0.9	91
0.7931034482758621	1.0	29
0.3333333333333333	0.1	3
0.2727272727272727	0.2	11
0.5555555555555556	0.3	36
0.6075949367088608	0.4	79
0.6354166666666666	0.5	96
0.64	0.6	100
0.6222222222222222	0.7	135
0.7894736842105263	0.8	114
0.8205128205128205	0.9	78
0.7857142857142857	1.0	28
0.3333333333333333	0.1	3
0.2727272727272727	0.2	11
0.40625	0.3	32
0.6153846153846154	0.4	65
0.6818181818181818	0.5	88
0.6228070175438597	0.6	114
0.6111111111111112	0.7	126
0.7459016393442623	0.8	122
0.8571428571428571	0.9	91
0.8214285714285714	1.0	28
0.0	0.0	1
0.0	0.1	2
0.3	0.2	10
0.3870967741935484	0.3	31
0.6981132075471698	0.4	53
0.6213592233009708	0.5	103
0.6	0.6	115
0.6551724137931034	0.7	116
0.7633587786259542	0.8	131
0.8260869565217391	0.9	92
0.7692307692307693	1.0	26
0.0	0.1	2
0.25	0.2	12
0.5151515151515151	0.3	33
0.6027397260273972	0.4	73
0.6704545454545454	0.5	88
0.6160714285714286	0.6	112
0.5967741935483871	0.7	124
0.782608695652174	0.8	115
0.8461538461538461	0.9	91
0.8	1.0	30
0.3333333333333333	0.1	3
0.3333333333333333	0.2	9
0.42857142857142855	0.3	28
0.6119402985074627	0.4	67
0.64	0.5	100
0.6326530612244898	0.6	98
0.6384615384615384	0.7	130
0.725	0.8	120
0.8383838383838383	0.9	99
0.8076923076923077	1.0	26
0.4	0.1	5
0.25	0.2	12
0.5294117647058824	0.3	34
0.59375	0.4	64
0.6428571428571429	0.5	98
0.63	0.6	100
0.6583333333333333	0.7	120
0.7557251908396947	0.8	131
0.8117647058823529	0.9	85
0.7419354838709677	1.0	31
0.0	0.1	3
0.375	0.2	8
0.45161290322580644	0.3	31
0.6231884057971014	0.4	69
0.6463414634146342	0.5	82
0.6551724137931034	0.6	116
0.5798319327731093	0.7	119
0.7394957983193278	0.8	119
0.8488372093023255	0.9	86
0.8085106382978723	1.0	47
0.0	0.1	2
0.5	0.2	14
0.3333333333333333	0.3	30
0.6181818181818182	0.4	55
0.6105263157894737	0.5	95
0.6637931034482759	0.6	116
0.656934306569343	0.7	137
0.7672413793103449	0.8	116
0.7857142857142857	0.9	84
0.8387096774193549	1.0	31
0.0	0.0	1
0.25	0.1	4
0.2727272727272727	0.2	11
0.5555555555555556	0.3	27
0.6	0.4	65
0.6494845360824743	0.5	97
0.628099173553719	0.6	121
0.6229508196721312	0.7	122
0.76	0.8	100
0.822429906542056	0.9	107
0.8	1.0	25
0.0	0.1	4
0.5384615384615384	0.2	13
0.5945945945945946	0.3	37
0.5441176470588235	0.4	68
0.6597938144329897	0.5	97
0.6238532110091743	0.6	109
0.6607142857142857	0.7	112
0.7094017094017094	0.8	117
0.8681318681318682	0.9	91
0.71875	1.0	32
0.0	0.1	3
0.3333333333333333	0.2	12
0.5454545454545454	0.3	33
0.6285714285714286	0.4	70
0.6354166666666666	0.5	96
0.6521739130434783	0.6	115
0.6136363636363636	0.7	132
0.7706422018348624	0.8	109
0.8452380952380952	0.9	84
0.7307692307692307	1.0	26
0.2	0.1	5
0.3333333333333333	0.2	9
0.5263157894736842	0.3	38
0.660377358490566	0.4	53
0.5894736842105263	0.5	95
0.6	0.6	120
0.6416666666666667	0.7	120
0.7520661157024794	0.8	121
0.8804347826086957	0.9	92
0.7777777777777778	1.0	27
0.0	0.1	2
0.14285714285714285	0.2	7
0.5641025641025641	0.3	39
0.5660377358490566	0.4	53
0.6703296703296703	0.5	91
0.6415094339622641	0.6	106
0.6323529411764706	0.7	136
0.6991150442477876	0.8	113
0.8387096774193549	0.9	93
0.8	1.0	40
0.25	0.1	4
0.125	0.2	8
0.45161290322580644	0.3	31
0.6101694915254238	0.4	59
0.6276595744680851	0.5	94
0.6363636363636364	0.6	110
0.6106870229007634	0.7	131
0.7894736842105263	0.8	114
0.8229166666666666	0.9	96
0.8181818181818182	1.0	33
0.3333333333333333	0.1	3
0.25	0.2	8
0.44	0.3	25
0.6086956521739131	0.4	69
0.6808510638297872	0.5	94
0.5826086956521739	0.6	115
0.5954198473282443	0.7	131
0.7768595041322314	0.8	121
0.8674698795180723	0.9	83
0.8387096774193549	1.0	31
0.25	0.1	4
0.2222222222222222	0.2	9
0.4594594594594595	0.3	37
0.56	0.4	50
0.6788990825688074	0.5	109
0.6346153846153846	0.6	104
0.6304347826086957	0.7	138
0.7672413793103449	0.8	116
0.8314606741573034	0.9	89
0.7916666666666666	1.0	24
0.25	0.1	4
0.4117647058823529	0.2	17
0.46153846153846156	0.3	26
0.6	0.4	60
0.6373626373626373	0.5	91
0.65	0.6	120
0.6507936507936508	0.7	126
0.71875	0.8	128
0.85	0.9	80
0.8214285714285714	1.0	28
0.25	0.1	4
0.36363636363636365	0.2	11
0.5333333333333333	0.3	30
0.5714285714285714	0.4	56
0.648936170212766	0.5	94
0.6068376068376068	0.6	117
0.6446280991735537	0.7	121
0.746031746031746	0.8	126
0.84375	0.9	96
0.76	1.0	25
0.0	0.0	1
0.0	0.1	3
0.6363636363636364	0.2	11
0.45	0.3	40
0.59375	0.4	64
0.67	0.5	100
0.6239316239316239	0.6	117
0.664	0.7	125
0.7592592592592593	0.8	108
0.8095238095238095	0.9	84
0.7777777777777778	1.0	27
0.0	0.1	2
0.38461538461538464	0.2	13
0.45161290322580644	0.3	31
0.6666666666666666	0.4	60
0.5913978494623656	0.5	93
0.6972477064220184	0.6	109
0.5867768595041323	0.7	121
0.7301587301587301	0.8	126
0.8636363636363636	0.9	88
0.7567567567567568	1.0	37
0.0	0.0	1
0.4	0.1	5
0.2	0.2	10
0.5333333333333333	0.3	30
0.5882352941176471	0.4	68
0.6354166666666666	0.5	96
0.6173913043478261	0.6	115
0.6818181818181818	0.7	110
0.7286821705426356	0.8	129
0.8333333333333334	0.9	84
0.8125	1.0	32
0.25	0.1	4
0.35714285714285715	0.2	14
0.525	0.3	40
0.6101694915254238	0.4	59
0.6477272727272727	0.5	88
0.6504854368932039	0.6	103
0.6638655462184874	0.7	119
0.688	0.8	125
0.8409090909090909	0.9	88
0.775	1.0	40
0.0	0.0	1
0.0	0.1	1
0.5	0.2	8
0.4418604651162791	0.3	43
0.5970149253731343	0.4	67
0.6704545454545454	0.5	88
0.6186440677966102	0.6	118
0.6814159292035398	0.7	113
0.7155172413793104	0.8	116
0.8152173913043478	0.9	92
0.8181818181818182	1.0	33
0.25	0.1	4
0.4444444444444444	0.2	9
0.47058823529411764	0.3	34
0.53125	0.4	64
0.6666666666666666	0.5	99
0.6868686868686869	0.6	99
0.6304347826086957	0.7	138
0.7543859649122807	0.8	114
0.8181818181818182	0.9	88
0.7419354838709677	1.0	31
0.4	0.1	5
0.14285714285714285	0.2	7
0.48148148148148145	0.3	27
0.6716417910447762	0.4	67
0.5858585858585859	0.5	99
0.6097560975609756	0.6	123
0.6964285714285714	0.7	112
0.71900826446281	0.8	121
0.8295454545454546	0.9	88
0.8064516129032258	1.0	31
0.2	0.1	5
0.42857142857142855	0.2	7
0.5	0.3	34
0.6212121212121212	0.4	66
0.6451612903225806	0.5	93
0.6320754716981132	0.6	106
0.6296296296296297	0.7	135
0.7288135593220338	0.8	118
0.8494623655913979	0.9	93
0.782608695652174	1.0	23
0.0	0.0	1
0.6666666666666666	0.1	3
0.2	0.2	10
0.47058823529411764	0.3	34
0.6521739130434783	0.4	69
0.5977011494252874	0.5	87
0.6475409836065574	0.6	122
0.6101694915254238	0.7	118
0.7863247863247863	0.8	117
0.8202247191011236	0.9	89
0.8	1.0	30
0.0	0.1	2
0.3333333333333333	0.2	9
0.5172413793103449	0.3	29
0.6031746031746031	0.4	63
0.6666666666666666	0.5	99
0.6019417475728155	0.6	103
0.5984848484848485	0.7	132
0.7560975609756098	0.8	123
0.8681318681318682	0.9	91
0.7586206896551724	1.0	29
0.25	0.1	4
0.3333333333333333	0.2	9
0.5588235294117647	0.3	34
0.576271186440678	0.4	59
0.61	0.5	100
0.6509433962264151	0.6	106
0.6296296296296297	0.7	135
0.7758620689655172	0.8	116
0.8181818181818182	0.9	88
0.7931034482758621	1.0	29
0.5	0.1	2
0.14285714285714285	0.2	7
0.4666666666666667	0.3	30
0.6190476190476191	0.4	63
0.6330275229357798	0.5	109
0.6153846153846154	0.6	104
0.6484375	0.7	128
0.744	0.8	125
0.8488372093023255	0.9	86
0.7692307692307693	1.0	26
0.0	0.1	3
0.5	0.2	8
0.4594594594594595	0.3	37
0.609375	0.4	64
0.6847826086956522	0.5	92
0.5535714285714286	0.6	112
0.6923076923076923	0.7	130
0.717948717948718	0.8	117
0.8651685393258427	0.9	89
0.75	1.0	28
0.2	0.1	5
0.2857142857142857	0.2	7
0.5609756097560976	0.3	41
0.5588235294117647	0.4	68
0.6597938144329897	0.5	97
0.6732673267326733	0.6	101
0.6176470588235294	0.7	136
0.7478260869565218	0.8	115
0.8313253012048193	0.9	83
0.8148148148148148	1.0	27
0.0	0.1	5
0.46153846153846156	0.2	13
0.53125	0.3	32
0.6285714285714286	0.4	70
0.6091954022988506	0.5	87
0.6396396396396397	0.6	111
0.626984126984127	0.7	126
0.7786885245901639	0.8	122
0.8181818181818182	0.9	88
0.7692307692307693	1.0	26
0.0	0.1	2
0.42857142857142855	0.2	7
0.5769230769230769	0.3	26
0.5441176470588235	0.4	68
0.6329113924050633	0.5	79
0.6481481481481481	0.6	108
0.6402877697841727	0.7	139
0.7398373983739838	0.8	123
0.7941176470588235	0.9	102
0.8076923076923077	1.0	26
0.25	0.1	4
0.4	0.2	10
0.4666666666666667	0.3	30
0.5606060606060606	0.4	66
0.6413043478260869	0.5	92
0.6747967479674797	0.6	123
0.6611570247933884	0.7	121
0.6956521739130435	0.8	115
0.851063829787234	0.9	94
0.76	1.0	25
0.3333333333333333	0.1	3
0.3333333333333333	0.2	12
0.42424242424242425	0.3	33
0.6037735849056604	0.4	53
0.6391752577319587	0.5	97
0.664	0.6	125
0.5981308411214953	0.7	107
0.7563025210084033	0.8	119
0.8247422680412371	0.9	97
0.7941176470588235	1.0	34
0.0	0.1	3
0.2	0.2	5
0.4411764705882353	0.3	34
0.7321428571428571	0.4	56
0.603448275862069	0.5	116
0.6513761467889908	0.6	109
0.6131386861313869	0.7	137
0.75	0.8	112
0.8271604938271605	0.9	81
0.8888888888888888	1.0	27
0.0	0.1	3
0.4	0.2	5
0.4594594594594595	0.3	37
0.5245901639344263	0.4	61
0.6354166666666666	0.5	96
0.6788990825688074	0.6	109
0.6666666666666666	0.7	126
0.7142857142857143	0.8	133
0.8505747126436781	0.9	87
0.782608695652174	1.0	23
0.25	0.1	4
0.42857142857142855	0.2	7
0.6176470588235294	0.3	34
0.5303030303030303	0.4	66
0.6736842105263158	0.5	95
0.6311475409836066	0.6	122
0.6097560975609756	0.7	123
0.7563025210084033	0.8	119
0.8352941176470589	0.9	85
0.8	1.0	25
0.0	0.0	1
0.4	0.1	5
0.18181818181818182	0.2	11
0.53125	0.3	32
0.6363636363636364	0.4	55
0.6176470588235294	0.5	102
0.6428571428571429	0.6	112
0.5948275862068966	0.7	116
0.7767857142857143	0.8	112
0.7978723404255319	0.9	94
0.875	1.0	40
0.0	0.0	1
0.6666666666666666	0.1	3
0.4	0.2	10
0.4444444444444444	0.3	27
0.6111111111111112	0.4	72
0.6210526315789474	0.5	95
0.6181818181818182	0.6	110
0.6564885496183206	0.7	131
0.7322834645669292	0.8	127
0.9041095890410958	0.9	73
0.7419354838709677	1.0	31
0.25	0.1	4
0.36363636363636365	0.2	11
0.45714285714285713	0.3	35
0.6716417910447762	0.4	67
0.5851063829787234	0.5	94
0.6440677966101694	0.6	118
0.6694214876033058	0.7	121
0.7264957264957265	0.8	117
0.8395061728395061	0.9	81
0.8125	1.0	32
0.0	0.1	4
0.4	0.2	10
0.4583333333333333	0.3	24
0.6625	0.4	80
0.5662650602409639	0.5	83
0.6666666666666666	0.6	111
0.6456692913385826	0.7	127
0.7538461538461538	0.8	130
0.8148148148148148	0.9	81
0.7333333333333333	1.0	30
0.0	0.0	1
0.0	0.1	1
0.3333333333333333	0.2	15
0.5	0.3	36
0.6	0.4	60
0.6395348837209303	0.5	86
0.6923076923076923	0.6	117
0.6198347107438017	0.7	121
0.7295081967213115	0.8	122
0.8	0.9	90
0.8387096774193549	1.0	31
0.0	0.1	2
0.16666666666666666	0.2	6
0.5142857142857142	0.3	35
0.6212121212121212	0.4	66
0.6333333333333333	0.5	90
0.6341463414634146	0.6	123
0.64	0.7	125
0.7166666666666667	0.8	120
0.85	0.9	80
0.8484848484848485	1.0	33
0.0	0.1	2
0.42857142857142855	0.2	14
0.4473684210526316	0.3	38
0.5714285714285714	0.4	63
0.72	0.5	100
0.6018518518518519	0.6	108
0.6083333333333333	0.7	120
0.7886178861788617	0.8	123
0.8160919540229885	0.9	87
0.8	1.0	25
0.0	0.1	2
0.2222222222222222	0.2	9
0.5555555555555556	0.3	36
0.5689655172413793	0.4	58
0.67	0.5	100
0.6637168141592921	0.6	113
0.6131386861313869	0.7	137
0.7280701754385965	0.8	114
0.8658536585365854	0.9	82
0.7586206896551724	1.0	29
0.0	0.1	3
0.3	0.2	10
0.5384615384615384	0.3	26
0.5588235294117647	0.4	68
0.6804123711340206	0.5	97
0.6470588235294118	0.6	119
0.6349206349206349	0.7	126
0.7368421052631579	0.8	133
0.8493150684931506	0.9	73
0.76	1.0	25
0.25	0.1	4
0.3333333333333333	0.2	9
0.3902439024390244	0.3	41
0.6376811594202898	0.4	69
0.6413043478260869	0.5	92
0.652542372881356	0.6	118
0.6451612903225806	0.7	124
0.7723577235772358	0.8	123
0.7972972972972973	0.9	74
0.8846153846153846	1.0	26
0.2	0.1	5
0.3333333333333333	0.2	6
0.4666666666666667	0.3	30
0.5961538461538461	0.4	52
0.6732673267326733	0.5	101
0.5779816513761468	0.6	109
0.6808510638297872	0.7	141
0.6991150442477876	0.8	113
0.8556701030927835	0.9	97
0.7692307692307693	1.0	26
0.16666666666666666	0.1	6
0.3	0.2	10
0.5098039215686274	0.3	51
0.6333333333333333	0.4	60
0.6979166666666666	0.5	96
0.6571428571428571	0.6	105
0.5630252100840336	0.7	119
0.7636363636363637	0.8	110
0.8350515463917526	0.9	97
0.8076923076923077	1.0	26
0.0	0.0	1
0.0	0.1	1
0.36363636363636365	0.2	11
0.4642857142857143	0.3	28
0.6	0.4	60
0.6739130434782609	0.5	92
0.5952380952380952	0.6	126
0.6422764227642277	0.7	123
0.7368421052631579	0.8	114
0.8673469387755102	0.9	98
0.7307692307692307	1.0	26
0.0	0.0	1
0.0	0.1	2
0.09090909090909091	0.2	11
0.5526315789473685	0.3	38
0.6619718309859155	0.4	71
0.6382978723404256	0.5	94
0.6727272727272727	0.6	110
0.5877862595419847	0.7	131
0.7567567567567568	0.8	111
0.8690476190476191	0.9	84
0.7407407407407407	1.0	27
0.25	0.1	4
0.4	0.2	10
0.2692307692307692	0.3	26
0.59375	0.4	64
0.6521739130434783	0.5	92
0.6548672566371682	0.6	113
0.6697247706422018	0.7	109
0.6923076923076923	0.8	130
0.84	0.9	100
0.8125	1.0	32
0.0	0.0	1
0.0	0.1	2
0.5	0.2	8
0.4878048780487805	0.3	41
0.6338028169014085	0.4	71
0.6530612244897959	0.5	98
0.5984251968503937	0.6	127
0.6140350877192983	0.7	114
0.8067226890756303	0.8	119
0.8450704225352113	0.9	71
0.7857142857142857	1.0	28
0.0	0.0	1
0.3333333333333333	0.1	3
0.4	0.2	10
0.4444444444444444	0.3	27
0.5507246376811594	0.4	69
0.6823529411764706	0.5	85
0.6371681415929203	0.6	113
0.5877192982456141	0.7	114
0.7401574803149606	0.8	127
0.86	0.9	100
0.8064516129032258	1.0	31
0.0	0.1	3
0.25	0.2	4
0.48484848484848486	0.3	33
0.609375	0.4	64
0.6213592233009708	0.5	103
0.5980392156862745	0.6	102
0.6412213740458015	0.7	131
0.7815126050420168	0.8	119
0.8160919540229885	0.9	87
0.8235294117647058	1.0	34
0.16666666666666666	0.1	6
0.42857142857142855	0.2	7
0.4523809523809524	0.3	42
0.6274509803921569	0.4	51
0.6410256410256411	0.5	117
0.6206896551724138	0.6	116
0.6666666666666666	0.7	117
0.7479674796747967	0.8	123
0.8607594936708861	0.9	79
0.7727272727272727	1.0	22
0.2	0.1	5
0.2222222222222222	0.2	9
0.4857142857142857	0.3	35
0.5901639344262295	0.4	61
0.6947368421052632	0.5	95
0.66	0.6	100
0.640625	0.7	128
0.6724137931034483	0.8	116
0.8279569892473119	0.9	93
0.8421052631578947	1.0	38
0.16666666666666666	0.1	6
0.2727272727272727	0.2	11
0.5	0.3	40
0.6451612903225806	0.4	62
0.6224489795918368	0.5	98
0.6666666666666666	0.6	114
0.635593220338983	0.7	118
0.7692307692307693	0.8	104
0.7872340425531915	0.9	94
0.8181818181818182	1.0	33
0.2	0.1	5
0.14285714285714285	0.2	7
0.6052631578947368	0.3	38
0.5694444444444444	0.4	72
0.63	0.5	100
0.6509433962264151	0.6	106
0.6239316239316239	0.7	117
0.7559055118110236	0.8	127
0.8311688311688312	0.9	77
0.8387096774193549	1.0	31
0.25	0.1	4
0.5	0.2	10
0.5	0.3	32
0.5423728813559322	0.4	59
0.6792452830188679	0.5	106
0.6494845360824743	0.6	97
0.5984251968503937	0.7	127
0.7560975609756098	0.8	123
0.8275862068965517	0.9	87
0.7714285714285715	1.0	35
0.0	0.1	3
0.42857142857142855	0.2	7
0.5555555555555556	0.3	36
0.5606060606060606	0.4	66
0.6702127659574468	0.5	94
0.6101694915254238	0.6	118
0.6444444444444445	0.7	135
0.7521367521367521	0.8	117
0.8481012658227848	0.9	79
0.8	1.0	25
0.0	0.1	2
0.18181818181818182	0.2	11
0.5	0.3	36
0.6724137931034483	0.4	58
0.5980392156862745	0.5	102
0.6475409836065574	0.6	122
0.6349206349206349	0.7	126
0.7758620689655172	0.8	116
0.8333333333333334	0.9	78
0.7931034482758621	1.0	29
0.0	0.1	2
0.23076923076923078	0.2	13
0.48484848484848486	0.3	33
0.6056338028169014	0.4	71
0.6521739130434783	0.5	92
0.6595744680851063	0.6	94
0.6397058823529411	0.7	136
0.7068965517241379	0.8	116
0.8666666666666667	0.9	90
0.7878787878787878	1.0	33
0.25	0.1	4
0.5714285714285714	0.2	7
0.3333333333333333	0.3	42
0.7142857142857143	0.4	56
0.6590909090909091	0.5	88
0.625	0.6	120
0.6589147286821705	0.7	129
0.7207207207207207	0.8	111
0.8131868131868132	0.9	91
0.8125	1.0	32
0.2	0.1	5
0.42857142857142855	0.2	7
0.6060606060606061	0.3	33
0.5441176470588235	0.4	68
0.6274509803921569	0.5	102
0.6181818181818182	0.6	110
0.64	0.7	125
0.7923076923076923	0.8	130
0.810126582278481	0.9	79
0.8095238095238095	1.0	21
0.25	0.1	4
0.36363636363636365	0.2	11
0.4411764705882353	0.3	34
0.6724137931034483	0.4	58
0.5961538461538461	0.5	104
0.6260162601626016	0.6	123
0.6869565217391305	0.7	115
0.7321428571428571	0.8	112
0.8522727272727273	0.9	88
0.7419354838709677	1.0	31
0.0	0.1	3
0.35714285714285715	0.2	14
0.5526315789473685	0.3	38
0.5	0.4	54
0.6373626373626373	0.5	91
0.6717557251908397	0.6	131
0.6578947368421053	0.7	114
0.7380952380952381	0.8	126
0.8372093023255814	0.9	86
0.782608695652174	1.0	23
0.3333333333333333	0.1	6
0.15384615384615385	0.2	13
0.5294117647058824	0.3	34
0.6307692307692307	0.4	65
0.6571428571428571	0.5	105
0.6386554621848739	0.6	119
0.6363636363636364	0.7	110
0.75	0.8	120
0.8181818181818182	0.9	77
0.8387096774193549	1.0	31
0.2	0.1	5
0.3	0.2	10
0.4482758620689655	0.3	29
0.6612903225806451	0.4	62
0.6213592233009708	0.5	103
0.5916666666666667	0.6	120
0.6610169491525424	0.7	118
0.7815126050420168	0.8	119
0.8279569892473119	0.9	93
0.7619047619047619	1.0	21
0.0	0.1	2
0.2	0.2	10
0.5142857142857142	0.3	35
0.6379310344827587	0.4	58
0.59375	0.5	96
0.6785714285714286	0.6	112
0.6048387096774194	0.7	124
0.7647058823529411	0.8	119
0.8105263157894737	0.9	95
0.8275862068965517	1.0	29
0.4	0.1	5
0.3333333333333333	0.2	9
0.5806451612903226	0.3	31
0.6212121212121212	0.4	66
0.5616438356164384	0.5	73
0.6307692307692307	0.6	130
0.6864406779661016	0.7	118
0.7086614173228346	0.8	127
0.8315789473684211	0.9	95
0.7692307692307693	1.0	26
0.0	0.1	3
0.25	0.2	8
0.4444444444444444	0.3	36
0.6338028169014085	0.4	71
0.631578947368421	0.5	95
0.6020408163265306	0.6	98
0.6747967479674797	0.7	123
0.7424242424242424	0.8	132
0.8214285714285714	0.9	84
0.8333333333333334	1.0	30
0.0	0.0	1
0.3333333333333333	0.1	3
0.2	0.2	10
0.6333333333333333	0.3	30
0.5142857142857142	0.4	70
0.6595744680851063	0.5	94
0.6330275229357798	0.6	109
0.6333333333333333	0.7	120
0.7459016393442623	0.8	122
0.8444444444444444	0.9	90
0.8064516129032258	1.0	31
0.2	0.1	5
0.2857142857142857	0.2	7
0.53125	0.3	32
0.5362318840579711	0.4	69
0.7362637362637363	0.5	91
0.5897435897435898	0.6	117
0.603448275862069	0.7	116
0.8017241379310345	0.8	116
0.7528089887640449	0.9	89
0.8947368421052632	1.0	38
0.25	0.1	4
0.46153846153846156	0.2	13
0.42424242424242425	0.3	33
0.6119402985074627	0.4	67
0.6666666666666666	0.5	87
0.6126126126126126	0.6	111
0.6589147286821705	0.7	129
0.7704918032786885	0.8	122
0.7831325301204819	0.9	83
0.8064516129032258	1.0	31
0.0	0.1	3
0.4666666666666667	0.2	15
0.4444444444444444	0.3	36
0.6323529411764706	0.4	68
0.6172839506172839	0.5	81
0.6347826086956522	0.6	115
0.6585365853658537	0.7	123
0.7416666666666667	0.8	120
0.8539325842696629	0.9	89
0.7333333333333333	1.0	30
0.4	0.1	5
0.1	0.2	10
0.5675675675675675	0.3	37
0.6190476190476191	0.4	63
0.6595744680851063	0.5	94
0.5877192982456141	0.6	114
0.616	0.7	125
0.8108108108108109	0.8	111
0.8241758241758241	0.9	91
0.7666666666666667	1.0	30
0.0	0.1	3
0.3	0.2	10
0.5714285714285714	0.3	35
0.5573770491803278	0.4	61
0.6413043478260869	0.5	92
0.6260869565217392	0.6	115
0.635593220338983	0.7	118
0.7520661157024794	0.8	121
0.8367346938775511	0.9	98
0.7777777777777778	1.0	27
0.25	0.1	4
0.21428571428571427	0.2	14
0.6486486486486487	0.3	37
0.6333333333333333	0.4	60
0.6363636363636364	0.5	110
0.6074766355140186	0.6	107
0.6016949152542372	0.7	118
0.7936507936507936	0.8	126
0.8421052631578947	0.9	76
0.75	1.0	28
0.0	0.1	2
0.3333333333333333	0.2	12
0.41379310344827586	0.3	29
0.6428571428571429	0.4	70
0.6346153846153846	0.5	104
0.6526315789473685	0.6	95
0.6222222222222222	0.7	135
0.7477477477477478	0.8	111
0.8260869565217391	0.9	92
0.8333333333333334	1.0	30
0.0	0.1	5
0.5	0.2	6
0.4318181818181818	0.3	44
0.6935483870967742	0.4	62
0.6276595744680851	0.5	94
0.6610169491525424	0.6	118
0.6412213740458015	0.7	131
0.7244897959183674	0.8	98
0.8279569892473119	0.9	93
0.7931034482758621	1.0	29
0.0	0.1	3
0.3	0.2	10
0.4117647058823529	0.3	34
0.6491228070175439	0.4	57
0.6633663366336634	0.5	101
0.6239316239316239	0.6	117
0.6446280991735537	0.7	121
0.7288135593220338	0.8	118
0.8404255319148937	0.9	94
0.8	1.0	25
0.25	0.1	4
0.3333333333333333	0.2	9
0.5	0.3	34
0.65	0.4	60
0.6170212765957447	0.5	94
0.6415094339622641	0.6	106
0.6428571428571429	0.7	126
0.7301587301587301	0.8	126
0.8202247191011236	0.9	89
0.78125	1.0	32
0.25	0.1	4
0.3076923076923077	0.2	13
0.6	0.3	40
0.5757575757575758	0.4	66
0.6263736263736264	0.5	91
0.625	0.6	104
0.6666666666666666	0.7	117
0.7105263157894737	0.8	114
0.8350515463917526	0.9	97
0.8235294117647058	1.0	34
0.0	0.0	1
0.3333333333333333	0.1	3
0.29411764705882354	0.2	17
0.5116279069767442	0.3	43
0.6338028169014085	0.4	71
0.631578947368421	0.5	76
0.6386554621848739	0.6	119
0.6290322580645161	0.7	124
0.7711864406779662	0.8	118
0.8625	0.9	80
0.7857142857142857	1.0	28
0.0	0.1	2
0.2	0.2	5
0.5128205128205128	0.3	39
0.6	0.4	50
0.5747126436781609	0.5	87
0.6721311475409836	0.6	122
0.6190476190476191	0.7	126
0.7478260869565218	0.8	115
0.7978723404255319	0.9	94
0.875	1.0	40
0.0	0.1	5
0.5454545454545454	0.2	11
0.4444444444444444	0.3	36
0.6666666666666666	0.4	60
0.6555555555555556	0.5	90
0.591304347826087	0.6	115
0.625	0.7	136
0.794392523364486	0.8	107
0.8241758241758241	0.9	91
0.7931034482758621	1.0	29
0.0	0.0	1
0.3333333333333333	0.1	3
0.25	0.2	8
0.631578947368421	0.3	38
0.48333333333333334	0.4	60
0.625	0.5	96
0.6153846153846154	0.6	104
0.689922480620155	0.7	129
0.7155963302752294	0.8	109
0.8350515463917526	0.9	97
0.8285714285714286	1.0	35
0.3333333333333333	0.1	6
0.5454545454545454	0.2	11
0.3611111111111111	0.3	36
0.6617647058823529	0.4	68
0.6428571428571429	0.5	84
0.6412213740458015	0.6	131
0.6203703703703703	0.7	108
0.7540983606557377	0.8	122
0.8314606741573034	0.9	89
0.8	1.0	25
0.0	0.0	1
0.0	0.1	2
0.42857142857142855	0.2	7
0.36	0.3	25
0.5652173913043478	0.4	69
0.6785714285714286	0.5	84
0.6198347107438017	0.6	121
0.6511627906976745	0.7	129
0.7289719626168224	0.8	107
0.85	0.9	100
0.7714285714285715	1.0	35
0.0	0.1	2
0.36363636363636365	0.2	11
0.4444444444444444	0.3	27
0.5740740740740741	0.4	54
0.6371681415929203	0.5	113
0.6759259259259259	0.6	108
0.6363636363636364	0.7	121
0.7083333333333334	0.8	120
0.8666666666666667	0.9	90
0.7352941176470589	1.0	34
0.0	0.1	2
0.3333333333333333	0.2	6
0.45161290322580644	0.3	31
0.5507246376811594	0.4	69
0.696078431372549	0.5	102
0.6724137931034483	0.6	116
0.6016949152542372	0.7	118
0.7520661157024794	0.8	121
0.7951807228915663	0.9	83
0.8125	1.0	32
0.25	0.1	4
0.42857142857142855	0.2	14
0.4411764705882353	0.3	34
0.6428571428571429	0.4	70
0.6238532110091743	0.5	109
0.64	0.6	100
0.6608695652173913	0.7	115
0.7333333333333333	0.8	105
0.8217821782178217	0.9	101
0.7857142857142857	1.0	28
0.2	0.1	5
0.25	0.2	4
0.5	0.3	38
0.5714285714285714	0.4	63
0.6875	0.5	96
0.6065573770491803	0.6	122
0.6616541353383458	0.7	133
0.7254901960784313	0.8	102
0.8505747126436781	0.9	87
0.8	1.0	30
0.0	0.0	1
0.3333333333333333	0.1	3
0.38461538461538464	0.2	13
0.4473684210526316	0.3	38
0.6567164179104478	0.4	67
0.6666666666666666	0.5	93
0.6216216216216216	0.6	111
0.6	0.7	120
0.7844827586206896	0.8	116
0.8295454545454546	0.9	88
0.7666666666666667	1.0	30
0.0	0.1	4
0.38461538461538464	0.2	13
0.5121951219512195	0.3	41
0.6833333333333333	0.4	60
0.5851063829787234	0.5	94
0.6578947368421053	0.6	114
0.6134453781512605	0.7	119
0.7786885245901639	0.8	122
0.8333333333333334	0.9	90
0.7391304347826086	1.0	23
0.25	0.1	4
0.4	0.2	5
0.5	0.3	40
0.5769230769230769	0.4	52
0.5760869565217391	0.5	92
0.6744186046511628	0.6	129
0.6756756756756757	0.7	111
0.7022900763358778	0.8	131
0.8333333333333334	0.9	84
0.84375	1.0	32
0.25	0.1	4
0.18181818181818182	0.2	11
0.6	0.3	30
0.6333333333333333	0.4	60
0.6355140186915887	0.5	107
0.6306306306306306	0.6	111
0.632	0.7	125
0.7480314960629921	0.8	127
0.8181818181818182	0.9	77
0.8214285714285714	1.0	28
0.25	0.1	4
0.4444444444444444	0.2	9
0.375	0.3	32
0.6176470588235294	0.4	68
0.6705882352941176	0.5	85
0.6239316239316239	0.6	117
0.6583333333333333	0.7	120
0.732824427480916	0.8	131
0.8352941176470589	0.9	85
0.7586206896551724	1.0	29
0.0	0.1	3
0.25	0.2	12
0.5128205128205128	0.3	39
0.5666666666666667	0.4	60
0.6979166666666666	0.5	96
0.6699029126213593	0.6	103
0.6046511627906976	0.7	129
0.7310924369747899	0.8	119
0.8494623655913979	0.9	93
0.7692307692307693	1.0	26
0.0	0.1	2
0.4	0.2	10
0.48484848484848486	0.3	33
0.4888888888888889	0.4	45
0.6352941176470588	0.5	85
0.652542372881356	0.6	118
0.6474820143884892	0.7	139
0.7578125	0.8	128
0.8085106382978723	0.9	94
0.8076923076923077	1.0	26
0.25	0.1	4
0.1111111111111111	0.2	9
0.5384615384615384	0.3	39
0.6417910447761194	0.4	67
0.6666666666666666	0.5	93
0.5892857142857143	0.6	112
0.6666666666666666	0.7	132
0.7355371900826446	0.8	121
0.8571428571428571	0.9	77
0.7692307692307693	1.0	26
0.5	0.1	6
0.2	0.2	10
0.54	0.3	50
0.609375	0.4	64
0.6382978723404256	0.5	94
0.65625	0.6	96
0.6259541984732825	0.7	131
0.743801652892562	0.8	121
0.8607594936708861	0.9	79
0.7931034482758621	1.0	29
0.1111111111111111	0.1	9
0.5384615384615384	0.2	13
0.3076923076923077	0.3	26
0.6785714285714286	0.4	56
0.6509433962264151	0.5	106
0.5818181818181818	0.6	110
0.6585365853658537	0.7	123
0.7727272727272727	0.8	132
0.8589743589743589	0.9	78
0.7407407407407407	1.0	27
0.0	0.1	2
0.3333333333333333	0.2	9
0.47619047619047616	0.3	42
0.6666666666666666	0.4	63
0.5681818181818182	0.5	88
0.6460176991150443	0.6	113
0.6742424242424242	0.7	132
0.7523809523809524	0.8	105
0.8043478260869565	0.9	92
0.7941176470588235	1.0	34
0.5	0.1	4
0.3	0.2	10
0.4722222222222222	0.3	36
0.6140350877192983	0.4	57
0.6576576576576577	0.5	111
0.6306306306306306	0.6	111
0.5948275862068966	0.7	116
0.7642276422764228	0.8	123
0.8641975308641975	0.9	81
0.7741935483870968	1.0	31
0.25	0.1	4
0.5	0.2	10
0.46153846153846156	0.3	26
0.6119402985074627	0.4	67
0.6039603960396039	0.5	101
0.6347826086956522	0.6	115
0.627906976744186	0.7	129
0.7933884297520661	0.8	121
0.810126582278481	0.9	79
0.8214285714285714	1.0	28
0.0	0.1	3
0.4	0.2	5
0.40625	0.3	32
0.6724137931034483	0.4	58
0.632183908045977	0.5	87
0.6311475409836066	0.6	122
0.6585365853658537	0.7	123
0.7398373983739838	0.8	123
0.7849462365591398	0.9	93
0.7647058823529411	1.0	34
0.16666666666666666	0.1	6
0.4	0.2	5
0.4473684210526316	0.3	38
0.6349206349206349	0.4	63
0.6631578947368421	0.5	95
0.6074766355140186	0.6	107
0.6428571428571429	0.7	126
0.7459016393442623	0.8	122
0.8192771084337349	0.9	83
0.8285714285714286	1.0	35
0.25	0.1	4
0.23076923076923078	0.2	13
0.5769230769230769	0.3	26
0.5230769230769231	0.4	65
0.6436781609195402	0.5	87
0.6554621848739496	0.6	119
0.648854961832061	0.7	131
0.7704918032786885	0.8	122
0.7948717948717948	0.9	78
0.8285714285714286	1.0	35
0.2	0.1	5
0.2727272727272727	0.2	11
0.5405405405405406	0.3	37
0.6307692307692307	0.4	65
0.6153846153846154	0.5	104
0.6491228070175439	0.6	114
0.6428571428571429	0.7	112
0.7560975609756098	0.8	123
0.8414634146341463	0.9	82
0.7407407407407407	1.0	27
0.5	0.1	4
0.3333333333333333	0.2	12
0.42857142857142855	0.3	35
0.5797101449275363	0.4	69
0.7362637362637363	0.5	91
0.5625	0.6	112
0.6846153846153846	0.7	130
0.7280701754385965	0.8	114
0.8488372093023255	0.9	86
0.7777777777777778	1.0	27
0.0	0.0	1
0.0	0.1	2
0.2857142857142857	0.2	7
0.4782608695652174	0.3	23
0.59375	0.4	64
0.6428571428571429	0.5	84
0.6470588235294118	0.6	119
0.6268656716417911	0.7	134
0.7192982456140351	0.8	114
0.8315789473684211	0.9	95
0.8108108108108109	1.0	37
0.3333333333333333	0.1	3
0.3333333333333333	0.2	12
0.42424242424242425	0.3	33
0.7058823529411765	0.4	68
0.6190476190476191	0.5	105
0.6018518518518519	0.6	108
0.6592592592592592	0.7	135
0.7452830188679245	0.8	106
0.8658536585365854	0.9	82
0.75	1.0	28
0.0	0.1	2
0.2857142857142857	0.2	7
0.5	0.3	34
0.5625	0.4	64
0.7	0.5	100
0.5772357723577236	0.6	123
0.6589147286821705	0.7	129
0.7699115044247787	0.8	113
0.8452380952380952	0.9	84
0.75	1.0	24
0.2	0.1	5
0.2222222222222222	0.2	9
0.42424242424242425	0.3	33
0.6268656716417911	0.4	67
0.6907216494845361	0.5	97
0.5982142857142857	0.6	112
0.640625	0.7	128
0.743801652892562	0.8	121
0.863013698630137	0.9	73
0.8285714285714286	1.0	35
0.25	0.1	4
0.3	0.2	10
0.5641025641025641	0.3	39
0.559322033898305	0.4	59
0.6547619047619048	0.5	84
0.6198347107438017	0.6	121
0.6153846153846154	0.7	117
0.7560975609756098	0.8	123
0.8602150537634409	0.9	93
0.7666666666666667	1.0	30
0.0	0.1	2
0.2	0.2	10
0.5789473684210527	0.3	38
0.5384615384615384	0.4	65
0.6483516483516484	0.5	91
0.6078431372549019	0.6	102
0.6865671641791045	0.7	134
0.7288135593220338	0.8	118
0.8351648351648352	0.9	91
0.7931034482758621	1.0	29
0.25	0.1	4
0.375	0.2	8
0.4411764705882353	0.3	34
0.6507936507936508	0.4	63
0.625	0.5	96
0.6339285714285714	0.6	112
0.639344262295082	0.7	122
0.75	0.8	128
0.8390804597701149	0.9	87
0.7307692307692307	1.0	26
0.2	0.1	5
0.4166666666666667	0.2	12
0.4838709677419355	0.3	31
0.6065573770491803	0.4	61
0.6666666666666666	0.5	87
0.6134453781512605	0.6	119
0.6228070175438597	0.7	114
0.7619047619047619	0.8	126
0.8229166666666666	0.9	96
0.7586206896551724	1.0	29
0.0	0.1	4
0.38461538461538464	0.2	13
0.5238095238095238	0.3	42
0.6081081081081081	0.4	74
0.6224489795918368	0.5	98
0.6788990825688074	0.6	109
0.6290322580645161	0.7	124
0.7669902912621359	0.8	103
0.8275862068965517	0.9	87
0.8076923076923077	1.0	26
0.2	0.1	5
0.3333333333333333	0.2	6
0.34615384615384615	0.3	26
0.5915492957746479	0.4	71
0.72	0.5	100
0.5702479338842975	0.6	121
0.6567164179104478	0.7	134
0.7692307692307693	0.8	117
0.8493150684931506	0.9	73
0.8148148148148148	1.0	27
0.4	0.1	5
0.2222222222222222	0.2	9
0.5405405405405406	0.3	37
0.6666666666666666	0.4	63
0.5865384615384616	0.5	104
0.6260869565217392	0.6	115
0.5934959349593496	0.7	123
0.8103448275862069	0.8	116
0.8554216867469879	0.9	83
0.8	1.0	25
0.25	0.1	4
0.25	0.2	8
0.45161290322580644	0.3	31
0.5970149253731343	0.4	67
0.6210526315789474	0.5	95
0.6504065040650406	0.6	123
0.6090909090909091	0.7	110
0.7899159663865546	0.8	119
0.8160919540229885	0.9	87
0.8055555555555556	1.0	36
0.0	0.1	2
0.25	0.2	8
0.5135135135135135	0.3	37
0.6551724137931034	0.4	58
0.5686274509803921	0.5	102
0.6859504132231405	0.6	121
0.646551724137931	0.7	116
0.7142857142857143	0.8	119
0.8333333333333334	0.9	90
0.8148148148148148	1.0	27
0.0	0.1	4
0.5555555555555556	0.2	9
0.4375	0.3	32
0.6349206349206349	0.4	63
0.6513761467889908	0.5	109
0.5892857142857143	0.6	112
0.656	0.7	125
0.7610619469026548	0.8	113
0.8354430379746836	0.9	79
0.7941176470588235	1.0	34
0.0	0.1	3
0.4117647058823529	0.2	17
0.5476190476190477	0.3	42
0.5970149253731343	0.4	67
0.6078431372549019	0.5	102
0.6285714285714286	0.6	105
0.6896551724137931	0.7	116
0.76	0.8	125
0.8378378378378378	0.9	74
0.7586206896551724	1.0	29
0.3333333333333333	0.1	3
0.5714285714285714	0.2	14
0.5	0.3	40
0.5714285714285714	0.4	63
0.6666666666666666	0.5	105
0.6283185840707964	0.6	113
0.6434108527131783	0.7	129
0.7844827586206896	0.8	116
0.7916666666666666	0.9	72
0.8	1.0	25
0.3333333333333333	0.1	3
0.3333333333333333	0.2	18
0.5306122448979592	0.3	49
0.6716417910447762	0.4	67
0.5662650602409639	0.5	83
0.6982758620689655	0.6	116
0.616822429906542	0.7	107
0.725	0.8	120
0.8372093023255814	0.9	86
0.8387096774193549	1.0	31
0.5	0.1	4
0.26666666666666666	0.2	15
0.4878048780487805	0.3	41
0.6333333333333333	0.4	60
0.6111111111111112	0.5	90
0.6160714285714286	0.6	112
0.6583333333333333	0.7	120
0.7751937984496124	0.8	129
0.85	0.9	80
0.7586206896551724	1.0	29
0.2	0.1	5
0.3	0.2	10
0.5151515151515151	0.3	33
0.5833333333333334	0.4	72
0.6666666666666666	0.5	102
0.6460176991150443	0.6	113
0.5964912280701754	0.7	114
0.7642276422764228	0.8	123
0.8589743589743589	0.9	78
0.8	1.0	30
0.0	0.0	1
1.0	0.1	1
0.3333333333333333	0.2	6
0.25	0.3	24
0.6507936507936508	0.4	63
0.5903614457831325	0.5	83
0.6636363636363637	0.6	110
0.6470588235294118	0.7	136
0.7213114754098361	0.8	122
0.8383838383838383	0.9	99
0.7428571428571429	1.0	35
0.0	0.1	3
0.3333333333333333	0.2	3
0.46153846153846156	0.3	39
0.6142857142857143	0.4	70
0.631578947368421	0.5	95
0.6666666666666666	0.6	123
0.6220472440944882	0.7	127
0.773109243697479	0.8	119
0.8133333333333334	0.9	75
0.8076923076923077	1.0	26
0.3333333333333333	0.1	3
0.42857142857142855	0.2	7
0.425	0.3	40
0.6721311475409836	0.4	61
0.5943396226415094	0.5	106
0.6732673267326733	0.6	101
0.6504065040650406	0.7	123
0.704	0.8	125
0.8554216867469879	0.9	83
0.8064516129032258	1.0	31
0.25	0.1	4
0.25	0.2	12
0.5675675675675675	0.3	37
0.5925925925925926	0.4	54
0.6470588235294118	0.5	102
0.6160714285714286	0.6	112
0.6827586206896552	0.7	145
0.719626168224299	0.8	107
0.85	0.9	80
0.7777777777777778	1.0	27
0.2857142857142857	0.1	7
0.4444444444444444	0.2	9
0.48484848484848486	0.3	33
0.6307692307692307	0.4	65
0.65	0.5	100
0.6	0.6	110
0.624	0.7	125
0.7787610619469026	0.8	113
0.8235294117647058	0.9	85
0.8181818181818182	1.0	33
0.0	0.1	3
0.25	0.2	12
0.53125	0.3	32
0.6206896551724138	0.4	58
0.6336633663366337	0.5	101
0.6	0.6	110
0.6532258064516129	0.7	124
0.751937984496124	0.8	129
0.8554216867469879	0.9	83
0.7857142857142857	1.0	28
0.0	0.1	2
0.35714285714285715	0.2	14
0.4666666666666667	0.3	45
0.6557377049180327	0.4	61
0.6346153846153846	0.5	104
0.6218487394957983	0.6	119
0.6545454545454545	0.7	110
0.7739130434782608	0.8	115
0.8271604938271605	0.9	81
0.7931034482758621	1.0	29
0.0	0.1	4
0.4444444444444444	0.2	9
0.4473684210526316	0.3	38
0.6029411764705882	0.4	68
0.6666666666666666	0.5	93
0.660377358490566	0.6	106
0.6377952755905512	0.7	127
0.7168141592920354	0.8	113
0.8602150537634409	0.9	93
0.7241379310344828	1.0	29
0.0	0.0	1
0.0	0.1	2
0.5294117647058824	0.2	17
0.38461538461538464	0.3	26
0.6231884057971014	0.4	69
0.6363636363636364	0.5	88
0.6083333333333333	0.6	120
0.6585365853658537	0.7	123
0.7520661157024794	0.8	121
0.8554216867469879	0.9	83
0.7666666666666667	1.0	30
0.3333333333333333	0.1	3
0.1111111111111111	0.2	9
0.5581395348837209	0.3	43
0.625	0.4	64
0.6170212765957447	0.5	94
0.6542056074766355	0.6	107
0.6016260162601627	0.7	123
0.7678571428571429	0.8	112
0.8314606741573034	0.9	89
0.8055555555555556	1.0	36
0.0	0.1	2
0.3333333333333333	0.2	9
0.56	0.3	25
0.6229508196721312	0.4	61
0.5842696629213483	0.5	89
0.6037735849056604	0.6	106
0.7037037037037037	0.7	135
0.6910569105691057	0.8	123
0.8191489361702128	0.9	94
0.8055555555555556	1.0	36
0.0	0.1	3
0.375	0.2	8
0.3448275862068966	0.3	29
0.6716417910447762	0.4	67
0.6847826086956522	0.5	92
0.5833333333333334	0.6	120
0.6639344262295082	0.7	122
0.7419354838709677	0.8	124
0.8068181818181818	0.9	88
0.8148148148148148	1.0	27
0.16666666666666666	0.1	6
0.3	0.2	10
0.45454545454545453	0.3	44
0.6984126984126984	0.4	63
0.6190476190476191	0.5	105
0.6041666666666666	0.6	96
0.6752136752136753	0.7	117
0.7217391304347827	0.8	115
0.8539325842696629	0.9	89
0.8	1.0	35
0.0	0.1	2
0.3333333333333333	0.2	9
0.4230769230769231	0.3	26
0.5942028985507246	0.4	69
0.6375	0.5	80
0.6347826086956522	0.6	115
0.6230769230769231	0.7	130
0.773109243697479	0.8	119
0.8217821782178217	0.9	101
0.7586206896551724	1.0	29
0.25	0.1	4
0.4444444444444444	0.2	9
0.5	0.3	30
0.5714285714285714	0.4	70
0.6547619047619048	0.5	84
0.6410256410256411	0.6	117
0.6590909090909091	0.7	132
0.7058823529411765	0.8	119
0.8452380952380952	0.9	84
0.8064516129032258	1.0	31
0.25	0.1	4
0.2	0.2	15
0.6060606060606061	0.3	33
0.6071428571428571	0.4	56
0.6868686868686869	0.5	99
0.5686274509803921	0.6	102
0.6544117647058824	0.7	136
0.75	0.8	116
0.8333333333333334	0.9	90
0.7586206896551724	1.0	29
0.4	0.1	5
0.2222222222222222	0.2	9
0.41025641025641024	0.3	39
0.6166666666666667	0.4	60
0.7078651685393258	0.5	89
0.5535714285714286	0.6	112
0.6724137931034483	0.7	116
0.7661290322580645	0.8	124
0.8061224489795918	0.9	98
0.8214285714285714	1.0	28
0.0	0.0	1
0.0	0.1	2
0.2222222222222222	0.2	9
0.5945945945945946	0.3	37
0.5909090909090909	0.4	66
0.6138613861386139	0.5	101
0.6261682242990654	0.6	107
0.674074074074074	0.7	135
0.7256637168141593	0.8	113
0.8571428571428571	0.9	84
0.8	1.0	25
0.3333333333333333	0.1	3
0.375	0.2	8
0.53125	0.3	32
0.5576923076923077	0.4	52
0.6444444444444445	0.5	90
0.6916666666666667	0.6	120
0.546875	0.7	128
0.7661290322580645	0.8	124
0.8314606741573034	0.9	89
0.7941176470588235	1.0	34
0.0	0.0	1
0.5	0.1	2
0.25	0.2	12
0.4482758620689655	0.3	29
0.6181818181818182	0.4	55
0.6702127659574468	0.5	94
0.5968992248062015	0.6	129
0.6724137931034483	0.7	116
0.7355371900826446	0.8	121
0.8351648351648352	0.9	91
0.7666666666666667	1.0	30
0.16666666666666666	0.1	6
0.5	0.2	6
0.5333333333333333	0.3	30
0.5352112676056338	0.4	71
0.6666666666666666	0.5	90
0.6146788990825688	0.6	109
0.6693548387096774	0.7	124
0.7222222222222222	0.8	126
0.8372093023255814	0.9	86
0.8125	1.0	32
0.0	0.0	1
0.0	0.1	3
0.5714285714285714	0.2	7
0.46153846153846156	0.3	26
0.5538461538461539	0.4	65
0.7126436781609196	0.5	87
0.5634920634920635	0.6	126
0.6299212598425197	0.7	127
0.773109243697479	0.8	119
0.8426966292134831	0.9	89
0.8333333333333334	1.0	30
0.0	0.1	3
0.4444444444444444	0.2	9
0.5151515151515151	0.3	33
0.6119402985074627	0.4	67
0.6565656565656566	0.5	99
0.6517857142857143	0.6	112
0.5967741935483871	0.7	124
0.7419354838709677	0.8	124
0.8414634146341463	0.9	82
0.8148148148148148	1.0	27
0.0	0.1	2
0.2857142857142857	0.2	7
0.47058823529411764	0.3	34
0.5892857142857143	0.4	56
0.6888888888888889	0.5	90
0.6226415094339622	0.6	106
0.5967741935483871	0.7	124
0.7368421052631579	0.8	133
0.8333333333333334	0.9	96
0.8125	1.0	32
0.25	0.1	4
0.5	0.2	10
0.5238095238095238	0.3	42
0.5471698113207547	0.4	53
0.6451612903225806	0.5	93
0.6475409836065574	0.6	122
0.631578947368421	0.7	133
0.7477477477477478	0.8	111
0.8620689655172413	0.9	87
0.76	1.0	25
0.0	0.0	1
0.3333333333333333	0.1	3
0.4166666666666667	0.2	12
0.53125	0.3	32
0.5901639344262295	0.4	61
0.6486486486486487	0.5	111
0.580952380952381	0.6	105
0.674074074074074	0.7	135
0.7672413793103449	0.8	116
0.825	0.9	80
0.7916666666666666	1.0	24
0.0	0.1	4
0.46153846153846156	0.2	13
0.4634146341463415	0.3	41
0.6833333333333333	0.4	60
0.63	0.5	100
0.625	0.6	104
0.59375	0.7	128
0.784	0.8	125
0.875	0.9	80
0.76	1.0	25
0.25	0.1	4
0.14285714285714285	0.2	7
0.5333333333333333	0.3	45
0.6486486486486487	0.4	74
0.61	0.5	100
0.6528925619834711	0.6	121
0.6637931034482759	0.7	116
0.7413793103448276	0.8	116
0.8260869565217391	0.9	69
0.8214285714285714	1.0	28
0.16666666666666666	0.1	6
0.42857142857142855	0.2	21
0.5862068965517241	0.3	29
0.5735294117647058	0.4	68
0.632183908045977	0.5	87
0.664	0.6	125
0.6068376068376068	0.7	117
0.782258064516129	0.8	124
0.8354430379746836	0.9	79
0.7916666666666666	1.0	24
0.3333333333333333	0.1	6
0.3333333333333333	0.2	12
0.6363636363636364	0.3	33
0.5915492957746479	0.4	71
0.6126126126126126	0.5	111
0.6052631578947368	0.6	114
0.660377358490566	0.7	106
0.7627118644067796	0.8	118
0.8571428571428571	0.9	77
0.78125	1.0	32
0.0	0.0	1
0.0	0.1	1
0.3333333333333333	0.2	12
0.41379310344827586	0.3	29
0.6666666666666666	0.4	69
0.6170212765957447	0.5	94
0.6576576576576577	0.6	111
0.6695652173913044	0.7	115
0.6910569105691057	0.8	123
0.8409090909090909	0.9	88
0.7567567567567568	1.0	37
0.2	0.1	5
0.25	0.2	8
0.44	0.3	25
0.6027397260273972	0.4	73
0.7032967032967034	0.5	91
0.5943396226415094	0.6	106
0.647887323943662	0.7	142
0.7380952380952381	0.8	126
0.8607594936708861	0.9	79
0.76	1.0	25
0.0	0.1	3
0.3	0.2	10
0.5405405405405406	0.3	37
0.5178571428571429	0.4	56
0.6744186046511628	0.5	86
0.6416666666666667	0.6	120
0.6311475409836066	0.7	122
0.7723577235772358	0.8	123
0.8085106382978723	0.9	94
0.7586206896551724	1.0	29
0.0	0.1	2
0.4375	0.2	16
0.5806451612903226	0.3	31
0.5588235294117647	0.4	68
0.6788990825688074	0.5	109
0.6274509803921569	0.6	102
0.6206896551724138	0.7	116
0.7536231884057971	0.8	138
0.8571428571428571	0.9	70
0.7142857142857143	1.0	28
0.25	0.1	4
0.3333333333333333	0.2	6
0.43902439024390244	0.3	41
0.6166666666666667	0.4	60
0.6698113207547169	0.5	106
0.6018518518518519	0.6	108
0.6614173228346457	0.7	127
0.7043478260869566	0.8	115
0.8809523809523809	0.9	84
0.8275862068965517	1.0	29
0.3333333333333333	0.1	3
0.3333333333333333	0.2	9
0.46153846153846156	0.3	26
0.5964912280701754	0.4	57
0.6632653061224489	0.5	98
0.5948275862068966	0.6	116
0.6190476190476191	0.7	126
0.7704918032786885	0.8	122
0.8222222222222222	0.9	90
0.8181818181818182	1.0	33
0.0	0.0	1
0.0	0.1	2
0.36363636363636365	0.2	11
0.4838709677419355	0.3	31
0.6268656716417911	0.4	67
0.6470588235294118	0.5	102
0.6422018348623854	0.6	109
0.6551724137931034	0.7	116
0.6991869918699187	0.8	123
0.8588235294117647	0.9	85
0.7575757575757576	1.0	33
0.0	0.1	4
0.5	0.2	6
0.42857142857142855	0.3	35
0.6753246753246753	0.4	77
0.6526315789473685	0.5	95
0.5943396226415094	0.6	106
0.6640625	0.7	128
0.7043478260869566	0.8	115
0.8764044943820225	0.9	89
0.72	1.0	25
0.0	0.1	2
0.3333333333333333	0.2	6
0.55	0.3	20
0.5625	0.4	64
0.6021505376344086	0.5	93
0.6106194690265486	0.6	113
0.6791044776119403	0.7	134
0.753731343283582	0.8	134
0.7926829268292683	0.9	82
0.8125	1.0	32
0.0	0.1	2
0.25	0.2	12
0.4583333333333333	0.3	24
0.6625	0.4	80
0.6071428571428571	0.5	84
0.6074074074074074	0.6	135
0.6857142857142857	0.7	105
0.7317073170731707	0.8	123
0.8372093023255814	0.9	86
0.7931034482758621	1.0	29
0.2	0.1	5
0.2	0.2	5
0.5833333333333334	0.3	24
0.5733333333333334	0.4	75
0.632183908045977	0.5	87
0.6166666666666667	0.6	120
0.6535433070866141	0.7	127
0.7669172932330827	0.8	133
0.8133333333333334	0.9	75
0.7931034482758621	1.0	29
0.0	0.1	3
0.3333333333333333	0.2	12
0.5161290322580645	0.3	31
0.589041095890411	0.4	73
0.6666666666666666	0.5	90
0.6355140186915887	0.6	107
0.6390977443609023	0.7	133
0.7321428571428571	0.8	112
0.8539325842696629	0.9	89
0.7666666666666667	1.0	30
0.25	0.1	4
0.3076923076923077	0.2	13
0.5555555555555556	0.3	36
0.5857142857142857	0.4	70
0.69	0.5	100
0.6293103448275862	0.6	116
0.6166666666666667	0.7	120
0.7837837837837838	0.8	111
0.8192771084337349	0.9	83
0.7407407407407407	1.0	27
0.0	0.1	3
0.3	0.2	10
0.6	0.3	30
0.5645161290322581	0.4	62
0.6631578947368421	0.5	95
0.6333333333333333	0.6	120
0.5701754385964912	0.7	114
0.7768595041322314	0.8	121
0.8333333333333334	0.9	90
0.8	1.0	35
0.0	0.0	1
0.3333333333333333	0.1	3
0.5555555555555556	0.2	9
0.5294117647058824	0.3	34
0.5483870967741935	0.4	62
0.7252747252747253	0.5	91
0.6048387096774194	0.6	124
0.6015037593984962	0.7	133
0.7850467289719626	0.8	107
0.8255813953488372	0.9	86
0.7666666666666667	1.0	30
0.0	0.1	3
0.42857142857142855	0.2	14
0.4	0.3	30
0.5833333333333334	0.4	72
0.651685393258427	0.5	89
0.6446280991735537	0.6	121
0.6535433070866141	0.7	127
0.7631578947368421	0.8	114
0.8414634146341463	0.9	82
0.7857142857142857	1.0	28
0.0	0.0	1
0.0	0.1	2
0.4444444444444444	0.2	9
0.5625	0.3	32
0.6119402985074627	0.4	67
0.6041666666666666	0.5	96
0.6601941747572816	0.6	103
0.5909090909090909	0.7	132
0.7543859649122807	0.8	114
0.8433734939759037	0.9	83
0.8292682926829268	1.0	41
0.2	0.1	5
0.36363636363636365	0.2	11
0.5	0.3	42
0.5409836065573771	0.4	61
0.6666666666666666	0.5	96
0.6864406779661016	0.6	118
0.6036036036036037	0.7	111
0.746031746031746	0.8	126
0.8461538461538461	0.9	78
0.8125	1.0	32
0.25	0.1	4
0.3076923076923077	0.2	13
0.375	0.3	32
0.676056338028169	0.4	71
0.6329113924050633	0.5	79
0.6446280991735537	0.6	121
0.6545454545454545	0.7	110
0.7286821705426356	0.8	129
0.8229166666666666	0.9	96
0.76	1.0	25
0.2	0.1	5
0.45454545454545453	0.2	11
0.4722222222222222	0.3	36
0.578125	0.4	64
0.6451612903225806	0.5	93
0.719626168224299	0.6	107
0.5703125	0.7	128
0.7352941176470589	0.8	102
0.8191489361702128	0.9	94
0.875	1.0	40
0.0	0.0	1
0.0	0.1	1
0.35294117647058826	0.2	17
0.5405405405405406	0.3	37
0.5714285714285714	0.4	63
0.6476190476190476	0.5	105
0.6203703703703703	0.6	108
0.68	0.7	125
0.7264150943396226	0.8	106
0.8444444444444444	0.9	90
0.8148148148148148	1.0	27
0.0	0.0	1
0.3333333333333333	0.1	3
0.2222222222222222	0.2	9
0.42424242424242425	0.3	33
0.6153846153846154	0.4	65
0.6701030927835051	0.5	97
0.584070796460177	0.6	113
0.6754385964912281	0.7	114
0.7286821705426356	0.8	129
0.891566265060241	0.9	83
0.7272727272727273	1.0	33
0.4	0.1	5
0.23076923076923078	0.2	13
0.5142857142857142	0.3	35
0.6333333333333333	0.4	60
0.6413043478260869	0.5	92
0.6511627906976745	0.6	129
0.6153846153846154	0.7	130
0.7678571428571429	0.8	112
0.8666666666666667	0.9	75
0.7586206896551724	1.0	29
0.0	0.1	3
0.3076923076923077	0.2	13
0.5806451612903226	0.3	31
0.6176470588235294	0.4	68
0.6415094339622641	0.5	106
0.6181818181818182	0.6	110
0.635593220338983	0.7	118
0.7339449541284404	0.8	109
0.8426966292134831	0.9	89
0.8181818181818182	1.0	33
0.0	0.0	1
0.0	0.1	2
0.4166666666666667	0.2	12
0.5294117647058824	0.3	34
0.6551724137931034	0.4	58
0.6111111111111112	0.5	90
0.6608695652173913	0.6	115
0.6198347107438017	0.7	121
0.7142857142857143	0.8	126
0.8586956521739131	0.9	92
0.7241379310344828	1.0	29
0.0	0.1	2
0.36363636363636365	0.2	11
0.4358974358974359	0.3	39
0.647887323943662	0.4	71
0.6222222222222222	0.5	90
0.6386554621848739	0.6	119
0.6696428571428571	0.7	112
0.7480314960629921	0.8	127
0.8024691358024691	0.9	81
0.8214285714285714	1.0	28
0.0	0.0	1
0.0	0.1	2
0.3333333333333333	0.2	9
0.5686274509803921	0.3	51
0.5818181818181818	0.4	55
0.6990291262135923	0.5	103
0.6074766355140186	0.6	107
0.6293103448275862	0.7	116
0.7304347826086957	0.8	115
0.8426966292134831	0.9	89
0.75	1.0	32
0.0	0.0	2
0.0	0.1	1
0.35294117647058826	0.2	17
0.4722222222222222	0.3	36
0.6619718309859155	0.4	71
0.6428571428571429	0.5	98
0.5961538461538461	0.6	104
0.65625	0.7	128
0.7652173913043478	0.8	115
0.8518518518518519	0.9	81
0.7777777777777778	1.0	27
0.0	0.1	5
0.4	0.2	10
0.6086956521739131	0.3	23
0.6461538461538462	0.4	65
0.6078431372549019	0.5	102
0.5670103092783505	0.6	97
0.6793893129770993	0.7	131
0.7421875	0.8	128
0.8295454545454546	0.9	88
0.7419354838709677	1.0	31
0.0	0.0	1
0.0	0.1	1
0.3	0.2	10
0.5	0.3	28
0.5692307692307692	0.4	65
0.6736842105263158	0.5	95
0.6260869565217392	0.6	115
0.6134453781512605	0.7	119
0.7445255474452555	0.8	137
0.8589743589743589	0.9	78
0.8064516129032258	1.0	31
0.4	0.1	5
0.3333333333333333	0.2	12
0.5151515151515151	0.3	33
0.5606060606060606	0.4	66
0.6666666666666666	0.5	75
0.6974789915966386	0.6	119
0.5901639344262295	0.7	122
0.7416666666666667	0.8	120
0.8020833333333334	0.9	96
0.8125	1.0	32
0.0	0.1	3
0.4666666666666667	0.2	15
0.5277777777777778	0.3	36
0.5892857142857143	0.4	56
0.6770833333333334	0.5	96
0.5932203389830508	0.6	118
0.6491228070175439	0.7	114
0.7295081967213115	0.8	122
0.8351648351648352	0.9	91
0.8275862068965517	1.0	29
0.0	0.0	2
0.5	0.1	2
0.46153846153846156	0.2	13
0.3157894736842105	0.3	19
0.5945945945945946	0.4	74
0.6835443037974683	0.5	79
0.6296296296296297	0.6	108
0.6377952755905512	0.7	127
0.7153846153846154	0.8	130
0.826530612244898	0.9	98
0.8214285714285714	1.0	28
0.3333333333333333	0.1	3
0.2727272727272727	0.2	11
0.48484848484848486	0.3	33
0.6349206349206349	0.4	63
0.6226415094339622	0.5	106
0.5963302752293578	0.6	109
0.6356589147286822	0.7	129
0.7863247863247863	0.8	117
0.8481012658227848	0.9	79
0.8333333333333334	1.0	30
0.0	0.1	2
0.3333333333333333	0.2	6
0.4166666666666667	0.3	24
0.631578947368421	0.4	57
0.5934065934065934	0.5	91
0.6363636363636364	0.6	121
0.6818181818181818	0.7	132
0.6859504132231405	0.8	121
0.8541666666666666	0.9	96
0.7666666666666667	1.0	30
0.2	0.1	5
0.375	0.2	16
0.4666666666666667	0.3	30
0.676923076923077	0.4	65
0.6601941747572816	0.5	103
0.5673076923076923	0.6	104
0.6611570247933884	0.7	121
0.7355371900826446	0.8	121
0.8536585365853658	0.9	82
0.7878787878787878	1.0	33
0.0	0.1	3
0.4	0.2	10
0.5454545454545454	0.3	33
0.5538461538461539	0.4	65
0.691358024691358	0.5	81
0.6120689655172413	0.6	116
0.6218487394957983	0.7	119
0.7435897435897436	0.8	117
0.801980198019802	0.9	101
0.8571428571428571	1.0	35
0.3333333333333333	0.1	3
0.1111111111111111	0.2	9
0.5277777777777778	0.3	36
0.65	0.4	60
0.631578947368421	0.5	95
0.6412213740458015	0.6	131
0.6206896551724138	0.7	116
0.7652173913043478	0.8	115
0.8172043010752689	0.9	93
0.7727272727272727	1.0	22
0.0	0.1	3
0.5	0.2	8
0.35294117647058826	0.3	34
0.6060606060606061	0.4	66
0.7019230769230769	0.5	104
0.6146788990825688	0.6	109
0.6271186440677966	0.7	118
0.7304347826086957	0.8	115
0.8494623655913979	0.9	93
0.8	1.0	30
0.0	0.0	1
0.0	0.1	1
0.23529411764705882	0.2	17
0.5833333333333334	0.3	36
0.5714285714285714	0.4	63
0.6262626262626263	0.5	99
0.6792452830188679	0.6	106
0.6293103448275862	0.7	116
0.7565217391304347	0.8	115
0.8144329896907216	0.9	97
0.7931034482758621	1.0	29
0.0	0.1	1
0.16666666666666666	0.2	6
0.36	0.3	25
0.6190476190476191	0.4	63
0.6703296703296703	0.5	91
0.6097560975609756	0.6	123
0.664179104477612	0.7	134
0.743801652892562	0.8	121
0.8117647058823529	0.9	85
0.7741935483870968	1.0	31
0.0	0.1	2
0.26666666666666666	0.2	15
0.6666666666666666	0.3	30
0.4782608695652174	0.4	69
0.6736842105263158	0.5	95
0.6785714285714286	0.6	112
0.6306306306306306	0.7	111
0.7222222222222222	0.8	126
0.8526315789473684	0.9	95
0.72	1.0	25
0.25	0.1	4
0.16666666666666666	0.2	6
0.5666666666666667	0.3	30
0.6056338028169014	0.4	71
0.6504854368932039	0.5	103
0.5882352941176471	0.6	119
0.6339285714285714	0.7	112
0.7642276422764228	0.8	123
0.8372093023255814	0.9	86
0.8076923076923077	1.0	26
0.0	0.1	2
0.2727272727272727	0.2	11
0.45454545454545453	0.3	33
0.5735294117647058	0.4	68
0.7157894736842105	0.5	95
0.6339285714285714	0.6	112
0.6341463414634146	0.7	123
0.752	0.8	125
0.7951807228915663	0.9	83
0.8214285714285714	1.0	28
0.0	0.1	3
0.4	0.2	10
0.45454545454545453	0.3	33
0.6451612903225806	0.4	62
0.6395348837209303	0.5	86
0.6016949152542372	0.6	118
0.6610169491525424	0.7	118
0.7704918032786885	0.8	122
0.7684210526315789	0.9	95
0.8181818181818182	1.0	33
0.0	0.0	1
0.0	0.1	1
0.3333333333333333	0.2	9
0.47058823529411764	0.3	34
0.6333333333333333	0.4	60
0.6346153846153846	0.5	104
0.6194690265486725	0.6	113
0.6730769230769231	0.7	104
0.7016129032258065	0.8	124
0.8089887640449438	0.9	89
0.8536585365853658	1.0	41
0.25	0.1	4
0.3	0.2	10
0.5	0.3	38
0.6271186440677966	0.4	59
0.6526315789473685	0.5	95
0.6410256410256411	0.6	117
0.624	0.7	125
0.7435897435897436	0.8	117
0.8372093023255814	0.9	86
0.7931034482758621	1.0	29
0.0	0.0	1
0.25	0.1	4
0.45454545454545453	0.2	11
0.4222222222222222	0.3	45
0.5869565217391305	0.4	46
0.6979166666666666	0.5	96
0.6446280991735537	0.6	121
0.6090909090909091	0.7	110
0.7637795275590551	0.8	127
0.8111111111111111	0.9	90
0.7931034482758621	1.0	29
0.5	0.1	4
0.38461538461538464	0.2	13
0.46153846153846156	0.3	39
0.6557377049180327	0.4	61
0.6161616161616161	0.5	99
0.6538461538461539	0.6	104
0.6111111111111112	0.7	126
0.7795275590551181	0.8	127
0.8271604938271605	0.9	81
0.7692307692307693	1.0	26
0.0	0.1	2
0.3333333333333333	0.2	12
0.6129032258064516	0.3	31
0.5303030303030303	0.4	66
0.6470588235294118	0.5	85
0.6804123711340206	0.6	97
0.5684931506849316	0.7	146
0.8135593220338984	0.8	118
0.8172043010752689	0.9	93
0.7666666666666667	1.0	30
0.3333333333333333	0.1	3
0.3333333333333333	0.2	12
0.5666666666666667	0.3	30
0.5	0.4	58
0.6210526315789474	0.5	95
0.6728971962616822	0.6	107
0.6259541984732825	0.7	131
0.75	0.8	128
0.8372093023255814	0.9	86
0.8333333333333334	1.0	30
0.3333333333333333	0.1	3
0.2222222222222222	0.2	9
0.42424242424242425	0.3	33
0.5942028985507246	0.4	69
0.675	0.5	80
0.6153846153846154	0.6	117
0.6475409836065574	0.7	122
0.7603305785123967	0.8	121
0.8152173913043478	0.9	92
0.7941176470588235	1.0	34
0.0	0.1	3
0.4	0.2	10
0.4634146341463415	0.3	41
0.6818181818181818	0.4	66
0.6176470588235294	0.5	102
0.62	0.6	100
0.616	0.7	125
0.7927927927927928	0.8	111
0.8222222222222222	0.9	90
0.78125	1.0	32
0.0	0.1	2
0.6666666666666666	0.2	6
0.5	0.3	26
0.5102040816326531	0.4	49
0.67	0.5	100
0.6	0.6	115
0.6186440677966102	0.7	118
0.7368421052631579	0.8	133
0.8350515463917526	0.9	97
0.7941176470588235	1.0	34
0.0	0.1	3
0.36363636363636365	0.2	11
0.47058823529411764	0.3	34
0.5967741935483871	0.4	62
0.625	0.5	96
0.6481481481481481	0.6	108
0.6521739130434783	0.7	115
0.7105263157894737	0.8	114
0.8282828282828283	0.9	99
0.8421052631578947	1.0	38
0.0	0.1	3
0.35294117647058826	0.2	17
0.5555555555555556	0.3	36
0.5254237288135594	0.4	59
0.6568627450980392	0.5	102
0.6886792452830188	0.6	106
0.652542372881356	0.7	118
0.6956521739130435	0.8	115
0.8409090909090909	0.9	88
0.8055555555555556	1.0	36
0.3333333333333333	0.1	3
0.4	0.2	15
0.47619047619047616	0.3	42
0.6285714285714286	0.4	70
0.6451612903225806	0.5	93
0.6475409836065574	0.6	122
0.6311475409836066	0.7	122
0.7863247863247863	0.8	117
0.8194444444444444	0.9	72
0.7916666666666666	1.0	24
0.25	0.1	4
0.3125	0.2	16
0.4857142857142857	0.3	35
0.6176470588235294	0.4	68
0.7032967032967034	0.5	91
0.6213592233009708	0.6	103
0.6	0.7	130
0.7589285714285714	0.8	112
0.8666666666666667	0.9	90
0.7419354838709677	1.0	31
0.3333333333333333	0.1	3
0.36363636363636365	0.2	11
0.5454545454545454	0.3	33
0.5166666666666667	0.4	60
0.7254901960784313	0.5	102
0.625	0.6	112
0.6129032258064516	0.7	124
0.7478991596638656	0.8	119
0.8452380952380952	0.9	84
0.71875	1.0	32
0.0	0.1	2
0.2222222222222222	0.2	9
0.625	0.3	32
0.5517241379310345	0.4	58
0.6796116504854369	0.5	103
0.5746268656716418	0.6	134
0.6722689075630253	0.7	119
0.7777777777777778	0.8	117
0.8072289156626506	0.9	83
0.782608695652174	1.0	23
0.0	0.1	3
0.42105263157894735	0.2	19
0.4473684210526316	0.3	38
0.6470588235294118	0.4	68
0.6630434782608695	0.5	92
0.6666666666666666	0.6	120
0.5963302752293578	0.7	109
0.7454545454545455	0.8	110
0.8539325842696629	0.9	89
0.75	1.0	32
0.16666666666666666	0.1	6
0.47368421052631576	0.2	19
0.5675675675675675	0.3	37
0.5454545454545454	0.4	55
0.631578947368421	0.5	95
0.7079646017699115	0.6	113
0.5934959349593496	0.7	123
0.7916666666666666	0.8	120
0.7906976744186046	0.9	86
0.7692307692307693	1.0	26
0.0	0.0	1
0.4	0.1	5
0.25	0.2	8
0.4827586206896552	0.3	29
0.6181818181818182	0.4	55
0.638095238095238	0.5	105
0.6120689655172413	0.6	116
0.6271186440677966	0.7	118
0.7669172932330827	0.8	133
0.8481012658227848	0.9	79
0.7741935483870968	1.0	31
0.25	0.1	4
0.08333333333333333	0.2	12
0.6451612903225806	0.3	31
0.5357142857142857	0.4	56
0.6086956521739131	0.5	92
0.6837606837606838	0.6	117
0.65625	0.7	128
0.7008547008547008	0.8	117
0.8351648351648352	0.9	91
0.84375	1.0	32
0.0	0.1	2
0.3	0.2	10
0.48717948717948717	0.3	39
0.6825396825396826	0.4	63
0.5934065934065934	0.5	91
0.6486486486486487	0.6	111
0.6440677966101694	0.7	118
0.7407407407407407	0.8	135
0.8414634146341463	0.9	82
0.7241379310344828	1.0	29
0.0	0.1	3
0.5714285714285714	0.2	7
0.4583333333333333	0.3	24
0.6029411764705882	0.4	68
0.6442307692307693	0.5	104
0.6071428571428571	0.6	112
0.6904761904761905	0.7	126
0.7213114754098361	0.8	122
0.813953488372093	0.9	86
0.75	1.0	28
0.0	0.1	3
0.2222222222222222	0.2	9
0.5555555555555556	0.3	36
0.6231884057971014	0.4	69
0.6021505376344086	0.5	93
0.6699029126213593	0.6	103
0.5891472868217055	0.7	129
0.7698412698412699	0.8	126
0.8674698795180723	0.9	83
0.7586206896551724	1.0	29
0.0	0.1	3
0.5	0.2	12
0.40540540540540543	0.3	37
0.65	0.4	60
0.6206896551724138	0.5	87
0.6416666666666667	0.6	120
0.6611570247933884	0.7	121
0.7310924369747899	0.8	119
0.8351648351648352	0.9	91
0.7666666666666667	1.0	30
0.0	0.0	1
0.3333333333333333	0.1	6
0.45454545454545453	0.2	11
0.5333333333333333	0.3	30
0.6190476190476191	0.4	63
0.6428571428571429	0.5	112
0.6272727272727273	0.6	110
0.6120689655172413	0.7	116
0.75	0.8	120
0.8554216867469879	0.9	83
0.7857142857142857	1.0	28
0.0	0.1	3
0.42857142857142855	0.2	7
0.4827586206896552	0.3	29
0.5945945945945946	0.4	74
0.6626506024096386	0.5	83
0.6106870229007634	0.6	131
0.6036036036036037	0.7	111
0.7967479674796748	0.8	123
0.8191489361702128	0.9	94
0.76	1.0	25
0.25	0.1	4
0.2	0.2	10
0.5882352941176471	0.3	34
0.5178571428571429	0.4	56
0.6428571428571429	0.5	98
0.6846846846846847	0.6	111
0.5909090909090909	0.7	132
0.8035714285714286	0.8	112
0.7764705882352941	0.9	85
0.8421052631578947	1.0	38
0.0	0.1	3
0.5	0.2	8
0.4722222222222222	0.3	36
0.6507936507936508	0.4	63
0.5638297872340425	0.5	94
0.6481481481481481	0.6	108
0.6439393939393939	0.7	132
0.7478991596638656	0.8	119
0.8488372093023255	0.9	86
0.8064516129032258	1.0	31
0.0	0.1	2
0.3	0.2	10
0.5428571428571428	0.3	35
0.5915492957746479	0.4	71
0.6538461538461539	0.5	104
0.6	0.6	120
0.7142857142857143	0.7	105
0.7107438016528925	0.8	121
0.8518518518518519	0.9	81
0.7419354838709677	1.0	31
0.0	0.0	1
0.0	0.1	2
0.42857142857142855	0.2	7
0.4166666666666667	0.3	24
0.5483870967741935	0.4	62
0.6410256410256411	0.5	78
0.6605504587155964	0.6	109
0.6666666666666666	0.7	147
0.6929824561403509	0.8	114
0.826530612244898	0.9	98
0.7894736842105263	1.0	38
0.0	0.1	2
0.26666666666666666	0.2	15
0.4375	0.3	32
0.65	0.4	60
0.6288659793814433	0.5	97
0.6833333333333333	0.6	120
0.6495726495726496	0.7	117
0.6942148760330579	0.8	121
0.8488372093023255	0.9	86
0.8	1.0	30
0.3333333333333333	0.1	6
0.25	0.2	8
0.475	0.3	40
0.6721311475409836	0.4	61
0.6095238095238096	0.5	105
0.6371681415929203	0.6	113
0.6451612903225806	0.7	124
0.7672413793103449	0.8	116
0.8375	0.9	80
0.7777777777777778	1.0	27
0.0	0.1	2
0.25	0.2	4
0.5476190476190477	0.3	42
0.559322033898305	0.4	59
0.66	0.5	100
0.6363636363636364	0.6	121
0.6324786324786325	0.7	117
0.7226890756302521	0.8	119
0.8470588235294118	0.9	85
0.8064516129032258	1.0	31
0.2	0.1	5
0.2	0.2	10
0.631578947368421	0.3	38
0.6	0.4	60
0.6285714285714286	0.5	105
0.6296296296296297	0.6	108
0.6507936507936508	0.7	126
0.7560975609756098	0.8	123
0.7916666666666666	0.9	72
0.8484848484848485	1.0	33
0.3333333333333333	0.1	3
0.38461538461538464	0.2	13
0.4358974358974359	0.3	39
0.6440677966101694	0.4	59
0.6063829787234043	0.5	94
0.7009345794392523	0.6	107
0.6496350364963503	0.7	137
0.7181818181818181	0.8	110
0.8181818181818182	0.9	88
0.8	1.0	30
0.0	0.0	1
0.3333333333333333	0.1	3
0.375	0.2	8
0.4523809523809524	0.3	42
0.6612903225806451	0.4	62
0.6276595744680851	0.5	94
0.6486486486486487	0.6	111
0.652542372881356	0.7	118
0.6929133858267716	0.8	127
0.875	0.9	88
0.7692307692307693	1.0	26
0.25	0.1	4
0.25	0.2	12
0.48717948717948717	0.3	39
0.6865671641791045	0.4	67
0.6597938144329897	0.5	97
0.6095238095238096	0.6	105
0.6124031007751938	0.7	129
0.7678571428571429	0.8	112
0.8222222222222222	0.9	90
0.84	1.0	25
0.25	0.1	4
0.2222222222222222	0.2	9
0.4878048780487805	0.3	41
0.6212121212121212	0.4	66
0.6777777777777778	0.5	90
0.6517857142857143	0.6	112
0.6363636363636364	0.7	121
0.6904761904761905	0.8	126
0.8780487804878049	0.9	82
0.7931034482758621	1.0	29
0.2	0.1	5
0.3333333333333333	0.2	6
0.55	0.3	40
0.6029411764705882	0.4	68
0.6831683168316832	0.5	101
0.5673076923076923	0.6	104
0.672	0.7	125
0.7642276422764228	0.8	123
0.7948717948717948	0.9	78
0.7666666666666667	1.0	30
0.25	0.1	4
0.3333333333333333	0.2	9
0.43333333333333335	0.3	30
0.6231884057971014	0.4	69
0.6804123711340206	0.5	97
0.6134453781512605	0.6	119
0.625	0.7	120
0.7657657657657657	0.8	111
0.8144329896907216	0.9	97
0.7916666666666666	1.0	24
0.25	0.1	4
0.375	0.2	8
0.43902439024390244	0.3	41
0.6296296296296297	0.4	54
0.6346153846153846	0.5	104
0.6126126126126126	0.6	111
0.65	0.7	120
0.7815126050420168	0.8	119
0.8191489361702128	0.9	94
0.76	1.0	25
0.0	0.1	2
0.1111111111111111	0.2	9
0.48148148148148145	0.3	27
0.6166666666666667	0.4	60
0.631578947368421	0.5	95
0.6785714285714286	0.6	112
0.6504065040650406	0.7	123
0.7007299270072993	0.8	137
0.8214285714285714	0.9	84
0.8064516129032258	1.0	31
0.0	0.1	3
0.45454545454545453	0.2	11
0.4444444444444444	0.3	36
0.6	0.4	70
0.6702127659574468	0.5	94
0.6330275229357798	0.6	109
0.5798319327731093	0.7	119
0.7899159663865546	0.8	119
0.8315789473684211	0.9	95
0.8333333333333334	1.0	24
0.2857142857142857	0.1	7
0.3333333333333333	0.2	12
0.5897435897435898	0.3	39
0.5846153846153846	0.4	65
0.6458333333333334	0.5	96
0.6106194690265486	0.6	113
0.6470588235294118	0.7	119
0.7786885245901639	0.8	122
0.8333333333333334	0.9	78
0.7586206896551724	1.0	29
0.25	0.1	4
0.25	0.2	8
0.4375	0.3	32
0.6417910447761194	0.4	67
0.6588235294117647	0.5	85
0.6697247706422018	0.6	109
0.624113475177305	0.7	141
0.6952380952380952	0.8	105
0.8229166666666666	0.9	96
0.8484848484848485	1.0	33
0.0	0.0	1
0.0	0.1	3
0.25	0.2	12
0.525	0.3	40
0.6296296296296297	0.4	54
0.6388888888888888	0.5	108
0.6274509803921569	0.6	102
0.65	0.7	120
0.75177304964539	0.8	141
0.8356164383561644	0.9	73
0.8076923076923077	1.0	26
0.0	0.1	2
0.21428571428571427	0.2	14
0.56	0.3	25
0.6290322580645161	0.4	62
0.6210526315789474	0.5	95
0.6923076923076923	0.6	104
0.5939849624060151	0.7	133
0.753968253968254	0.8	126
0.8	0.9	90
0.8275862068965517	1.0	29
0.0	0.1	5
0.23076923076923078	0.2	13
0.5	0.3	26
0.6229508196721312	0.4	61
0.6627906976744186	0.5	86
0.6578947368421053	0.6	114
0.6178861788617886	0.7	123
0.7238805970149254	0.8	134
0.8387096774193549	0.9	93
0.8	1.0	25
0.0	0.1	3
0.36363636363636365	0.2	11
0.48484848484848486	0.3	33
0.6470588235294118	0.4	68
0.6138613861386139	0.5	101
0.6037735849056604	0.6	106
0.6446280991735537	0.7	121
0.7637795275590551	0.8	127
0.8674698795180723	0.9	83
0.7407407407407407	1.0	27
0.3333333333333333	0.1	3
0.16666666666666666	0.2	12
0.45161290322580644	0.3	31
0.6363636363636364	0.4	66
0.6363636363636364	0.5	99
0.6448598130841121	0.6	107
0.632	0.7	125
0.744	0.8	125
0.8452380952380952	0.9	84
0.8214285714285714	1.0	28
0.0	0.0	1
0.5	0.1	2
0.2222222222222222	0.2	9
0.5128205128205128	0.3	39
0.5972222222222222	0.4	72
0.6346153846153846	0.5	104
0.6565656565656566	0.6	99
0.6141732283464567	0.7	127
0.7586206896551724	0.8	116
0.8620689655172413	0.9	87
0.7916666666666666	1.0	24
0.2	0.1	5
0.5555555555555556	0.2	9
0.4	0.3	35
0.6557377049180327	0.4	61
0.6	0.5	90
0.6521739130434783	0.6	115
0.6439393939393939	0.7	132
0.768595041322314	0.8	121
0.8	0.9	80
0.8125	1.0	32
0.25	0.1	4
0.3333333333333333	0.2	15
0.5526315789473685	0.3	38
0.5846153846153846	0.4	65
0.6288659793814433	0.5	97
0.6296296296296297	0.6	108
0.6608695652173913	0.7	115
0.753968253968254	0.8	126
0.8452380952380952	0.9	84
0.75	1.0	28
0.0	0.1	3
0.42857142857142855	0.2	7
0.45454545454545453	0.3	33
0.684931506849315	0.4	73
0.6262626262626263	0.5	99
0.5877192982456141	0.6	114
0.6456692913385826	0.7	127
0.7899159663865546	0.8	119
0.8181818181818182	0.9	77
0.75	1.0	28
0.0	0.1	4
0.2727272727272727	0.2	11
0.5454545454545454	0.3	33
0.5915492957746479	0.4	71
0.6630434782608695	0.5	92
0.6792452830188679	0.6	106
0.6341463414634146	0.7	123
0.7433628318584071	0.8	113
0.782608695652174	0.9	92
0.7714285714285715	1.0	35
0.3333333333333333	0.1	6
0.2857142857142857	0.2	14
0.5277777777777778	0.3	36
0.5714285714285714	0.4	70
0.7052631578947368	0.5	95
0.6320754716981132	0.6	106
0.6311475409836066	0.7	122
0.7264957264957265	0.8	117
0.8505747126436781	0.9	87
0.8148148148148148	1.0	27
0.0	0.1	3
0.2222222222222222	0.2	9
0.5428571428571428	0.3	35
0.6029411764705882	0.4	68
0.6666666666666666	0.5	87
0.5982905982905983	0.6	117
0.6456692913385826	0.7	127
0.768595041322314	0.8	121
0.810126582278481	0.9	79
0.8235294117647058	1.0	34
0.0	0.1	2
0.4	0.2	10
0.46808510638297873	0.3	47
0.6363636363636364	0.4	55
0.6153846153846154	0.5	91
0.680327868852459	0.6	122
0.6260162601626016	0.7	123
0.7563025210084033	0.8	119
0.8390804597701149	0.9	87
0.7083333333333334	1.0	24
0.0	0.1	2
0.2857142857142857	0.2	7
0.5172413793103449	0.3	29
0.581081081081081	0.4	74
0.6630434782608695	0.5	92
0.6370967741935484	0.6	124
0.6379310344827587	0.7	116
0.7364341085271318	0.8	129
0.8333333333333334	0.9	78
0.7931034482758621	1.0	29
0.0	0.1	3
0.42857142857142855	0.2	7
0.4074074074074074	0.3	27
0.5645161290322581	0.4	62
0.6274509803921569	0.5	102
0.6428571428571429	0.6	112
0.6456692913385826	0.7	127
0.7542372881355932	0.8	118
0.8315789473684211	0.9	95
0.8148148148148148	1.0	27
0.25	0.1	4
0.3	0.2	10
0.48484848484848486	0.3	33
0.5892857142857143	0.4	56
0.6458333333333334	0.5	96
0.6173913043478261	0.6	115
0.6721311475409836	0.7	122
0.7394957983193278	0.8	119
0.8	0.9	95
0.8333333333333334	1.0	30
0.4	0.1	5
0.2	0.2	5
0.52	0.3	25
0.5735294117647058	0.4	68
0.6086956521739131	0.5	92
0.6260162601626016	0.6	123
0.6929824561403509	0.7	114
0.732824427480916	0.8	131
0.8131868131868132	0.9	91
0.7692307692307693	1.0	26
0.0	0.1	3
0.3333333333333333	0.2	12
0.42857142857142855	0.3	28
0.6507936507936508	0.4	63
0.6363636363636364	0.5	99
0.6372549019607843	0.6	102
0.6532258064516129	0.7	124
0.7094017094017094	0.8	117
0.8144329896907216	0.9	97
0.8285714285714286	1.0	35
0.0	0.1	4
0.3333333333333333	0.2	6
0.5161290322580645	0.3	31
0.5806451612903226	0.4	62
0.6021505376344086	0.5	93
0.625	0.6	120
0.6583333333333333	0.7	120
0.7615384615384615	0.8	130
0.8390804597701149	0.9	87
0.7777777777777778	1.0	27
0.25	0.1	4
0.4	0.2	10
0.5348837209302325	0.3	43
0.5774647887323944	0.4	71
0.5802469135802469	0.5	81
0.6272727272727273	0.6	110
0.696	0.7	125
0.7372881355932204	0.8	118
0.8372093023255814	0.9	86
0.8125	1.0	32
0.0	0.1	3
0.5384615384615384	0.2	13
0.4444444444444444	0.3	27
0.6229508196721312	0.4	61
0.6043956043956044	0.5	91
0.6513761467889908	0.6	109
0.608	0.7	125
0.773109243697479	0.8	119
0.8105263157894737	0.9	95
0.7837837837837838	1.0	37
0.25	0.1	4
0.375	0.2	8
0.5365853658536586	0.3	41
0.640625	0.4	64
0.62	0.5	100
0.5925925925925926	0.6	108
0.6724137931034483	0.7	116
0.7398373983739838	0.8	123
0.8275862068965517	0.9	87
0.7931034482758621	1.0	29
0.0	0.0	1
0.4	0.1	5
0.0	0.2	7
0.5128205128205128	0.3	39
0.6721311475409836	0.4	61
0.5930232558139535	0.5	86
0.6228070175438597	0.6	114
0.7068965517241379	0.7	116
0.6984126984126984	0.8	126
0.8351648351648352	0.9	91
0.7647058823529411	1.0	34
0.4	0.1	5
0.1111111111111111	0.2	9
0.46875	0.3	32
0.6710526315789473	0.4	76
0.6224489795918368	0.5	98
0.5739130434782609	0.6	115
0.7155172413793104	0.7	116
0.7272727272727273	0.8	121
0.8470588235294118	0.9	85
0.782608695652174	1.0	23
0.0	0.0	1
0.3333333333333333	0.1	3
0.3333333333333333	0.2	9
0.5483870967741935	0.3	31
0.5263157894736842	0.4	57
0.6354166666666666	0.5	96
0.6638655462184874	0.6	119
0.6	0.7	110
0.7593984962406015	0.8	133
0.813953488372093	0.9	86
0.8285714285714286	1.0	35
0.0	0.1	2
0.2	0.2	10
0.5925925925925926	0.3	27
0.5303030303030303	0.4	66
0.6530612244897959	0.5	98
0.6637168141592921	0.6	113
0.6046511627906976	0.7	129
0.7899159663865546	0.8	119
0.8255813953488372	0.9	86
0.7333333333333333	1.0	30
0.14285714285714285	0.1	7
0.3333333333333333	0.2	15
0.6206896551724138	0.3	29
0.559322033898305	0.4	59
0.6037735849056604	0.5	106
0.6804123711340206	0.6	97
0.6551724137931034	0.7	116
0.7175572519083969	0.8	131
0.8526315789473684	0.9	95
0.76	1.0	25
0.25	0.1	4
0.375	0.2	8
0.34615384615384615	0.3	26
0.6865671641791045	0.4	67
0.65625	0.5	96
0.6371681415929203	0.6	113
0.5864661654135338	0.7	133
0.7933884297520661	0.8	121
0.8068181818181818	0.9	88
0.75	1.0	24
0.0	0.0	1
0.2	0.1	5
0.2222222222222222	0.2	9
0.5714285714285714	0.3	35
0.6451612903225806	0.4	62
0.6095238095238096	0.5	105
0.6260869565217392	0.6	115
0.6371681415929203	0.7	113
0.7583333333333333	0.8	120
0.8588235294117647	0.9	85
0.7333333333333333	1.0	30
0.0	0.1	2
0.2222222222222222	0.2	9
0.46875	0.3	32
0.6307692307692307	0.4	65
0.6363636363636364	0.5	99
0.65	0.6	100
0.648	0.7	125
0.704	0.8	125
0.8554216867469879	0.9	83
0.775	1.0	40
0.0	0.1	3
0.4	0.2	10
0.3888888888888889	0.3	36
0.6825396825396826	0.4	63
0.651685393258427	0.5	89
0.6339285714285714	0.6	112
0.6240601503759399	0.7	133
0.7627118644067796	0.8	118
0.8202247191011236	0.9	89
0.7777777777777778	1.0	27
0.0	0.1	4
0.43478260869565216	0.2	23
0.5454545454545454	0.3	33
0.6086956521739131	0.4	69
0.6097560975609756	0.5	82
0.68	0.6	125
0.5779816513761468	0.7	109
0.7844827586206896	0.8	116
0.8295454545454546	0.9	88
0.8064516129032258	1.0	31
0.25	0.1	4
0.3333333333333333	0.2	12
0.5652173913043478	0.3	46
0.6129032258064516	0.4	62
0.6285714285714286	0.5	105
0.6120689655172413	0.6	116
0.6545454545454545	0.7	110
0.7606837606837606	0.8	117
0.8433734939759037	0.9	83
0.8	1.0	25
0.2	0.1	5
0.25	0.2	16
0.5952380952380952	0.3	42
0.5409836065573771	0.4	61
0.7064220183486238	0.5	109
0.6382978723404256	0.6	94
0.627906976744186	0.7	129
0.75	0.8	116
0.8271604938271605	0.9	81
0.8148148148148148	1.0	27
0.5	0.1	4
0.2	0.2	10
0.5142857142857142	0.3	35
0.5303030303030303	0.4	66
0.6728971962616822	0.5	107
0.672566371681416	0.6	113
0.6260869565217392	0.7	115
0.7265625	0.8	128
0.8933333333333333	0.9	75
0.7407407407407407	1.0	27
0.0	0.1	3
0.3076923076923077	0.2	13
0.5151515151515151	0.3	33
0.6176470588235294	0.4	68
0.6804123711340206	0.5	97
0.6071428571428571	0.6	112
0.6416666666666667	0.7	120
0.7363636363636363	0.8	110
0.8229166666666666	0.9	96
0.8214285714285714	1.0	28
0.0	0.1	3
0.4375	0.2	16
0.4827586206896552	0.3	29
0.6216216216216216	0.4	74
0.6458333333333334	0.5	96
0.6666666666666666	0.6	120
0.6068376068376068	0.7	117
0.773109243697479	0.8	119
0.8125	0.9	80
0.7692307692307693	1.0	26
0.3333333333333333	0.1	3
0.2857142857142857	0.2	7
0.36363636363636365	0.3	22
0.5666666666666667	0.4	60
0.6666666666666666	0.5	96
0.6090909090909091	0.6	110
0.632	0.7	125
0.7622950819672131	0.8	122
0.8080808080808081	0.9	99
0.8055555555555556	1.0	36
0.0	0.0	1
0.3333333333333333	0.1	3
0.2857142857142857	0.2	7
0.3939393939393939	0.3	33
0.6666666666666666	0.4	57
0.6153846153846154	0.5	104
0.6693548387096774	0.6	124
0.6198347107438017	0.7	121
0.7377049180327869	0.8	122
0.8625	0.9	80
0.7857142857142857	1.0	28
0.0	0.1	3
0.4	0.2	15
0.5833333333333334	0.3	36
0.5	0.4	60
0.6470588235294118	0.5	102
0.6464646464646465	0.6	99
0.6343283582089553	0.7	134
0.7868852459016393	0.8	122
0.8354430379746836	0.9	79
0.7666666666666667	1.0	30
0.0	0.1	2
0.4444444444444444	0.2	9
0.4444444444444444	0.3	27
0.5692307692307692	0.4	65
0.6704545454545454	0.5	88
0.6074766355140186	0.6	107
0.6592592592592592	0.7	135
0.7364341085271318	0.8	129
0.8172043010752689	0.9	93
0.8	1.0	25
0.16666666666666666	0.1	6
0.625	0.2	8
0.42857142857142855	0.3	42
0.6470588235294118	0.4	68
0.6382978723404256	0.5	94
0.6226415094339622	0.6	106
0.632	0.7	125
0.7894736842105263	0.8	114
0.7926829268292683	0.9	82
0.8285714285714286	1.0	35
0.3333333333333333	0.1	3
0.2	0.2	10
0.45454545454545453	0.3	33
0.6486486486486487	0.4	74
0.6455696202531646	0.5	79
0.6171875	0.6	128
0.6694915254237288	0.7	118
0.7131147540983607	0.8	122
0.872093023255814	0.9	86
0.7407407407407407	1.0	27
0.0	0.0	1
0.3333333333333333	0.1	3
0.3333333333333333	0.2	15
0.5	0.3	36
0.6226415094339622	0.4	53
0.6504854368932039	0.5	103
0.6379310344827587	0.6	116
0.6198347107438017	0.7	121
0.8050847457627118	0.8	118
0.7752808988764045	0.9	89
0.8	1.0	25
0.0	0.1	3
0.2727272727272727	0.2	11
0.45714285714285713	0.3	35
0.6515151515151515	0.4	66
0.7078651685393258	0.5	89
0.584	0.6	125
0.6640625	0.7	128
0.7079646017699115	0.8	113
0.8795180722891566	0.9	83
0.7777777777777778	1.0	27
0.0	0.1	4
0.2	0.2	10
0.5405405405405406	0.3	37
0.6296296296296297	0.4	54
0.6421052631578947	0.5	95
0.6052631578947368	0.6	114
0.6910569105691057	0.7	123
0.7007874015748031	0.8	127
0.8571428571428571	0.9	91
0.76	1.0	25
0.5	0.1	4
0.3	0.2	10
0.5	0.3	34
0.65625	0.4	64
0.5742574257425742	0.5	101
0.7019230769230769	0.6	104
0.5934959349593496	0.7	123
0.7419354838709677	0.8	124
0.8505747126436781	0.9	87
0.7931034482758621	1.0	29
0.0	0.0	2
0.5384615384615384	0.2	13
0.4583333333333333	0.3	48
0.6307692307692307	0.4	65
0.6494845360824743	0.5	97
0.6181818181818182	0.6	110
0.680327868852459	0.7	122
0.7368421052631579	0.8	114
0.8170731707317073	0.9	82
0.8148148148148148	1.0	27
0.0	0.0	1
0.0	0.1	2
0.25	0.2	8
0.6666666666666666	0.3	30
0.5342465753424658	0.4	73
0.6410256410256411	0.5	78
0.6511627906976745	0.6	129
0.6090909090909091	0.7	110
0.7264957264957265	0.8	117
0.8888888888888888	0.9	99
0.6666666666666666	1.0	33
0.0	0.1	4
0.2	0.2	10
0.5263157894736842	0.3	38
0.6071428571428571	0.4	56
0.6176470588235294	0.5	102
0.6557377049180327	0.6	122
0.6792452830188679	0.7	106
0.7421875	0.8	128
0.8117647058823529	0.9	85
0.7586206896551724	1.0	29
0.3333333333333333	0.1	3
0.3333333333333333	0.2	12
0.48148148148148145	0.3	27
0.5757575757575758	0.4	66
0.6451612903225806	0.5	93
0.6153846153846154	0.6	104
0.6764705882352942	0.7	136
0.7049180327868853	0.8	122
0.8620689655172413	0.9	87
0.8	1.0	30
0.25	0.1	4
0.18181818181818182	0.2	11
0.5384615384615384	0.3	39
0.625	0.4	64
0.6236559139784946	0.5	93
0.6330275229357798	0.6	109
0.64	0.7	125
0.7578125	0.8	128
0.8658536585365854	0.9	82
0.72	1.0	25
0.0	0.0	1
0.0	0.1	2
0.375	0.2	8
0.34285714285714286	0.3	35
0.703125	0.4	64
0.6022727272727273	0.5	88
0.7009345794392523	0.6	107
0.6137931034482759	0.7	145
0.7363636363636363	0.8	110
0.851063829787234	0.9	94
0.7307692307692307	1.0	26
0.3333333333333333	0.1	3
0.1111111111111111	0.2	9
0.6	0.3	25
0.6285714285714286	0.4	70
0.6538461538461539	0.5	104
0.5865384615384616	0.6	104
0.6229508196721312	0.7	122
0.753968253968254	0.8	126
0.8255813953488372	0.9	86
0.8064516129032258	1.0	31
0.0	0.0	1
0.0	0.1	2
0.375	0.2	8
0.45714285714285713	0.3	35
0.6101694915254238	0.4	59
0.6464646464646465	0.5	99
0.6605504587155964	0.6	109
0.6239316239316239	0.7	117
0.7398373983739838	0.8	123
0.7894736842105263	0.9	95
0.84375	1.0	32
0.0	0.1	2
0.2727272727272727	0.2	11
0.5777777777777777	0.3	45
0.5303030303030303	0.4	66
0.6571428571428571	0.5	105
0.6574074074074074	0.6	108
0.5882352941176471	0.7	119
0.7796610169491526	0.8	118
0.8888888888888888	0.9	72
0.7941176470588235	1.0	34
0.25	0.1	4
0.375	0.2	8
0.5135135135135135	0.3	37
0.6129032258064516	0.4	62
0.6435643564356436	0.5	101
0.5842696629213483	0.6	89
0.676923076923077	0.7	130
0.7101449275362319	0.8	138
0.8717948717948718	0.9	78
0.7575757575757576	1.0	33
0.0	0.1	3
0.5	0.2	12
0.4	0.3	25
0.6206896551724138	0.4	58
0.5909090909090909	0.5	88
0.648	0.6	125
0.6198347107438017	0.7	121
0.78125	0.8	128
0.8072289156626506	0.9	83
0.8108108108108109	1.0	37
0.2	0.1	5
0.4444444444444444	0.2	9
0.48484848484848486	0.3	33
0.6052631578947368	0.4	76
0.6346153846153846	0.5	104
0.6464646464646465	0.6	99
0.6058394160583942	0.7	137
0.7857142857142857	0.8	112
0.8674698795180723	0.9	83
0.7727272727272727	1.0	22
0.0	0.1	3
0.5	0.2	14
0.47058823529411764	0.3	34
0.6285714285714286	0.4	70
0.6020408163265306	0.5	98
0.6363636363636364	0.6	99
0.6115702479338843	0.7	121
0.7933884297520661	0.8	121
0.8131868131868132	0.9	91
0.8275862068965517	1.0	29
0.0	0.1	1
0.5	0.2	10
0.46153846153846156	0.3	26
0.5522388059701493	0.4	67
0.5714285714285714	0.5	84
0.6935483870967742	0.6	124
0.6120689655172413	0.7	116
0.7619047619047619	0.8	126
0.8041237113402062	0.9	97
0.8275862068965517	1.0	29
0.0	0.0	1
0.5	0.1	2
0.3	0.2	10
0.4444444444444444	0.3	36
0.6410256410256411	0.4	78
0.6631578947368421	0.5	95
0.6491228070175439	0.6	114
0.6048387096774194	0.7	124
0.7657657657657657	0.8	111
0.8452380952380952	0.9	84
0.76	1.0	25
0.3333333333333333	0.1	3
0.4	0.2	10
0.4864864864864865	0.3	37
0.5915492957746479	0.4	71
0.6630434782608695	0.5	92
0.6792452830188679	0.6	106
0.5725806451612904	0.7	124
0.7767857142857143	0.8	112
0.7956989247311828	0.9	93
0.84375	1.0	32
0.0	0.1	3
0.2222222222222222	0.2	9
0.54	0.3	50
0.5625	0.4	64
0.6631578947368421	0.5	95
0.6491228070175439	0.6	114
0.6341463414634146	0.7	123
0.7543859649122807	0.8	114
0.8765432098765432	0.9	81
0.7407407407407407	1.0	27
0.3333333333333333	0.1	3
0.16666666666666666	0.2	6
0.5483870967741935	0.3	31
0.59375	0.4	64
0.6464646464646465	0.5	99
0.5966386554621849	0.6	119
0.6475409836065574	0.7	122
0.725	0.8	120
0.8791208791208791	0.9	91
0.76	1.0	25
0.16666666666666666	0.1	6
0.2727272727272727	0.2	11
0.46875	0.3	32
0.64	0.4	75
0.6407766990291263	0.5	103
0.6538461538461539	0.6	104
0.6328125	0.7	128
0.7652173913043478	0.8	115
0.8227848101265823	0.9	79
0.8148148148148148	1.0	27
0.0	0.1	3
0.4	0.2	10
0.4473684210526316	0.3	38
0.6470588235294118	0.4	51
0.6597938144329897	0.5	97
0.6330275229357798	0.6	109
0.5942028985507246	0.7	138
0.782608695652174	0.8	115
0.8539325842696629	0.9	89
0.7333333333333333	1.0	30
0.2	0.1	5
0.35714285714285715	0.2	14
0.45714285714285713	0.3	35
0.6349206349206349	0.4	63
0.6435643564356436	0.5	101
0.6416666666666667	0.6	120
0.6283185840707964	0.7	113
0.7652173913043478	0.8	115
0.8214285714285714	0.9	84
0.8333333333333334	1.0	30
0.0	0.1	3
0.4	0.2	10
0.5116279069767442	0.3	43
0.6349206349206349	0.4	63
0.6355140186915887	0.5	107
0.5849056603773585	0.6	106
0.6611570247933884	0.7	121
0.7522935779816514	0.8	109
0.8705882352941177	0.9	85
0.7575757575757576	1.0	33
0.3333333333333333	0.1	3
0.3333333333333333	0.2	9
0.45	0.3	20
0.6142857142857143	0.4	70
0.6388888888888888	0.5	108
0.6122448979591837	0.6	98
0.6277372262773723	0.7	137
0.746031746031746	0.8	126
0.8461538461538461	0.9	78
0.8387096774193549	1.0	31
0.0	0.1	3
0.36363636363636365	0.2	11
0.48717948717948717	0.3	39
0.625	0.4	64
0.6176470588235294	0.5	102
0.6826923076923077	0.6	104
0.6377952755905512	0.7	127
0.7131147540983607	0.8	122
0.8888888888888888	0.9	81
0.7407407407407407	1.0	27
1.0	0.0	1
0.0	0.1	2
0.4166666666666667	0.2	12
0.4864864864864865	0.3	37
0.6271186440677966	0.4	59
0.6363636363636364	0.5	88
0.6116504854368932	0.6	103
0.6363636363636364	0.7	132
0.7192982456140351	0.8	114
0.8631578947368421	0.9	95
0.7837837837837838	1.0	37
0.0	0.0	1
0.0	0.1	1
0.5	0.2	10
0.46153846153846156	0.3	26
0.5789473684210527	0.4	57
0.6494845360824743	0.5	97
0.5929203539823009	0.6	113
0.712	0.7	125
0.6942148760330579	0.8	121
0.8269230769230769	0.9	104
0.72	1.0	25
0.0	0.1	2
0.375	0.2	8
0.525	0.3	40
0.6029411764705882	0.4	68
0.6382978723404256	0.5	94
0.625	0.6	112
0.6160714285714286	0.7	112
0.768595041322314	0.8	121
0.8131868131868132	0.9	91
0.8125	1.0	32
0.0	0.1	4
0.45454545454545453	0.2	11
0.6	0.3	30
0.5522388059701493	0.4	67
0.6373626373626373	0.5	91
0.6576576576576577	0.6	111
0.6229508196721312	0.7	122
0.7166666666666667	0.8	120
0.84375	0.9	96
0.8214285714285714	1.0	28
0.25	0.1	4
0.36363636363636365	0.2	11
0.47058823529411764	0.3	34
0.6666666666666666	0.4	57
0.6262626262626263	0.5	99
0.6666666666666666	0.6	126
0.6050420168067226	0.7	119
0.7652173913043478	0.8	115
0.8023255813953488	0.9	86
0.7931034482758621	1.0	29
0.0	0.0	1
0.0	0.1	4
0.5	0.2	8
0.575	0.3	40
0.5384615384615384	0.4	65
0.6836734693877551	0.5	98
0.660377358490566	0.6	106
0.6141732283464567	0.7	127
0.7226890756302521	0.8	119
0.8536585365853658	0.9	82
0.8	1.0	30
0.0	0.1	2
0.2	0.2	10
0.4838709677419355	0.3	31
0.6666666666666666	0.4	66
0.5697674418604651	0.5	86
0.6554621848739496	0.6	119
0.6466165413533834	0.7	133
0.7117117117117117	0.8	111
0.875	0.9	96
0.7692307692307693	1.0	26
0.4	0.1	5
0.25	0.2	12
0.5	0.3	40
0.6545454545454545	0.4	55
0.6210526315789474	0.5	95
0.6271186440677966	0.6	118
0.6153846153846154	0.7	117
0.796875	0.8	128
0.810126582278481	0.9	79
0.8064516129032258	1.0	31
0.0	0.1	4
0.25	0.2	8
0.55	0.3	40
0.6065573770491803	0.4	61
0.6372549019607843	0.5	102
0.6764705882352942	0.6	102
0.6136363636363636	0.7	132
0.7560975609756098	0.8	123
0.825	0.9	80
0.7857142857142857	1.0	28
0.0	0.1	2
0.6666666666666666	0.2	6
0.41025641025641024	0.3	39
0.5882352941176471	0.4	68
0.6938775510204082	0.5	98
0.5945945945945946	0.6	111
0.6535433070866141	0.7	127
0.7387387387387387	0.8	111
0.8295454545454546	0.9	88
0.8333333333333334	1.0	30
0.0	0.0	1
0.5	0.1	2
0.35714285714285715	0.2	14
0.4117647058823529	0.3	34
0.6607142857142857	0.4	56
0.6346153846153846	0.5	104
0.6065573770491803	0.6	122
0.7033898305084746	0.7	118
0.7232142857142857	0.8	112
0.8488372093023255	0.9	86
0.7419354838709677	1.0	31
0.0	0.0	1
0.0	0.1	2
0.36363636363636365	0.2	11
0.5135135135135135	0.3	37
0.625	0.4	64
0.6534653465346535	0.5	101
0.6302521008403361	0.6	119
0.625	0.7	120
0.7321428571428571	0.8	112
0.8641975308641975	0.9	81
0.8125	1.0	32
0.3333333333333333	0.1	3
0.42857142857142855	0.2	14
0.4888888888888889	0.3	45
0.6181818181818182	0.4	55
0.66	0.5	100
0.6435643564356436	0.6	101
0.6296296296296297	0.7	135
0.7521367521367521	0.8	117
0.8313253012048193	0.9	83
0.7777777777777778	1.0	27
0.0	0.0	1
0.16666666666666666	0.1	6
0.46153846153846156	0.2	13
0.41935483870967744	0.3	31
0.6274509803921569	0.4	51
0.6896551724137931	0.5	116
0.6052631578947368	0.6	114
0.6434782608695652	0.7	115
0.7661290322580645	0.8	124
0.8192771084337349	0.9	83
0.7307692307692307	1.0	26
0.25	0.1	4
0.14285714285714285	0.2	7
0.46511627906976744	0.3	43
0.6274509803921569	0.4	51
0.67	0.5	100
0.6190476190476191	0.6	105
0.6136363636363636	0.7	132
0.7787610619469026	0.8	113
0.8191489361702128	0.9	94
0.8064516129032258	1.0	31
0.0	0.1	2
0.38461538461538464	0.2	13
0.43333333333333335	0.3	30
0.6981132075471698	0.4	53
0.5918367346938775	0.5	98
0.6060606060606061	0.6	99
0.6564885496183206	0.7	131
0.7073170731707317	0.8	123
0.8762886597938144	0.9	97
0.7647058823529411	1.0	34
0.0	0.1	4
0.5714285714285714	0.2	7
0.5263157894736842	0.3	38
0.5892857142857143	0.4	56
0.6565656565656566	0.5	99
0.5700934579439252	0.6	107
0.6587301587301587	0.7	126
0.7419354838709677	0.8	124
0.8375	0.9	80
0.8205128205128205	1.0	39
0.0	0.0	1
0.0	0.1	1
0.14285714285714285	0.2	7
0.5384615384615384	0.3	26
0.5535714285714286	0.4	56
0.6853932584269663	0.5	89
0.6115702479338843	0.6	121
0.625	0.7	128
0.7741935483870968	0.8	124
0.7741935483870968	0.9	93
0.8235294117647058	1.0	34
0.3333333333333333	0.1	3
0.35714285714285715	0.2	14
0.55	0.3	40
0.5797101449275363	0.4	69
0.6436781609195402	0.5	87
0.5964912280701754	0.6	114
0.7045454545454546	0.7	132
0.7232142857142857	0.8	112
0.8488372093023255	0.9	86
0.782608695652174	1.0	23
0.0	0.1	2
0.3333333333333333	0.2	12
0.5	0.3	36
0.5535714285714286	0.4	56
0.6804123711340206	0.5	97
0.625	0.6	112
0.6791044776119403	0.7	134
0.6724137931034483	0.8	116
0.8735632183908046	0.9	87
0.8214285714285714	1.0	28
0.0	0.1	3
0.3076923076923077	0.2	13
0.5294117647058824	0.3	34
0.5909090909090909	0.4	66
0.6947368421052632	0.5	95
0.631578947368421	0.6	114
0.6475409836065574	0.7	122
0.75	0.8	108
0.7752808988764045	0.9	89
0.8055555555555556	1.0	36
0.25	0.1	4
0.2222222222222222	0.2	9
0.5357142857142857	0.3	28
0.5833333333333334	0.4	60
0.6371681415929203	0.5	113
0.6491228070175439	0.6	114
0.6782608695652174	0.7	115
0.6956521739130435	0.8	115
0.8602150537634409	0.9	93
0.6896551724137931	1.0	29
0.0	0.1	2
0.25	0.2	16
0.5555555555555556	0.3	36
0.6515151515151515	0.4	66
0.632183908045977	0.5	87
0.6341463414634146	0.6	123
0.6171875	0.7	128
0.7711864406779662	0.8	118
0.8533333333333334	0.9	75
0.7931034482758621	1.0	29
0.0	0.1	3
0.2	0.2	10
0.5714285714285714	0.3	35
0.5942028985507246	0.4	69
0.6428571428571429	0.5	98
0.6696428571428571	0.6	112
0.6194029850746269	0.7	134
0.7522935779816514	0.8	109
0.8554216867469879	0.9	83
0.7407407407407407	1.0	27
0.0	0.1	2
0.35294117647058826	0.2	17
0.5555555555555556	0.3	45
0.5441176470588235	0.4	68
0.7127659574468085	0.5	94
0.6194690265486725	0.6	113
0.6141732283464567	0.7	127
0.7830188679245284	0.8	106
0.8860759493670886	0.9	79
0.7241379310344828	1.0	29
0.0	0.0	1
0.0	0.1	1
0.3	0.2	10
0.5675675675675675	0.3	37
0.5757575757575758	0.4	66
0.5888888888888889	0.5	90
0.6574074074074074	0.6	108
0.6240601503759399	0.7	133
0.7704918032786885	0.8	122
0.8588235294117647	0.9	85
0.7777777777777778	1.0	27
0.0	0.1	2
0.4166666666666667	0.2	12
0.5517241379310345	0.3	29
0.532258064516129	0.4	62
0.625	0.5	104
0.6293103448275862	0.6	116
0.6864406779661016	0.7	118
0.7272727272727273	0.8	121
0.8271604938271605	0.9	81
0.8285714285714286	1.0	35
0.0	0.1	2
0.14285714285714285	0.2	14
0.627906976744186	0.3	43
0.6379310344827587	0.4	58
0.625	0.5	104
0.6330275229357798	0.6	109
0.632	0.7	125
0.7647058823529411	0.8	119
0.8227848101265823	0.9	79
0.8148148148148148	1.0	27
0.0	0.0	1
0.0	0.1	1
0.3076923076923077	0.2	13
0.5	0.3	34
0.5774647887323944	0.4	71
0.6907216494845361	0.5	97
0.6	0.6	115
0.6307692307692307	0.7	130
0.8034188034188035	0.8	117
0.821917808219178	0.9	73
0.8214285714285714	1.0	28
0.0	0.1	3
0.3333333333333333	0.2	6
0.48717948717948717	0.3	39
0.6231884057971014	0.4	69
0.625	0.5	96
0.6074766355140186	0.6	107
0.6614173228346457	0.7	127
0.7459016393442623	0.8	122
0.8536585365853658	0.9	82
0.7931034482758621	1.0	29
0.0	0.1	3
0.3076923076923077	0.2	13
0.52	0.3	25
0.6129032258064516	0.4	62
0.6470588235294118	0.5	85
0.6377952755905512	0.6	127
0.6216216216216216	0.7	111
0.7578125	0.8	128
0.7938144329896907	0.9	97
0.7931034482758621	1.0	29
0.0	0.0	1
0.0	0.1	3
0.42857142857142855	0.2	14
0.5161290322580645	0.3	31
0.6290322580645161	0.4	62
0.6363636363636364	0.5	99
0.6272727272727273	0.6	110
0.6492537313432836	0.7	134
0.7281553398058253	0.8	103
0.8461538461538461	0.9	91
0.78125	1.0	32
0.0	0.0	1
0.0	0.1	1
0.35714285714285715	0.2	14
0.46153846153846156	0.3	26
0.6129032258064516	0.4	62
0.5922330097087378	0.5	103
0.6666666666666666	0.6	111
0.6166666666666667	0.7	120
0.7410714285714286	0.8	112
0.8585858585858586	0.9	99
0.8064516129032258	1.0	31
0.25	0.1	4
0.2222222222222222	0.2	9
0.5	0.3	32
0.6	0.4	70
0.6823529411764706	0.5	85
0.6260162601626016	0.6	123
0.6071428571428571	0.7	112
0.7419354838709677	0.8	124
0.8470588235294118	0.9	85
0.8055555555555556	1.0	36
0.0	0.1	2
0.26666666666666666	0.2	15
0.5294117647058824	0.3	34
0.671875	0.4	64
0.6020408163265306	0.5	98
0.6576576576576577	0.6	111
0.6299212598425197	0.7	127
0.7692307692307693	0.8	117
0.8048780487804879	0.9	82
0.8	1.0	30
0.25	0.1	4
0.2	0.2	5
0.4878048780487805	0.3	41
0.6181818181818182	0.4	55
0.6373626373626373	0.5	91
0.6611570247933884	0.6	121
0.6347826086956522	0.7	115
0.7258064516129032	0.8	124
0.8085106382978723	0.9	94
0.8	1.0	30
0.25	0.1	4
0.16666666666666666	0.2	12
0.6060606060606061	0.3	33
0.5942028985507246	0.4	69
0.6880733944954128	0.5	109
0.5728155339805825	0.6	103
0.6260869565217392	0.7	115
0.7622950819672131	0.8	122
0.8518518518518519	0.9	81
0.78125	1.0	32
0.4	0.1	5
0.125	0.2	8
0.5476190476190477	0.3	42
0.5689655172413793	0.4	58
0.6483516483516484	0.5	91
0.65	0.6	120
0.6183206106870229	0.7	131
0.7727272727272727	0.8	110
0.8192771084337349	0.9	83
0.84375	1.0	32
0.0	0.1	2
0.2857142857142857	0.2	7
0.48484848484848486	0.3	33
0.5517241379310345	0.4	58
0.6263736263736264	0.5	91
0.6666666666666666	0.6	108
0.6917293233082706	0.7	133
0.6692913385826772	0.8	127
0.8617021276595744	0.9	94
0.7407407407407407	1.0	27
0.16666666666666666	0.1	6
0.4444444444444444	0.2	9
0.475	0.3	40
0.6176470588235294	0.4	68
0.6630434782608695	0.5	92
0.5740740740740741	0.6	108
0.68	0.7	125
0.7606837606837606	0.8	117
0.8222222222222222	0.9	90
0.8	1.0	25
0.3333333333333333	0.1	3
0.125	0.2	8
0.6296296296296297	0.3	27
0.5522388059701493	0.4	67
0.6382978723404256	0.5	94
0.6134453781512605	0.6	119
0.6771653543307087	0.7	127
0.7355371900826446	0.8	121
0.8314606741573034	0.9	89
0.76	1.0	25
0.0	0.0	1
0.0	0.1	1
0.2727272727272727	0.2	11
0.4594594594594595	0.3	37
0.676923076923077	0.4	65
0.6	0.5	90
0.6386554621848739	0.6	119
0.6428571428571429	0.7	126
0.7734375	0.8	128
0.8266666666666667	0.9	75
0.7777777777777778	1.0	27
0.3333333333333333	0.1	6
0.16666666666666666	0.2	12
0.6046511627906976	0.3	43
0.6181818181818182	0.4	55
0.6486486486486487	0.5	111
0.6261682242990654	0.6	107
0.6129032258064516	0.7	124
0.7678571428571429	0.8	112
0.8433734939759037	0.9	83
0.8148148148148148	1.0	27
0.0	0.0	1
0.0	0.1	2
0.36363636363636365	0.2	11
0.5128205128205128	0.3	39
0.5625	0.4	64
0.673469387755102	0.5	98
0.6285714285714286	0.6	105
0.675	0.7	120
0.7049180327868853	0.8	122
0.8461538461538461	0.9	91
0.7777777777777778	1.0	27
0.0	0.1	2
0.35714285714285715	0.2	14
0.5	0.3	34
0.609375	0.4	64
0.62	0.5	100
0.6194690265486725	0.6	113
0.6810344827586207	0.7	116
0.7380952380952381	0.8	126
0.8352941176470589	0.9	85
0.8076923076923077	1.0	26
0.0	0.1	3
0.5	0.2	8
0.375	0.3	24
0.6031746031746031	0.4	63
0.6285714285714286	0.5	105
0.6336633663366337	0.6	101
0.6240601503759399	0.7	133
0.8	0.8	125
0.7865168539325843	0.9	89
0.7931034482758621	1.0	29
0.0	0.1	2
0.45454545454545453	0.2	11
0.425	0.3	40
0.66	0.4	50
0.5913978494623656	0.5	93
0.6724137931034483	0.6	116
0.6417910447761194	0.7	134
0.744	0.8	125
0.8375	0.9	80
0.7931034482758621	1.0	29
0.3333333333333333	0.1	3
0.25	0.2	8
0.4642857142857143	0.3	28
0.603448275862069	0.4	58
0.6210526315789474	0.5	95
0.6587301587301587	0.6	126
0.6638655462184874	0.7	119
0.6929133858267716	0.8	127
0.8522727272727273	0.9	88
0.7857142857142857	1.0	28
0.0	0.1	4
0.75	0.2	4
0.4444444444444444	0.3	36
0.5666666666666667	0.4	60
0.7380952380952381	0.5	84
0.5984251968503937	0.6	127
0.6220472440944882	0.7	127
0.768595041322314	0.8	121
0.8181818181818182	0.9	88
0.7586206896551724	1.0	29
0.25	0.1	4
0.3	0.2	10
0.4864864864864865	0.3	37
0.6428571428571429	0.4	70
0.6	0.5	75
0.6147540983606558	0.6	122
0.688	0.7	125
0.7416666666666667	0.8	120
0.813953488372093	0.9	86
0.8064516129032258	1.0	31
0.3333333333333333	0.1	3
0.25	0.2	8
0.5277777777777778	0.3	36
0.5733333333333334	0.4	75
0.6705882352941176	0.5	85
0.6538461538461539	0.6	130
0.5950413223140496	0.7	121
0.7786885245901639	0.8	122
0.8378378378378378	0.9	74
0.8076923076923077	1.0	26
0.25	0.1	4
0.25	0.2	4
0.5625	0.3	32
0.5333333333333333	0.4	60
0.6060606060606061	0.5	99
0.6869565217391305	0.6	115
0.6356589147286822	0.7	129
0.7226890756302521	0.8	119
0.8333333333333334	0.9	84
0.8235294117647058	1.0	34
0.3333333333333333	0.1	6
0.25	0.2	8
0.4375	0.3	32
0.6329113924050633	0.4	79
0.6262626262626263	0.5	99
0.6407766990291263	0.6	103
0.6384615384615384	0.7	130
0.7767857142857143	0.8	112
0.8271604938271605	0.9	81
0.8	1.0	30
0.25	0.1	4
0.3333333333333333	0.2	9
0.3939393939393939	0.3	33
0.6515151515151515	0.4	66
0.62	0.5	100
0.6106194690265486	0.6	113
0.7043478260869566	0.7	115
0.7164179104477612	0.8	134
0.8765432098765432	0.9	81
0.72	1.0	25
0.0	0.1	3
0.42857142857142855	0.2	7
0.5294117647058824	0.3	34
0.5344827586206896	0.4	58
0.6236559139784946	0.5	93
0.711864406779661	0.6	118
0.6302521008403361	0.7	119
0.7230769230769231	0.8	130
0.8	0.9	90
0.7857142857142857	1.0	28
0.2	0.1	5
0.2727272727272727	0.2	11
0.5454545454545454	0.3	33
0.6785714285714286	0.4	56
0.6326530612244898	0.5	98
0.6146788990825688	0.6	109
0.6416666666666667	0.7	120
0.7235772357723578	0.8	123
0.8111111111111111	0.9	90
0.8285714285714286	1.0	35
0.3333333333333333	0.1	3
0.2727272727272727	0.2	11
0.5	0.3	42
0.5932203389830508	0.4	59
0.648936170212766	0.5	94
0.6347826086956522	0.6	115
0.6190476190476191	0.7	105
0.7741935483870968	0.8	124
0.7752808988764045	0.9	89
0.868421052631579	1.0	38
0.25	0.1	4
0.3333333333333333	0.2	12
0.4722222222222222	0.3	36
0.6176470588235294	0.4	68
0.6666666666666666	0.5	90
0.6517857142857143	0.6	112
0.628099173553719	0.7	121
0.7372881355932204	0.8	118
0.8241758241758241	0.9	91
0.7857142857142857	1.0	28
0.0	0.0	1
0.0	0.1	2
0.25	0.2	8
0.5277777777777778	0.3	36
0.5892857142857143	0.4	56
0.6021505376344086	0.5	93
0.6371681415929203	0.6	113
0.6694915254237288	0.7	118
0.7131147540983607	0.8	122
0.8295454545454546	0.9	88
0.8372093023255814	1.0	43
0.0	0.0	1
0.5	0.1	2
0.23076923076923078	0.2	13
0.5625	0.3	32
0.6190476190476191	0.4	63
0.6132075471698113	0.5	106
0.6302521008403361	0.6	119
0.6557377049180327	0.7	122
0.7747747747747747	0.8	111
0.813953488372093	0.9	86
0.8	1.0	25
0.25	0.1	4
0.4	0.2	10
0.5555555555555556	0.3	27
0.5757575757575758	0.4	66
0.5934065934065934	0.5	91
0.7053571428571429	0.6	112
0.5862068965517241	0.7	116
0.7611940298507462	0.8	134
0.8160919540229885	0.9	87
0.7575757575757576	1.0	33
0.3333333333333333	0.1	3
0.25	0.2	12
0.48148148148148145	0.3	27
0.5901639344262295	0.4	61
0.6292134831460674	0.5	89
0.6504854368932039	0.6	103
0.6617647058823529	0.7	136
0.7338129496402878	0.8	139
0.8352941176470589	0.9	85
0.72	1.0	25
0.0	0.1	4
0.4	0.2	10
0.46875	0.3	32
0.6065573770491803	0.4	61
0.6534653465346535	0.5	101
0.6105263157894737	0.6	95
0.6290322580645161	0.7	124
0.7777777777777778	0.8	117
0.7961165048543689	0.9	103
0.7878787878787878	1.0	33
0.0	0.1	2
0.14285714285714285	0.2	7
0.5483870967741935	0.3	31
0.55	0.4	60
0.6741573033707865	0.5	89
0.6491228070175439	0.6	114
0.6165413533834586	0.7	133
0.7478991596638656	0.8	119
0.8020833333333334	0.9	96
0.8275862068965517	1.0	29
0.0	0.1	4
0.5	0.2	6
0.39473684210526316	0.3	38
0.6764705882352942	0.4	68
0.5913978494623656	0.5	93
0.625	0.6	112
0.6557377049180327	0.7	122
0.7741935483870968	0.8	124
0.813953488372093	0.9	86
0.8148148148148148	1.0	27
0.25	0.1	4
0.45454545454545453	0.2	11
0.5277777777777778	0.3	36
0.5423728813559322	0.4	59
0.6391752577319587	0.5	97
0.6699029126213593	0.6	103
0.648	0.7	125
0.732824427480916	0.8	131
0.8117647058823529	0.9	85
0.7931034482758621	1.0	29
0.0	0.1	2
0.5	0.2	12
0.4444444444444444	0.3	36
0.6101694915254238	0.4	59
0.6022727272727273	0.5	88
0.6422018348623854	0.6	109
0.6694915254237288	0.7	118
0.7333333333333333	0.8	135
0.8021978021978022	0.9	91
0.8333333333333334	1.0	30
0.0	0.1	5
0.4444444444444444	0.2	9
0.5	0.3	28
0.5846153846153846	0.4	65
0.6956521739130435	0.5	92
0.6212121212121212	0.6	132
0.6194690265486725	0.7	113
0.7477477477477478	0.8	111
0.8241758241758241	0.9	91
0.7941176470588235	1.0	34
0.2	0.1	5
0.2	0.2	5
0.5526315789473685	0.3	38
0.5967741935483871	0.4	62
0.59375	0.5	96
0.6637168141592921	0.6	113
0.6451612903225806	0.7	124
0.7310924369747899	0.8	119
0.8461538461538461	0.9	91
0.7777777777777778	1.0	27
0.3333333333333333	0.1	3
0.2222222222222222	0.2	9
0.4864864864864865	0.3	37
0.5692307692307692	0.4	65
0.6568627450980392	0.5	102
0.6115702479338843	0.6	121
0.6581196581196581	0.7	117
0.7692307692307693	0.8	117
0.8488372093023255	0.9	86
0.782608695652174	1.0	23
0.3333333333333333	0.1	3
0.36363636363636365	0.2	11
0.45161290322580644	0.3	31
0.59375	0.4	64
0.651685393258427	0.5	89
0.6153846153846154	0.6	104
0.6641221374045801	0.7	131
0.711864406779661	0.8	118
0.845360824742268	0.9	97
0.78125	1.0	32
0.3333333333333333	0.1	3
0.23076923076923078	0.2	13
0.5588235294117647	0.3	34
0.639344262295082	0.4	61
0.5957446808510638	0.5	94
0.6578947368421053	0.6	114
0.675	0.7	120
0.7	0.8	120
0.8333333333333334	0.9	90
0.7741935483870968	1.0	31
0.0	0.1	4
0.2857142857142857	0.2	14
0.6097560975609756	0.3	41
0.5714285714285714	0.4	63
0.6344086021505376	0.5	93
0.6607142857142857	0.6	112
0.6370370370370371	0.7	135
0.7391304347826086	0.8	115
0.88	0.9	75
0.7857142857142857	1.0	28
0.0	0.0	1
0.0	0.1	3
0.6666666666666666	0.2	9
0.5151515151515151	0.3	33
0.5818181818181818	0.4	55
0.5578947368421052	0.5	95
0.6585365853658537	0.6	123
0.6481481481481481	0.7	108
0.762962962962963	0.8	135
0.7931034482758621	0.9	87
0.8387096774193549	1.0	31
0.0	0.1	2
0.7142857142857143	0.2	7
0.3125	0.3	32
0.6607142857142857	0.4	56
0.6095238095238096	0.5	105
0.6542056074766355	0.6	107
0.5803571428571429	0.7	112
0.753731343283582	0.8	134
0.8444444444444444	0.9	90
0.8285714285714286	1.0	35
0.0	0.1	2
0.4444444444444444	0.2	9
0.4	0.3	30
0.589041095890411	0.4	73
0.6595744680851063	0.5	94
0.6754385964912281	0.6	114
0.584	0.7	125
0.8070175438596491	0.8	114
0.7647058823529411	0.9	85
0.8529411764705882	1.0	34
0.25	0.1	8
0.42857142857142855	0.2	7
0.5428571428571428	0.3	35
0.660377358490566	0.4	53
0.59375	0.5	96
0.6456692913385826	0.6	127
0.6363636363636364	0.7	121
0.7280701754385965	0.8	114
0.8494623655913979	0.9	93
0.7692307692307693	1.0	26
0.0	0.1	2
0.3333333333333333	0.2	12
0.46875	0.3	32
0.7192982456140351	0.4	57
0.5961538461538461	0.5	104
0.5862068965517241	0.6	116
0.671875	0.7	128
0.784	0.8	125
0.7901234567901234	0.9	81
0.8260869565217391	1.0	23
0.0	0.1	2
0.25	0.2	8
0.5806451612903226	0.3	31
0.5689655172413793	0.4	58
0.6391752577319587	0.5	97
0.6311475409836066	0.6	122
0.6311475409836066	0.7	122
0.7416666666666667	0.8	120
0.8387096774193549	0.9	93
0.7777777777777778	1.0	27
0.0	0.1	2
0.18181818181818182	0.2	11
0.48	0.3	25
0.6619718309859155	0.4	71
0.6792452830188679	0.5	106
0.5242718446601942	0.6	103
0.6864406779661016	0.7	118
0.7168141592920354	0.8	113
0.8316831683168316	0.9	101
0.8	1.0	30
0.0	0.1	4
0.42857142857142855	0.2	14
0.6086956521739131	0.3	46
0.5846153846153846	0.4	65
0.6504854368932039	0.5	103
0.5833333333333334	0.6	108
0.6574074074074074	0.7	108
0.7603305785123967	0.8	121
0.8518518518518519	0.9	81
0.7666666666666667	1.0	30
0.3333333333333333	0.1	3
0.36363636363636365	0.2	11
0.5151515151515151	0.3	33
0.5675675675675675	0.4	74
0.6597938144329897	0.5	97
0.6495726495726496	0.6	117
0.6299212598425197	0.7	127
0.7592592592592593	0.8	108
0.8333333333333334	0.9	78
0.8125	1.0	32
0.0	0.0	1
0.0	0.1	2
0.42857142857142855	0.2	14
0.46875	0.3	32
0.6438356164383562	0.4	73
0.6019417475728155	0.5	103
0.6129032258064516	0.6	93
0.6829268292682927	0.7	123
0.7142857142857143	0.8	119
0.8735632183908046	0.9	87
0.7575757575757576	1.0	33
0.0	0.1	6
0.5	0.2	16
0.4594594594594595	0.3	37
0.6164383561643836	0.4	73
0.6666666666666666	0.5	102
0.6237623762376238	0.6	101
0.6033057851239669	0.7	121
0.8017241379310345	0.8	116
0.8481012658227848	0.9	79
0.7931034482758621	1.0	29
0.0	0.1	3
0.4	0.2	15
0.5	0.3	30
0.639344262295082	0.4	61
0.625	0.5	104
0.6370967741935484	0.6	124
0.6339285714285714	0.7	112
0.752	0.8	125
0.8421052631578947	0.9	76
0.8	1.0	30
0.2	0.1	5
0.4	0.2	10
0.5135135135135135	0.3	37
0.6153846153846154	0.4	65
0.6699029126213593	0.5	103
0.6120689655172413	0.6	116
0.6229508196721312	0.7	122
0.7706422018348624	0.8	109
0.8369565217391305	0.9	92
0.7619047619047619	1.0	21
0.0	0.1	3
0.4	0.2	15
0.43333333333333335	0.3	30
0.6617647058823529	0.4	68
0.696969696969697	0.5	99
0.5775862068965517	0.6	116
0.6306306306306306	0.7	111
0.7521367521367521	0.8	117
0.8352941176470589	0.9	85
0.7777777777777778	1.0	36
0.2	0.1	5
0.3333333333333333	0.2	9
0.5	0.3	30
0.6	0.4	70
0.6444444444444445	0.5	90
0.6396396396396397	0.6	111
0.6666666666666666	0.7	126
0.7083333333333334	0.8	120
0.8409090909090909	0.9	88
0.7741935483870968	1.0	31
0.5	0.1	4
0.14285714285714285	0.2	7
0.5	0.3	34
0.6417910447761194	0.4	67
0.5930232558139535	0.5	86
0.6290322580645161	0.6	124
0.6554621848739496	0.7	119
0.7521367521367521	0.8	117
0.8	0.9	90
0.84375	1.0	32
0.0	0.1	3
0.46153846153846156	0.2	13
0.5	0.3	36
0.6133333333333333	0.4	75
0.625	0.5	96
0.6293103448275862	0.6	116
0.6216216216216216	0.7	111
0.7711864406779662	0.8	118
0.8433734939759037	0.9	83
0.8275862068965517	1.0	29
0.0	0.1	2
0.3333333333333333	0.2	12
0.4864864864864865	0.3	37
0.6101694915254238	0.4	59
0.6237623762376238	0.5	101
0.6782608695652174	0.6	115
0.6015625	0.7	128
0.7876106194690266	0.8	113
0.813953488372093	0.9	86
0.8148148148148148	1.0	27
0.0	0.1	3
0.3333333333333333	0.2	6
0.46875	0.3	32
0.6290322580645161	0.4	62
0.6179775280898876	0.5	89
0.6016949152542372	0.6	118
0.6864406779661016	0.7	118
0.75	0.8	132
0.7872340425531915	0.9	94
0.8076923076923077	1.0	26
0.0	0.0	1
0.3333333333333333	0.1	3
0.38461538461538464	0.2	13
0.47058823529411764	0.3	34
0.5576923076923077	0.4	52
0.6634615384615384	0.5	104
0.6698113207547169	0.6	106
0.6198347107438017	0.7	121
0.7521367521367521	0.8	117
0.8	0.9	100
0.7931034482758621	1.0	29
0.0	0.1	4
0.3333333333333333	0.2	12
0.5714285714285714	0.3	28
0.6166666666666667	0.4	60
0.6494845360824743	0.5	97
0.5643564356435643	0.6	101
0.6693548387096774	0.7	124
0.7037037037037037	0.8	135
0.8641975308641975	0.9	81
0.8421052631578947	1.0	38
0.2	0.1	5
0.36363636363636365	0.2	11
0.5	0.3	38
0.6417910447761194	0.4	67
0.6568627450980392	0.5	102
0.6052631578947368	0.6	114
0.5877192982456141	0.7	114
0.7948717948717948	0.8	117
0.8414634146341463	0.9	82
0.8333333333333334	1.0	30
0.0	0.1	3
0.3333333333333333	0.2	12
0.5	0.3	38
0.5882352941176471	0.4	68
0.7307692307692307	0.5	104
0.5765765765765766	0.6	111
0.625	0.7	112
0.7777777777777778	0.8	126
0.825	0.9	80
0.7692307692307693	1.0	26
0.0	0.1	3
0.3333333333333333	0.2	9
0.55	0.3	40
0.5846153846153846	0.4	65
0.6732673267326733	0.5	101
0.6037735849056604	0.6	106
0.6504065040650406	0.7	123
0.7355371900826446	0.8	121
0.8452380952380952	0.9	84
0.7857142857142857	1.0	28
0.0	0.1	3
0.38461538461538464	0.2	13
0.45	0.3	40
0.6515151515151515	0.4	66
0.6236559139784946	0.5	93
0.6391752577319587	0.6	97
0.656	0.7	125
0.744	0.8	125
0.8117647058823529	0.9	85
0.8181818181818182	1.0	33
0.2857142857142857	0.1	7
0.26666666666666666	0.2	15
0.4827586206896552	0.3	29
0.6304347826086957	0.4	46
0.6355140186915887	0.5	107
0.6422018348623854	0.6	109
0.6240601503759399	0.7	133
0.7619047619047619	0.8	126
0.8625	0.9	80
0.7857142857142857	1.0	28
0.0	0.0	1
0.3333333333333333	0.1	3
0.16666666666666666	0.2	6
0.3939393939393939	0.3	33
0.5769230769230769	0.4	52
0.71	0.5	100
0.6057692307692307	0.6	104
0.6283783783783784	0.7	148
0.7565217391304347	0.8	115
0.8539325842696629	0.9	89
0.7586206896551724	1.0	29
0.0	0.1	3
0.16666666666666666	0.2	6
0.46153846153846156	0.3	39
0.5918367346938775	0.4	49
0.6666666666666666	0.5	111
0.5904761904761905	0.6	105
0.6791044776119403	0.7	134
0.7102803738317757	0.8	107
0.8555555555555555	0.9	90
0.8055555555555556	1.0	36
0.0	0.1	2
0.2	0.2	10
0.5416666666666666	0.3	24
0.6129032258064516	0.4	62
0.6363636363636364	0.5	99
0.6491228070175439	0.6	114
0.6328125	0.7	128
0.7384615384615385	0.8	130
0.8160919540229885	0.9	87
0.7916666666666666	1.0	24
0.0	0.1	3
0.3333333333333333	0.2	12
0.48484848484848486	0.3	33
0.6029411764705882	0.4	68
0.6509433962264151	0.5	106
0.6697247706422018	0.6	109
0.625	0.7	120
0.7480314960629921	0.8	127
0.8589743589743589	0.9	78
0.7083333333333334	1.0	24
0.0	0.1	2
0.42857142857142855	0.2	7
0.4444444444444444	0.3	27
0.53125	0.4	64
0.6923076923076923	0.5	91
0.6153846153846154	0.6	117
0.6323529411764706	0.7	136
0.7559055118110236	0.8	127
0.85	0.9	80
0.7931034482758621	1.0	29
0.25	0.1	4
0.47058823529411764	0.2	17
0.525	0.3	40
0.6290322580645161	0.4	62
0.5765765765765766	0.5	111
0.660377358490566	0.6	106
0.6826923076923077	0.7	104
0.7355371900826446	0.8	121
0.8255813953488372	0.9	86
0.7931034482758621	1.0	29
0.0	0.0	1
0.0	0.1	1
0.4666666666666667	0.2	15
0.3939393939393939	0.3	33
0.6	0.4	55
0.6836734693877551	0.5	98
0.6396396396396397	0.6	111
0.6017699115044248	0.7	113
0.7419354838709677	0.8	124
0.84	0.9	100
0.7586206896551724	1.0	29
0.0	0.1	2
0.25	0.2	4
0.5405405405405406	0.3	37
0.5714285714285714	0.4	63
0.6666666666666666	0.5	90
0.6574074074074074	0.6	108
0.6044776119402985	0.7	134
0.7570093457943925	0.8	107
0.79	0.9	100
0.8	1.0	35
0.25	0.1	4
0.36363636363636365	0.2	11
0.4444444444444444	0.3	36
0.6065573770491803	0.4	61
0.6145833333333334	0.5	96
0.6902654867256637	0.6	113
0.6140350877192983	0.7	114
0.7317073170731707	0.8	123
0.8409090909090909	0.9	88
0.8235294117647058	1.0	34
0.25	0.1	4
0.3333333333333333	0.2	15
0.6176470588235294	0.3	34
0.5555555555555556	0.4	72
0.6555555555555556	0.5	90
0.6371681415929203	0.6	113
0.6410256410256411	0.7	117
0.7479674796747967	0.8	123
0.8205128205128205	0.9	78
0.8235294117647058	1.0	34
0.0	0.1	3
0.5555555555555556	0.2	9
0.4838709677419355	0.3	31
0.5573770491803278	0.4	61
0.648936170212766	0.5	94
0.639344262295082	0.6	122
0.6363636363636364	0.7	110
0.7540983606557377	0.8	122
0.8061224489795918	0.9	98
0.7666666666666667	1.0	30
0.0	0.1	3
0.3333333333333333	0.2	12
0.5	0.3	42
0.6031746031746031	0.4	63
0.7127659574468085	0.5	94
0.5853658536585366	0.6	123
0.6239316239316239	0.7	117
0.7844827586206896	0.8	116
0.8518518518518519	0.9	81
0.7586206896551724	1.0	29
0.0	0.1	2
0.25	0.2	12
0.5405405405405406	0.3	37
0.5535714285714286	0.4	56
0.7023809523809523	0.5	84
0.6083333333333333	0.6	120
0.6842105263157895	0.7	133
0.6964285714285714	0.8	112
0.8295454545454546	0.9	88
0.8055555555555556	1.0	36
0.0	0.1	2
0.4	0.2	10
0.47619047619047616	0.3	42
0.6724137931034483	0.4	58
0.6470588235294118	0.5	102
0.6495726495726496	0.6	117
0.6	0.7	120
0.7606837606837606	0.8	117
0.7866666666666666	0.9	75
0.8648648648648649	1.0	37
0.0	0.1	3
0.25	0.2	8
0.5172413793103449	0.3	29
0.5970149253731343	0.4	67
0.5903614457831325	0.5	83
0.7339449541284404	0.6	109
0.6176470588235294	0.7	136
0.7165354330708661	0.8	127
0.8314606741573034	0.9	89
0.7586206896551724	1.0	29
0.25	0.1	4
0.2	0.2	10
0.4838709677419355	0.3	31
0.6447368421052632	0.4	76
0.6555555555555556	0.5	90
0.5904761904761905	0.6	105
0.6592592592592592	0.7	135
0.7478260869565218	0.8	115
0.8313253012048193	0.9	83
0.8064516129032258	1.0	31
0.25	0.1	4
0.36363636363636365	0.2	11
0.4583333333333333	0.3	24
0.5757575757575758	0.4	66
0.6395348837209303	0.5	86
0.6448598130841121	0.6	107
0.6791044776119403	0.7	134
0.6850393700787402	0.8	127
0.8461538461538461	0.9	91
0.8	1.0	30
0.16666666666666666	0.1	6
1.0	0.2	5
0.3448275862068966	0.3	29
0.625	0.4	72
0.6125	0.5	80
0.6229508196721312	0.6	122
0.7022900763358778	0.7	131
0.6885245901639344	0.8	122
0.8488372093023255	0.9	86
0.8148148148148148	1.0	27
0.0	0.1	3
0.42857142857142855	0.2	7
0.40625	0.3	32
0.6290322580645161	0.4	62
0.6595744680851063	0.5	94
0.6122448979591837	0.6	98
0.6541353383458647	0.7	133
0.7251908396946565	0.8	131
0.8170731707317073	0.9	82
0.8157894736842105	1.0	38
0.25	0.1	4
0.2222222222222222	0.2	9
0.5142857142857142	0.3	35
0.546875	0.4	64
0.6666666666666666	0.5	105
0.6666666666666666	0.6	117
0.6198347107438017	0.7	121
0.768595041322314	0.8	121
0.825	0.9	80
0.7916666666666666	1.0	24
0.0	0.1	2
0.36363636363636365	0.2	11
0.4444444444444444	0.3	27
0.6	0.4	65
0.6631578947368421	0.5	95
0.5630252100840336	0.6	119
0.6984126984126984	0.7	126
0.7364341085271318	0.8	129
0.8481012658227848	0.9	79
0.8148148148148148	1.0	27
0.3333333333333333	0.1	3
0.3076923076923077	0.2	13
0.4594594594594595	0.3	37
0.6615384615384615	0.4	65
0.6019417475728155	0.5	103
0.6698113207547169	0.6	106
0.6384615384615384	0.7	130
0.7545454545454545	0.8	110
0.8333333333333334	0.9	84
0.7931034482758621	1.0	29
0.0	0.0	1
0.0	0.1	3
0.5714285714285714	0.2	7
0.38461538461538464	0.3	39
0.6607142857142857	0.4	56
0.6470588235294118	0.5	102
0.6435643564356436	0.6	101
0.6165413533834586	0.7	133
0.717948717948718	0.8	117
0.8681318681318682	0.9	91
0.8333333333333334	1.0	30
0.25	0.1	4
0.4166666666666667	0.2	12
0.48148148148148145	0.3	27
0.6065573770491803	0.4	61
0.6086956521739131	0.5	92
0.628099173553719	0.6	121
0.6875	0.7	128
0.7131782945736435	0.8	129
0.8536585365853658	0.9	82
0.7916666666666666	1.0	24
0.0	0.0	1
0.25	0.1	4
0.25	0.2	8
0.4772727272727273	0.3	44
0.640625	0.4	64
0.6024096385542169	0.5	83
0.6869565217391305	0.6	115
0.6532258064516129	0.7	124
0.7142857142857143	0.8	112
0.8181818181818182	0.9	88
0.8108108108108109	1.0	37
0.25	0.1	4
0.2727272727272727	0.2	11
0.5517241379310345	0.3	29
0.5833333333333334	0.4	72
0.6111111111111112	0.5	90
0.6666666666666666	0.6	111
0.6178861788617886	0.7	123
0.7264957264957265	0.8	117
0.8586956521739131	0.9	92
0.8387096774193549	1.0	31
0.0	0.1	4
0.2727272727272727	0.2	11
0.5151515151515151	0.3	33
0.6129032258064516	0.4	62
0.6914893617021277	0.5	94
0.603448275862069	0.6	116
0.6115702479338843	0.7	121
0.7615384615384615	0.8	130
0.8518518518518519	0.9	81
0.7857142857142857	1.0	28
0.5	0.1	4
0.2	0.2	5
0.5161290322580645	0.3	31
0.4782608695652174	0.4	69
0.7373737373737373	0.5	99
0.5769230769230769	0.6	104
0.6693548387096774	0.7	124
0.7364341085271318	0.8	129
0.8160919540229885	0.9	87
0.8214285714285714	1.0	28
0.0	0.0	1
0.0	0.1	1
0.42857142857142855	0.2	14
0.5	0.3	46
0.6323529411764706	0.4	68
0.6354166666666666	0.5	96
0.6238532110091743	0.6	109
0.6129032258064516	0.7	124
0.7931034482758621	0.8	116
0.8536585365853658	0.9	82
0.782608695652174	1.0	23
0.25	0.1	4
0.09090909090909091	0.2	11
0.5142857142857142	0.3	35
0.6438356164383562	0.4	73
0.6853932584269663	0.5	89
0.6260162601626016	0.6	123
0.6440677966101694	0.7	118
0.7372881355932204	0.8	118
0.8235294117647058	0.9	85
0.7916666666666666	1.0	24
0.3333333333333333	0.1	3
0.2727272727272727	0.2	11
0.4864864864864865	0.3	37
0.5588235294117647	0.4	68
0.7181818181818181	0.5	110
0.6181818181818182	0.6	110
0.6178861788617886	0.7	123
0.7456140350877193	0.8	114
0.8888888888888888	0.9	81
0.7391304347826086	1.0	23
0.0	0.1	4
0.3	0.2	10
0.6206896551724138	0.3	29
0.5753424657534246	0.4	73
0.673469387755102	0.5	98
0.6388888888888888	0.6	108
0.6343283582089553	0.7	134
0.7203389830508474	0.8	118
0.8571428571428571	0.9	77
0.7931034482758621	1.0	29
0.3333333333333333	0.1	6
0.36363636363636365	0.2	11
0.5	0.3	26
0.6060606060606061	0.4	66
0.6333333333333333	0.5	90
0.625	0.6	112
0.6694214876033058	0.7	121
0.7049180327868853	0.8	122
0.8404255319148937	0.9	94
0.78125	1.0	32
0.3333333333333333	0.1	3
0.16666666666666666	0.2	6
0.4	0.3	35
0.625	0.4	64
0.6195652173913043	0.5	92
0.6902654867256637	0.6	113
0.6220472440944882	0.7	127
0.7226890756302521	0.8	119
0.8333333333333334	0.9	90
0.8387096774193549	1.0	31
0.0	0.1	2
0.4	0.2	10
0.5454545454545454	0.3	33
0.6060606060606061	0.4	66
0.6164383561643836	0.5	73
0.584	0.6	125
0.6967213114754098	0.7	122
0.7380952380952381	0.8	126
0.8089887640449438	0.9	89
0.7941176470588235	1.0	34
0.0	0.1	3
0.4375	0.2	16
0.4722222222222222	0.3	36
0.7017543859649122	0.4	57
0.5918367346938775	0.5	98
0.6212121212121212	0.6	132
0.6697247706422018	0.7	109
0.7480314960629921	0.8	127
0.8405797101449275	0.9	69
0.8181818181818182	1.0	33
0.0	0.1	2
0.25	0.2	4
0.48	0.3	25
0.5964912280701754	0.4	57
0.59375	0.5	96
0.6818181818181818	0.6	110
0.5846153846153846	0.7	130
0.7952755905511811	0.8	127
0.776595744680851	0.9	94
0.8	1.0	35
0.0	0.0	2
0.0	0.1	1
0.4166666666666667	0.2	12
0.5	0.3	26
0.5967741935483871	0.4	62
0.65	0.5	100
0.5943396226415094	0.6	106
0.6693548387096774	0.7	124
0.7192982456140351	0.8	114
0.8118811881188119	0.9	101
0.84375	1.0	32
0.0	0.1	3
0.2727272727272727	0.2	11
0.6129032258064516	0.3	31
0.5671641791044776	0.4	67
0.6526315789473685	0.5	95
0.6528925619834711	0.6	121
0.6349206349206349	0.7	126
0.7327586206896551	0.8	116
0.8292682926829268	0.9	82
0.8214285714285714	1.0	28
0.3333333333333333	0.1	3
0.2857142857142857	0.2	14
0.5238095238095238	0.3	42
0.6388888888888888	0.4	72
0.6021505376344086	0.5	93
0.6636363636363637	0.6	110
0.6048387096774194	0.7	124
0.7863247863247863	0.8	117
0.8701298701298701	0.9	77
0.75	1.0	28
0.25	0.1	4
0.25	0.2	8
0.46875	0.3	32
0.5333333333333333	0.4	60
0.696078431372549	0.5	102
0.6551724137931034	0.6	116
0.6097560975609756	0.7	123
0.7457627118644068	0.8	118
0.8235294117647058	0.9	85
0.84375	1.0	32
0.0	0.0	1
0.6666666666666666	0.1	3
0.23076923076923078	0.2	13
0.5428571428571428	0.3	35
0.6166666666666667	0.4	60
0.6261682242990654	0.5	107
0.6371681415929203	0.6	113
0.6416666666666667	0.7	120
0.7394957983193278	0.8	119
0.8461538461538461	0.9	78
0.8387096774193549	1.0	31
0.0	0.0	1
0.25	0.1	4
0.42857142857142855	0.2	7
0.4864864864864865	0.3	37
0.5666666666666667	0.4	60
0.6702127659574468	0.5	94
0.6440677966101694	0.6	118
0.6666666666666666	0.7	108
0.6946564885496184	0.8	131
0.8421052631578947	0.9	95
0.76	1.0	25
0.5	0.1	2
0.16666666666666666	0.2	6
0.5172413793103449	0.3	29
0.5441176470588235	0.4	68
0.627906976744186	0.5	86
0.6509433962264151	0.6	106
0.6691176470588235	0.7	136
0.7364341085271318	0.8	129
0.8160919540229885	0.9	87
0.7419354838709677	1.0	31
0.16666666666666666	0.1	6
0.45454545454545453	0.2	11
0.525	0.3	40
0.6764705882352942	0.4	68
0.6333333333333333	0.5	90
0.5754716981132075	0.6	106
0.6641221374045801	0.7	131
0.7522123893805309	0.8	113
0.8395061728395061	0.9	81
0.7647058823529411	1.0	34
0.2857142857142857	0.1	7
0.5454545454545454	0.2	11
0.5428571428571428	0.3	35
0.5735294117647058	0.4	68
0.5975609756097561	0.5	82
0.6776859504132231	0.6	121
0.6693548387096774	0.7	124
0.6902654867256637	0.8	113
0.8539325842696629	0.9	89
0.7666666666666667	1.0	30
0.25	0.1	4
0.3076923076923077	0.2	13
0.6153846153846154	0.3	39
0.6	0.4	60
0.5795454545454546	0.5	88
0.7052631578947368	0.6	95
0.6330935251798561	0.7	139
0.7345132743362832	0.8	113
0.8061224489795918	0.9	98
0.7741935483870968	1.0	31
0.3333333333333333	0.1	3
0.4666666666666667	0.2	15
0.5142857142857142	0.3	35
0.5932203389830508	0.4	59
0.62	0.5	100
0.6396396396396397	0.6	111
0.6434108527131783	0.7	129
0.7518796992481203	0.8	133
0.8493150684931506	0.9	73
0.8181818181818182	1.0	22
0.2	0.1	5
0.25	0.2	4
0.4117647058823529	0.3	34
0.6567164179104478	0.4	67
0.6526315789473685	0.5	95
0.6101694915254238	0.6	118
0.6782608695652174	0.7	115
0.6752136752136753	0.8	117
0.8478260869565217	0.9	92
0.8484848484848485	1.0	33
0.5	0.1	2
0.3333333333333333	0.2	9
0.4166666666666667	0.3	36
0.5964912280701754	0.4	57
0.6542056074766355	0.5	107
0.6565656565656566	0.6	99
0.6290322580645161	0.7	124
0.751937984496124	0.8	129
0.8024691358024691	0.9	81
0.8055555555555556	1.0	36
0.3333333333333333	0.1	3
0.26666666666666666	0.2	15
0.5	0.3	38
0.6206896551724138	0.4	58
0.6521739130434783	0.5	92
0.6346153846153846	0.6	104
0.628099173553719	0.7	121
0.7674418604651163	0.8	129
0.8117647058823529	0.9	85
0.7714285714285715	1.0	35
0.0	0.1	4
0.3333333333333333	0.2	9
0.475	0.3	40
0.6271186440677966	0.4	59
0.6764705882352942	0.5	102
0.608	0.6	125
0.6440677966101694	0.7	118
0.7719298245614035	0.8	114
0.8292682926829268	0.9	82
0.7777777777777778	1.0	27
0.0	0.1	3
0.4	0.2	10
0.5454545454545454	0.3	22
0.5571428571428572	0.4	70
0.6777777777777778	0.5	90
0.6271186440677966	0.6	118
0.6148148148148148	0.7	135
0.7844827586206896	0.8	116
0.8202247191011236	0.9	89
0.7407407407407407	1.0	27
0.0	0.1	4
0.25	0.2	8
0.64	0.3	25
0.56	0.4	75
0.6363636363636364	0.5	110
0.6601941747572816	0.6	103
0.5963302752293578	0.7	109
0.7664233576642335	0.8	137
0.8354430379746836	0.9	79
0.7666666666666667	1.0	30
0.0	0.1	3
0.25	0.2	8
0.5384615384615384	0.3	39
0.6285714285714286	0.4	70
0.5833333333333334	0.5	84
0.648	0.6	125
0.6388888888888888	0.7	108
0.7338709677419355	0.8	124
0.8461538461538461	0.9	91
0.8214285714285714	1.0	28
0.25	0.1	4
0.36363636363636365	0.2	11
0.3870967741935484	0.3	31
0.65625	0.4	64
0.594059405940594	0.5	101
0.6495726495726496	0.6	117
0.6422764227642277	0.7	123
0.7456140350877193	0.8	114
0.8636363636363636	0.9	88
0.8148148148148148	1.0	27
0.25	0.1	4
0.1111111111111111	0.2	9
0.5227272727272727	0.3	44
0.603448275862069	0.4	58
0.6019417475728155	0.5	103
0.6634615384615384	0.6	104
0.7109375	0.7	128
0.7037037037037037	0.8	108
0.8241758241758241	0.9	91
0.7741935483870968	1.0	31
0.3333333333333333	0.1	3
0.2727272727272727	0.2	11
0.4583333333333333	0.3	24
0.6181818181818182	0.4	55
0.5697674418604651	0.5	86
0.675	0.6	120
0.6216216216216216	0.7	111
0.7152777777777778	0.8	144
0.8586956521739131	0.9	92
0.7941176470588235	1.0	34
0.3333333333333333	0.1	3
0.2857142857142857	0.2	14
0.5882352941176471	0.3	34
0.5882352941176471	0.4	68
0.6276595744680851	0.5	94
0.6146788990825688	0.6	109
0.6517857142857143	0.7	112
0.7575757575757576	0.8	132
0.8181818181818182	0.9	88
0.8076923076923077	1.0	26
0.0	0.1	3
0.36363636363636365	0.2	11
0.5	0.3	36
0.639344262295082	0.4	61
0.6060606060606061	0.5	99
0.6388888888888888	0.6	108
0.6504065040650406	0.7	123
0.7681159420289855	0.8	138
0.8108108108108109	0.9	74
0.7777777777777778	1.0	27
0.0	0.1	4
0.375	0.2	8
0.4358974358974359	0.3	39
0.6619718309859155	0.4	71
0.6111111111111112	0.5	90
0.6574074074074074	0.6	108
0.6328125	0.7	128
0.7520661157024794	0.8	121
0.8452380952380952	0.9	84
0.7777777777777778	1.0	27
0.2	0.1	5
0.4444444444444444	0.2	9
0.4482758620689655	0.3	29
0.6363636363636364	0.4	66
0.6236559139784946	0.5	93
0.6	0.6	115
0.6557377049180327	0.7	122
0.75	0.8	132
0.85	0.9	80
0.7931034482758621	1.0	29
0.25	0.1	4
0.1	0.2	10
0.6285714285714286	0.3	35
0.5373134328358209	0.4	67
0.7128712871287128	0.5	101
0.6060606060606061	0.6	99
0.59375	0.7	128
0.7589285714285714	0.8	112
0.8404255319148937	0.9	94
0.8333333333333334	1.0	30
0.25	0.1	4
0.14285714285714285	0.2	7
0.5357142857142857	0.3	28
0.6	0.4	55
0.6407766990291263	0.5	103
0.5948275862068966	0.6	116
0.6554621848739496	0.7	119
0.7090909090909091	0.8	110
0.85	0.9	100
0.8157894736842105	1.0	38
0.2	0.1	5
0.2857142857142857	0.2	7
0.53125	0.3	32
0.5846153846153846	0.4	65
0.6129032258064516	0.5	93
0.6470588235294118	0.6	119
0.5934959349593496	0.7	123
0.7739130434782608	0.8	115
0.8651685393258427	0.9	89
0.8125	1.0	32
0.0	0.1	3
0.2222222222222222	0.2	9
0.5675675675675675	0.3	37
0.6031746031746031	0.4	63
0.6504854368932039	0.5	103
0.6302521008403361	0.6	119
0.6015625	0.7	128
0.8034188034188035	0.8	117
0.8289473684210527	0.9	76
0.8	1.0	25
1.0	0.0	1
0.0	0.1	3
0.3333333333333333	0.2	6
0.3333333333333333	0.3	27
0.7049180327868853	0.4	61
0.6464646464646465	0.5	99
0.6048387096774194	0.6	124
0.6173913043478261	0.7	115
0.75	0.8	120
0.8279569892473119	0.9	93
0.8064516129032258	1.0	31
0.25	0.1	4
0.18181818181818182	0.2	11
0.5555555555555556	0.3	36
0.65625	0.4	64
0.6237623762376238	0.5	101
0.6033057851239669	0.6	121
0.6504854368932039	0.7	103
0.75	0.8	120
0.8255813953488372	0.9	86
0.8235294117647058	1.0	34
0.0	0.0	1
0.3333333333333333	0.1	3
0.2222222222222222	0.2	9
0.45454545454545453	0.3	33
0.59375	0.4	64
0.6853932584269663	0.5	89
0.6341463414634146	0.6	123
0.5765765765765766	0.7	111
0.7734375	0.8	128
0.8409090909090909	0.9	88
0.8064516129032258	1.0	31
0.16666666666666666	0.1	6
0.2727272727272727	0.2	11
0.48484848484848486	0.3	33
0.6376811594202898	0.4	69
0.6222222222222222	0.5	90
0.6186440677966102	0.6	118
0.652542372881356	0.7	118
0.7413793103448276	0.8	116
0.8651685393258427	0.9	89
0.8	1.0	30
0.3333333333333333	0.1	3
0.2	0.2	10
0.4375	0.3	32
0.6721311475409836	0.4	61
0.5730337078651685	0.5	89
0.6371681415929203	0.6	113
0.6935483870967742	0.7	124
0.7364341085271318	0.8	129
0.8131868131868132	0.9	91
0.75	1.0	28
0.3333333333333333	0.1	3
0.09090909090909091	0.2	11
0.5925925925925926	0.3	27
0.5740740740740741	0.4	54
0.6724137931034483	0.5	116
0.6160714285714286	0.6	112
0.5897435897435898	0.7	117
0.782258064516129	0.8	124
0.8395061728395061	0.9	81
0.7714285714285715	1.0	35
0.3	0.2	10
0.4444444444444444	0.3	36
0.6666666666666666	0.4	60
0.5934065934065934	0.5	91
0.628099173553719	0.6	121
0.6504065040650406	0.7	123
0.7401574803149606	0.8	127
0.8536585365853658	0.9	82
0.8	1.0	30
0.3333333333333333	0.1	3
0.3	0.2	10
0.41025641025641024	0.3	39
0.6666666666666666	0.4	63
0.6	0.5	80
0.6341463414634146	0.6	123
0.6271186440677966	0.7	118
0.7751937984496124	0.8	129
0.8588235294117647	0.9	85
0.7333333333333333	1.0	30
0.0	0.0	1
0.5	0.1	2
0.25	0.2	8
0.5588235294117647	0.3	34
0.5081967213114754	0.4	61
0.7142857142857143	0.5	91
0.6355140186915887	0.6	107
0.6044776119402985	0.7	134
0.7203389830508474	0.8	118
0.8555555555555555	0.9	90
0.8235294117647058	1.0	34
0.0	0.1	2
0.3333333333333333	0.2	6
0.4827586206896552	0.3	29
0.6986301369863014	0.4	73
0.5952380952380952	0.5	84
0.6239316239316239	0.6	117
0.6136363636363636	0.7	132
0.773109243697479	0.8	119
0.8255813953488372	0.9	86
0.71875	1.0	32
0.25	0.1	4
0.1	0.2	10
0.5135135135135135	0.3	37
0.6417910447761194	0.4	67
0.6808510638297872	0.5	94
0.6146788990825688	0.6	109
0.656934306569343	0.7	137
0.72	0.8	100
0.8522727272727273	0.9	88
0.7352941176470589	1.0	34
0.0	0.1	2
0.25	0.2	12
0.5161290322580645	0.3	31
0.6181818181818182	0.4	55
0.6571428571428571	0.5	105
0.5981308411214953	0.6	107
0.6311475409836066	0.7	122
0.7578125	0.8	128
0.8260869565217391	0.9	92
0.8076923076923077	1.0	26
1.0	0.0	1
0.0	0.1	4
0.25	0.2	8
0.55	0.3	40
0.639344262295082	0.4	61
0.6761904761904762	0.5	105
0.5904761904761905	0.6	105
0.625	0.7	128
0.7739130434782608	0.8	115
0.7922077922077922	0.9	77
0.8333333333333334	1.0	36
0.0	0.0	1
0.25	0.1	4
0.3333333333333333	0.2	9
0.5483870967741935	0.3	31
0.6290322580645161	0.4	62
0.6326530612244898	0.5	98
0.5533980582524272	0.6	103
0.6666666666666666	0.7	138
0.7983193277310925	0.8	119
0.7816091954022989	0.9	87
0.8214285714285714	1.0	28
0.0	0.0	2
0.3333333333333333	0.1	3
0.36363636363636365	0.2	11
0.4444444444444444	0.3	36
0.6190476190476191	0.4	63
0.625	0.5	96
0.6495726495726496	0.6	117
0.635593220338983	0.7	118
0.7610619469026548	0.8	113
0.8241758241758241	0.9	91
0.8333333333333334	1.0	30
0.2857142857142857	0.1	7
0.4166666666666667	0.2	12
0.5185185185185185	0.3	27
0.6212121212121212	0.4	66
0.5517241379310345	0.5	87
0.6581196581196581	0.6	117
0.6885245901639344	0.7	122
0.7076923076923077	0.8	130
0.8636363636363636	0.9	88
0.75	1.0	24
0.0	0.1	1
0.3	0.2	10
0.5714285714285714	0.3	35
0.5645161290322581	0.4	62
0.6304347826086957	0.5	92
0.6213592233009708	0.6	103
0.6766917293233082	0.7	133
0.6929133858267716	0.8	127
0.8375	0.9	80
0.8648648648648649	1.0	37
0.3333333333333333	0.1	3
0.125	0.2	8
0.5882352941176471	0.3	34
0.532258064516129	0.4	62
0.6460176991150443	0.5	113
0.6391752577319587	0.6	97
0.6484375	0.7	128
0.7829457364341085	0.8	129
0.7926829268292683	0.9	82
0.75	1.0	24
0.0	0.1	2
0.375	0.2	8
0.48	0.3	25
0.59375	0.4	64
0.6136363636363636	0.5	88
0.6974789915966386	0.6	119
0.6111111111111112	0.7	126
0.7580645161290323	0.8	124
0.7608695652173914	0.9	92
0.8125	1.0	32
0.0	0.0	1
0.5	0.1	2
0.36363636363636365	0.2	11
0.36666666666666664	0.3	30
0.6666666666666666	0.4	60
0.6272727272727273	0.5	110
0.638095238095238	0.6	105
0.5968992248062015	0.7	129
0.7795275590551181	0.8	127
0.8625	0.9	80
0.8	1.0	25
0.0	0.1	2
0.3076923076923077	0.2	13
0.5	0.3	30
0.5757575757575758	0.4	66
0.6739130434782609	0.5	92
0.6532258064516129	0.6	124
0.5897435897435898	0.7	117
0.7542372881355932	0.8	118
0.8651685393258427	0.9	89
0.7586206896551724	1.0	29
0.2	0.1	5
0.4166666666666667	0.2	12
0.43333333333333335	0.3	30
0.6	0.4	65
0.6547619047619048	0.5	84
0.6428571428571429	0.6	112
0.6190476190476191	0.7	126
0.7596899224806202	0.8	129
0.8202247191011236	0.9	89
0.8214285714285714	1.0	28
0.2	0.1	5
0.375	0.2	8
0.4594594594594595	0.3	37
0.65625	0.4	64
0.6601941747572816	0.5	103
0.6050420168067226	0.6	119
0.6610169491525424	0.7	118
0.7391304347826086	0.8	115
0.825	0.9	80
0.8064516129032258	1.0	31
0.0	0.1	2
0.4	0.2	10
0.5	0.3	32
0.5757575757575758	0.4	66
0.6593406593406593	0.5	91
0.6454545454545455	0.6	110
0.6239316239316239	0.7	117
0.7426470588235294	0.8	136
0.8314606741573034	0.9	89
0.7407407407407407	1.0	27
0.0	0.1	2
0.16666666666666666	0.2	12
0.675	0.3	40
0.5915492957746479	0.4	71
0.6153846153846154	0.5	91
0.6403508771929824	0.6	114
0.6349206349206349	0.7	126
0.7542372881355932	0.8	118
0.8481012658227848	0.9	79
0.7777777777777778	1.0	27
0.0	0.1	2
0.18181818181818182	0.2	11
0.5652173913043478	0.3	23
0.6338028169014085	0.4	71
0.5930232558139535	0.5	86
0.6173913043478261	0.6	115
0.6585365853658537	0.7	123
0.7407407407407407	0.8	108
0.7938144329896907	0.9	97
0.8409090909090909	1.0	44
0.0	0.1	2
0.4444444444444444	0.2	9
0.43902439024390244	0.3	41
0.603448275862069	0.4	58
0.6666666666666666	0.5	81
0.6554621848739496	0.6	119
0.6111111111111112	0.7	126
0.7521367521367521	0.8	117
0.8210526315789474	0.9	95
0.78125	1.0	32
0.0	0.0	1
0.0	0.1	3
0.4444444444444444	0.2	18
0.5454545454545454	0.3	44
0.5555555555555556	0.4	63
0.6704545454545454	0.5	88
0.6694214876033058	0.6	121
0.6	0.7	120
0.7899159663865546	0.8	119
0.8157894736842105	0.9	76
0.8148148148148148	1.0	27
0.0	0.1	3
0.5	0.2	8
0.5	0.3	36
0.559322033898305	0.4	59
0.6111111111111112	0.5	90
0.6578947368421053	0.6	114
0.6511627906976745	0.7	129
0.7538461538461538	0.8	130
0.8170731707317073	0.9	82
0.7931034482758621	1.0	29
0.0	0.1	4
0.4444444444444444	0.2	9
0.5116279069767442	0.3	43
0.5	0.4	60
0.7029702970297029	0.5	101
0.65	0.6	120
0.6068376068376068	0.7	117
0.7657657657657657	0.8	111
0.8390804597701149	0.9	87
0.8214285714285714	1.0	28
0.0	0.1	4
0.75	0.2	12
0.4594594594594595	0.3	37
0.5967741935483871	0.4	62
0.6292134831460674	0.5	89
0.65625	0.6	96
0.6384615384615384	0.7	130
0.6896551724137931	0.8	116
0.8333333333333334	0.9	96
0.8421052631578947	1.0	38
0.0	0.0	1
0.3333333333333333	0.1	3
0.3333333333333333	0.2	9
0.4411764705882353	0.3	34
0.6129032258064516	0.4	62
0.6593406593406593	0.5	91
0.63	0.6	100
0.6102941176470589	0.7	136
0.7798165137614679	0.8	109
0.8235294117647058	0.9	102
0.7575757575757576	1.0	33
0.0	0.0	1
0.25	0.1	4
0.4444444444444444	0.2	9
0.34285714285714286	0.3	35
0.6285714285714286	0.4	70
0.6494845360824743	0.5	97
0.6831683168316832	0.6	101
0.6260869565217392	0.7	115
0.7251908396946565	0.8	131
0.8488372093023255	0.9	86
0.7741935483870968	1.0	31
0.0	0.1	1
0.5625	0.2	16
0.47058823529411764	0.3	34
0.6730769230769231	0.4	52
0.5714285714285714	0.5	105
0.6339285714285714	0.6	112
0.6825396825396826	0.7	126
0.7258064516129032	0.8	124
0.85	0.9	80
0.7333333333333333	1.0	30
0.0	0.1	3
0.3333333333333333	0.2	18
0.575	0.3	40
0.6774193548387096	0.4	62
0.5851063829787234	0.5	94
0.6055045871559633	0.6	109
0.6451612903225806	0.7	124
0.773109243697479	0.8	119
0.8536585365853658	0.9	82
0.7931034482758621	1.0	29
0.25	0.1	4
0.14285714285714285	0.2	7
0.40625	0.3	32
0.6027397260273972	0.4	73
0.676056338028169	0.5	71
0.6333333333333333	0.6	120
0.6583333333333333	0.7	120
0.7203389830508474	0.8	118
0.7916666666666666	0.9	96
0.8717948717948718	1.0	39
0.0	0.1	4
0.47058823529411764	0.2	17
0.59375	0.3	32
0.5303030303030303	0.4	66
0.6470588235294118	0.5	85
0.6272727272727273	0.6	110
0.6607142857142857	0.7	112
0.7235772357723578	0.8	123
0.8421052631578947	0.9	95
0.7777777777777778	1.0	36
0.0	0.1	4
0.5714285714285714	0.2	7
0.3939393939393939	0.3	33
0.625	0.4	64
0.6666666666666666	0.5	102
0.6017699115044248	0.6	113
0.6854838709677419	0.7	124
0.7094017094017094	0.8	117
0.8369565217391305	0.9	92
0.7916666666666666	1.0	24
0.0	0.1	3
0.3333333333333333	0.2	9
0.5	0.3	38
0.6507936507936508	0.4	63
0.6666666666666666	0.5	81
0.6129032258064516	0.6	124
0.5909090909090909	0.7	110
0.7380952380952381	0.8	126
0.8461538461538461	0.9	91
0.8285714285714286	1.0	35
0.25	0.1	4
0.45454545454545453	0.2	11
0.5641025641025641	0.3	39
0.5409836065573771	0.4	61
0.6530612244897959	0.5	98
0.6635514018691588	0.6	107
0.5846153846153846	0.7	130
0.7565217391304347	0.8	115
0.8823529411764706	0.9	85
0.7666666666666667	1.0	30
0.2857142857142857	0.1	7
0.3333333333333333	0.2	6
0.47368421052631576	0.3	38
0.6212121212121212	0.4	66
0.64	0.5	100
0.64	0.6	100
0.6209677419354839	0.7	124
0.744	0.8	125
0.8705882352941177	0.9	85
0.7586206896551724	1.0	29
0.25	0.1	4
0.375	0.2	8
0.5185185185185185	0.3	27
0.5483870967741935	0.4	62
0.6666666666666666	0.5	90
0.6666666666666666	0.6	114
0.6363636363636364	0.7	132
0.7327586206896551	0.8	116
0.7941176470588235	0.9	102
0.76	1.0	25
0.0	0.0	1
0.0	0.1	2
0.2222222222222222	0.2	9
0.4166666666666667	0.3	36
0.676056338028169	0.4	71
0.625	0.5	96
0.6442307692307693	0.6	104
0.6532258064516129	0.7	124
0.7456140350877193	0.8	114
0.7978723404255319	0.9	94
0.8275862068965517	1.0	29
0.0	0.1	4
0.4166666666666667	0.2	12
0.4838709677419355	0.3	31
0.603448275862069	0.4	58
0.6039603960396039	0.5	101
0.6697247706422018	0.6	109
0.6147540983606558	0.7	122
0.7603305785123967	0.8	121
0.8181818181818182	0.9	88
0.8529411764705882	1.0	34
0.25	0.1	4
0.36363636363636365	0.2	11
0.5135135135135135	0.3	37
0.6301369863013698	0.4	73
0.5833333333333334	0.5	96
0.6218487394957983	0.6	119
0.6896551724137931	0.7	116
0.7672413793103449	0.8	116
0.8157894736842105	0.9	76
0.8125	1.0	32
0.0	0.1	2
0.3	0.2	10
0.5625	0.3	32
0.5833333333333334	0.4	60
0.6274509803921569	0.5	102
0.652542372881356	0.6	118
0.6201550387596899	0.7	129
0.7543859649122807	0.8	114
0.8554216867469879	0.9	83
0.7666666666666667	1.0	30
0.16666666666666666	0.1	6
0.2857142857142857	0.2	7
0.48484848484848486	0.3	33
0.6206896551724138	0.4	58
0.6521739130434783	0.5	92
0.6513761467889908	0.6	109
0.6	0.7	135
0.7641509433962265	0.8	106
0.8130841121495327	0.9	107
0.8148148148148148	1.0	27
0.25	0.1	4
0.2222222222222222	0.2	9
0.4666666666666667	0.3	30
0.6507936507936508	0.4	63
0.6116504854368932	0.5	103
0.625	0.6	104
0.6475409836065574	0.7	122
0.744	0.8	125
0.8279569892473119	0.9	93
0.8148148148148148	1.0	27
0.0	0.1	5
0.5	0.2	14
0.4444444444444444	0.3	45
0.6724137931034483	0.4	58
0.6530612244897959	0.5	98
0.6198347107438017	0.6	121
0.6283185840707964	0.7	113
0.7909090909090909	0.8	110
0.8333333333333334	0.9	90
0.7307692307692307	1.0	26
0.2857142857142857	0.1	7
0.3333333333333333	0.2	9
0.5135135135135135	0.3	37
0.6027397260273972	0.4	73
0.6526315789473685	0.5	95
0.6521739130434783	0.6	115
0.6639344262295082	0.7	122
0.7272727272727273	0.8	121
0.8552631578947368	0.9	76
0.72	1.0	25
0.0	0.0	1
0.5	0.1	2
0.3333333333333333	0.2	9
0.5185185185185185	0.3	27
0.5555555555555556	0.4	63
0.6326530612244898	0.5	98
0.6491228070175439	0.6	114
0.6225165562913907	0.7	151
0.8141592920353983	0.8	113
0.8076923076923077	0.9	78
0.7916666666666666	1.0	24
0.25	0.1	4
0.38461538461538464	0.2	13
0.48717948717948717	0.3	39
0.6470588235294118	0.4	68
0.6145833333333334	0.5	96
0.6732673267326733	0.6	101
0.6328125	0.7	128
0.7272727272727273	0.8	121
0.8765432098765432	0.9	81
0.7241379310344828	1.0	29
0.25	0.1	4
0.5454545454545454	0.2	11
0.5925925925925926	0.3	27
0.5076923076923077	0.4	65
0.648936170212766	0.5	94
0.6818181818181818	0.6	110
0.6240601503759399	0.7	133
0.7540983606557377	0.8	122
0.788235294117647	0.9	85
0.7931034482758621	1.0	29
0.0	0.1	3
0.5	0.2	18
0.4117647058823529	0.3	34
0.6122448979591837	0.4	49
0.6352941176470588	0.5	85
0.6557377049180327	0.6	122
0.6271186440677966	0.7	118
0.7481481481481481	0.8	135
0.8333333333333334	0.9	90
0.7692307692307693	1.0	26
0.0	0.1	2
0.6	0.2	5
0.4666666666666667	0.3	30
0.6	0.4	70
0.6632653061224489	0.5	98
0.5779816513761468	0.6	109
0.6692913385826772	0.7	127
0.736	0.8	125
0.8125	0.9	80
0.8235294117647058	1.0	34
0.42857142857142855	0.1	7
0.0	0.2	5
0.5476190476190477	0.3	42
0.6086956521739131	0.4	69
0.6823529411764706	0.5	85
0.5871559633027523	0.6	109
0.6153846153846154	0.7	130
0.7844827586206896	0.8	116
0.8255813953488372	0.9	86
0.8064516129032258	1.0	31
0.0	0.0	1
0.0	0.1	1
0.2222222222222222	0.2	9
0.5609756097560976	0.3	41
0.6271186440677966	0.4	59
0.6129032258064516	0.5	93
0.6396396396396397	0.6	111
0.608	0.7	125
0.7704918032786885	0.8	122
0.8275862068965517	0.9	87
0.8064516129032258	1.0	31
0.5	0.1	4
0.2727272727272727	0.2	11
0.46153846153846156	0.3	26
0.576271186440678	0.4	59
0.6288659793814433	0.5	97
0.6538461538461539	0.6	130
0.6037735849056604	0.7	106
0.7727272727272727	0.8	132
0.8181818181818182	0.9	88
0.8148148148148148	1.0	27
0.25	0.1	4
0.2857142857142857	0.2	7
0.5555555555555556	0.3	27
0.5416666666666666	0.4	72
0.6836734693877551	0.5	98
0.6271186440677966	0.6	118
0.6693548387096774	0.7	124
0.7105263157894737	0.8	114
0.8522727272727273	0.9	88
0.7142857142857143	1.0	28
0.25	0.1	4
0.23076923076923078	0.2	13
0.6666666666666666	0.3	39
0.5932203389830508	0.4	59
0.6090909090909091	0.5	110
0.6542056074766355	0.6	107
0.6446280991735537	0.7	121
0.744	0.8	125
0.8571428571428571	0.9	77
0.72	1.0	25
0.0	0.0	1
0.3333333333333333	0.1	3
0.2727272727272727	0.2	11
0.53125	0.3	32
0.5294117647058824	0.4	68
0.7037037037037037	0.5	81
0.625	0.6	120
0.6287878787878788	0.7	132
0.75	0.8	116
0.8651685393258427	0.9	89
0.7777777777777778	1.0	27
0.42857142857142855	0.1	7
0.15384615384615385	0.2	13
0.5641025641025641	0.3	39
0.5606060606060606	0.4	66
0.6888888888888889	0.5	90
0.6460176991150443	0.6	113
0.6290322580645161	0.7	124
0.7457627118644068	0.8	118
0.8522727272727273	0.9	88
0.7727272727272727	1.0	22
0.0	0.1	2
0.6	0.2	10
0.4722222222222222	0.3	36
0.5846153846153846	0.4	65
0.5955056179775281	0.5	89
0.625	0.6	112
0.6793893129770993	0.7	131
0.7435897435897436	0.8	117
0.8222222222222222	0.9	90
0.8214285714285714	1.0	28
0.0	0.1	2
0.3076923076923077	0.2	13
0.5625	0.3	32
0.6	0.4	75
0.5862068965517241	0.5	87
0.6578947368421053	0.6	114
0.6605504587155964	0.7	109
0.7286821705426356	0.8	129
0.8387096774193549	0.9	93
0.7692307692307693	1.0	26
0.4	0.1	5
0.2857142857142857	0.2	7
0.34285714285714286	0.3	35
0.6351351351351351	0.4	74
0.7	0.5	90
0.6	0.6	110
0.6608695652173913	0.7	115
0.7317073170731707	0.8	123
0.8085106382978723	0.9	94
0.8518518518518519	1.0	27
0.0	0.1	2
0.3333333333333333	0.2	12
0.6	0.3	35
0.5357142857142857	0.4	56
0.6235294117647059	0.5	85
0.6515151515151515	0.6	132
0.6106194690265486	0.7	113
0.7642276422764228	0.8	123
0.8494623655913979	0.9	93
0.7241379310344828	1.0	29
0.0	0.1	4
0.36363636363636365	0.2	11
0.6046511627906976	0.3	43
0.59375	0.4	64
0.6274509803921569	0.5	102
0.6347826086956522	0.6	115
0.6229508196721312	0.7	122
0.7899159663865546	0.8	119
0.8309859154929577	0.9	71
0.7931034482758621	1.0	29
0.0	0.0	1
0.0	0.1	2
0.45454545454545453	0.2	11
0.5	0.3	26
0.5625	0.4	64
0.65	0.5	100
0.6355140186915887	0.6	107
0.6115702479338843	0.7	121
0.7751937984496124	0.8	129
0.8043478260869565	0.9	92
0.8148148148148148	1.0	27
0.0	0.0	1
0.0	0.1	1
0.2857142857142857	0.2	14
0.5714285714285714	0.3	42
0.6	0.4	70
0.6813186813186813	0.5	91
0.5877192982456141	0.6	114
0.6864406779661016	0.7	118
0.7258064516129032	0.8	124
0.8552631578947368	0.9	76
0.7586206896551724	1.0	29
0.25	0.1	4
0.5	0.2	6
0.4666666666666667	0.3	30
0.5692307692307692	0.4	65
0.625	0.5	88
0.7105263157894737	0.6	114
0.568	0.7	125
0.7727272727272727	0.8	132
0.8045977011494253	0.9	87
0.7931034482758621	1.0	29
0.0	0.1	3
0.5714285714285714	0.2	14
0.5517241379310345	0.3	29
0.5862068965517241	0.4	58
0.5757575757575758	0.5	99
0.6638655462184874	0.6	119
0.6153846153846154	0.7	117
0.7459016393442623	0.8	122
0.8651685393258427	0.9	89
0.7666666666666667	1.0	30
0.0	0.1	2
0.2222222222222222	0.2	9
0.5277777777777778	0.3	36
0.6268656716417911	0.4	67
0.6451612903225806	0.5	93
0.6068376068376068	0.6	117
0.6140350877192983	0.7	114
0.7727272727272727	0.8	132
0.8375	0.9	80
0.8	1.0	30
0.0	0.1	3
0.4166666666666667	0.2	12
0.5	0.3	30
0.6101694915254238	0.4	59
0.6021505376344086	0.5	93
0.6608695652173913	0.6	115
0.6614173228346457	0.7	127
0.7288135593220338	0.8	118
0.7777777777777778	0.9	90
0.8787878787878788	1.0	33
0.25	0.1	4
0.3333333333333333	0.2	12
0.4375	0.3	32
0.6268656716417911	0.4	67
0.6288659793814433	0.5	97
0.625	0.6	112
0.6666666666666666	0.7	126
0.7692307692307693	0.8	130
0.8227848101265823	0.9	79
0.7619047619047619	1.0	21
0.25	0.1	4
0.38461538461538464	0.2	13
0.5483870967741935	0.3	31
0.6	0.4	60
0.5833333333333334	0.5	108
0.6608695652173913	0.6	115
0.6410256410256411	0.7	117
0.7741935483870968	0.8	124
0.8311688311688312	0.9	77
0.7741935483870968	1.0	31
0.0	0.0	1
0.5	0.1	2
0.3333333333333333	0.2	9
0.5555555555555556	0.3	36
0.6333333333333333	0.4	60
0.5876288659793815	0.5	97
0.5897435897435898	0.6	117
0.672566371681416	0.7	113
0.7553956834532374	0.8	139
0.8607594936708861	0.9	79
0.7407407407407407	1.0	27
0.0	0.1	3
0.3333333333333333	0.2	12
0.4473684210526316	0.3	38
0.6857142857142857	0.4	70
0.632183908045977	0.5	87
0.6140350877192983	0.6	114
0.6333333333333333	0.7	120
0.7631578947368421	0.8	114
0.8111111111111111	0.9	90
0.84375	1.0	32
0.0	0.0	1
0.0	0.1	2
0.3333333333333333	0.2	9
0.4117647058823529	0.3	34
0.6415094339622641	0.4	53
0.6956521739130435	0.5	92
0.5825242718446602	0.6	103
0.6349206349206349	0.7	126
0.7209302325581395	0.8	129
0.8526315789473684	0.9	95
0.7777777777777778	1.0	36
0.0	0.0	1
0.5	0.1	2
0.5	0.2	16
0.4857142857142857	0.3	35
0.6	0.4	70
0.6455696202531646	0.5	79
0.6299212598425197	0.6	127
0.6341463414634146	0.7	123
0.75	0.8	120
0.85	0.9	80
0.8148148148148148	1.0	27
0.25	0.1	4
0.25	0.2	12
0.55	0.3	40
0.6101694915254238	0.4	59
0.6565656565656566	0.5	99
0.63	0.6	100
0.6062992125984252	0.7	127
0.7238095238095238	0.8	105
0.86	0.9	100
0.8235294117647058	1.0	34
0.0	0.0	1
0.3333333333333333	0.1	6
0.2857142857142857	0.2	7
0.5	0.3	34
0.603448275862069	0.4	58
0.6534653465346535	0.5	101
0.6201550387596899	0.6	129
0.6333333333333333	0.7	120
0.7894736842105263	0.8	114
0.8255813953488372	0.9	86
0.75	1.0	24
0.0	0.1	4
0.42857142857142855	0.2	14
0.5102040816326531	0.3	49
0.6101694915254238	0.4	59
0.6464646464646465	0.5	99
0.6944444444444444	0.6	108
0.6136363636363636	0.7	132
0.7522935779816514	0.8	109
0.8533333333333334	0.9	75
0.7741935483870968	1.0	31
0.0	0.1	3
0.42857142857142855	0.2	14
0.45161290322580644	0.3	31
0.6461538461538462	0.4	65
0.625	0.5	112
0.6355140186915887	0.6	107
0.6341463414634146	0.7	123
0.7603305785123967	0.8	121
0.84	0.9	75
0.8275862068965517	1.0	29
0.2	0.1	5
0.5	0.2	16
0.5833333333333334	0.3	36
0.53125	0.4	64
0.6565656565656566	0.5	99
0.631578947368421	0.6	114
0.6554621848739496	0.7	119
0.7383177570093458	0.8	107
0.8351648351648352	0.9	91
0.7931034482758621	1.0	29
0.4	0.1	5
0.3076923076923077	0.2	13
0.5128205128205128	0.3	39
0.6615384615384615	0.4	65
0.6506024096385542	0.5	83
0.6134453781512605	0.6	119
0.6428571428571429	0.7	112
0.7322834645669292	0.8	127
0.8505747126436781	0.9	87
0.7333333333333333	1.0	30
0.0	0.0	1
0.3333333333333333	0.1	3
0.3	0.2	10
0.42857142857142855	0.3	28
0.6129032258064516	0.4	62
0.6707317073170732	0.5	82
0.5630252100840336	0.6	119
0.6460176991150443	0.7	113
0.7786259541984732	0.8	131
0.7959183673469388	0.9	98
0.8484848484848485	1.0	33
0.3333333333333333	0.1	3
0.3333333333333333	0.2	6
0.4827586206896552	0.3	29
0.640625	0.4	64
0.6060606060606061	0.5	99
0.6283185840707964	0.6	113
0.6323529411764706	0.7	136
0.7704918032786885	0.8	122
0.8289473684210527	0.9	76
0.78125	1.0	32
0.0	0.0	1
0.5	0.1	4
0.45454545454545453	0.2	11
0.5172413793103449	0.3	29
0.6031746031746031	0.4	63
0.6021505376344086	0.5	93
0.6476190476190476	0.6	105
0.6439393939393939	0.7	132
0.7480916030534351	0.8	131
0.8026315789473685	0.9	76
0.8285714285714286	1.0	35
0.0	0.1	2
0.2857142857142857	0.2	7
0.59375	0.3	32
0.53125	0.4	64
0.6448598130841121	0.5	107
0.6228070175438597	0.6	114
0.6111111111111112	0.7	126
0.7868852459016393	0.8	122
0.8441558441558441	0.9	77
0.8275862068965517	1.0	29
0.0	0.1	3
0.25	0.2	8
0.5	0.3	32
0.5806451612903226	0.4	62
0.6707317073170732	0.5	82
0.631578947368421	0.6	133
0.6460176991150443	0.7	113
0.7222222222222222	0.8	126
0.8222222222222222	0.9	90
0.8387096774193549	1.0	31
0.2	0.1	5
0.4166666666666667	0.2	12
0.4864864864864865	0.3	37
0.6730769230769231	0.4	52
0.6060606060606061	0.5	99
0.6126126126126126	0.6	111
0.6666666666666666	0.7	132
0.7452830188679245	0.8	106
0.8247422680412371	0.9	97
0.7931034482758621	1.0	29
0.0	0.1	2
0.42857142857142855	0.2	7
0.4857142857142857	0.3	35
0.6086956521739131	0.4	69
0.6145833333333334	0.5	96
0.6698113207547169	0.6	106
0.6046511627906976	0.7	129
0.7586206896551724	0.8	116
0.8260869565217391	0.9	92
0.8214285714285714	1.0	28
0.25	0.1	4
0.25	0.2	8
0.44	0.3	25
0.6140350877192983	0.4	57
0.6415094339622641	0.5	106
0.6160714285714286	0.6	112
0.6016260162601627	0.7	123
0.7878787878787878	0.8	132
0.8352941176470589	0.9	85
0.7857142857142857	1.0	28
0.0	0.0	1
0.0	0.1	3
0.4166666666666667	0.2	12
0.53125	0.3	32
0.5686274509803921	0.4	51
0.6699029126213593	0.5	103
0.5686274509803921	0.6	102
0.6721311475409836	0.7	122
0.7165354330708661	0.8	127
0.8478260869565217	0.9	92
0.8	1.0	35
0.0	0.0	1
0.3333333333333333	0.1	3
0.45454545454545453	0.2	11
0.37037037037037035	0.3	27
0.5573770491803278	0.4	61
0.6705882352941176	0.5	85
0.64	0.6	125
0.631578947368421	0.7	114
0.7542372881355932	0.8	118
0.8316831683168316	0.9	101
0.7352941176470589	1.0	34
0.25	0.1	4
0.38461538461538464	0.2	13
0.47368421052631576	0.3	38
0.640625	0.4	64
0.6067415730337079	0.5	89
0.6601941747572816	0.6	103
0.6666666666666666	0.7	126
0.6946564885496184	0.8	131
0.8823529411764706	0.9	85
0.7407407407407407	1.0	27
0.0	0.1	5
0.625	0.2	8
0.47368421052631576	0.3	38
0.5303030303030303	0.4	66
0.7209302325581395	0.5	86
0.6412213740458015	0.6	131
0.6271186440677966	0.7	118
0.7383177570093458	0.8	107
0.8369565217391305	0.9	92
0.7931034482758621	1.0	29
0.3333333333333333	0.1	6
0.2857142857142857	0.2	7
0.36666666666666664	0.3	30
0.5882352941176471	0.4	68
0.6867469879518072	0.5	83
0.6057692307692307	0.6	104
0.6511627906976745	0.7	129
0.7165354330708661	0.8	127
0.8673469387755102	0.9	98
0.7857142857142857	1.0	28
0.3333333333333333	0.1	3
0.2	0.2	10
0.5428571428571428	0.3	35
0.6197183098591549	0.4	71
0.6122448979591837	0.5	98
0.6410256410256411	0.6	117
0.648	0.7	125
0.7521367521367521	0.8	117
0.8513513513513513	0.9	74
0.8	1.0	30
0.3333333333333333	0.1	6
0.2222222222222222	0.2	9
0.5263157894736842	0.3	38
0.5483870967741935	0.4	62
0.6526315789473685	0.5	95
0.6578947368421053	0.6	114
0.6694214876033058	0.7	121
0.7380952380952381	0.8	126
0.8051948051948052	0.9	77
0.8125	1.0	32
0.0	0.1	3
0.45454545454545453	0.2	11
0.5757575757575758	0.3	33
0.5714285714285714	0.4	77
0.6595744680851063	0.5	94
0.6106870229007634	0.6	131
0.625	0.7	112
0.7889908256880734	0.8	109
0.8205128205128205	0.9	78
0.84375	1.0	32
0.0	0.1	2
0.42857142857142855	0.2	7
0.5	0.3	30
0.5517241379310345	0.4	58
0.6320754716981132	0.5	106
0.6521739130434783	0.6	92
0.6764705882352942	0.7	136
0.6666666666666666	0.8	126
0.8571428571428571	0.9	91
0.8125	1.0	32
0.0	0.0	1
0.5	0.1	6
0.18181818181818182	0.2	11
0.5238095238095238	0.3	42
0.6666666666666666	0.4	51
0.61	0.5	100
0.6697247706422018	0.6	109
0.6511627906976745	0.7	129
0.7479674796747967	0.8	123
0.8292682926829268	0.9	82
0.6923076923076923	1.0	26
0.3333333333333333	0.1	6
0.375	0.2	16
0.6388888888888888	0.3	36
0.5873015873015873	0.4	63
0.6410256410256411	0.5	117
0.6333333333333333	0.6	90
0.6461538461538462	0.7	130
0.7288135593220338	0.8	118
0.8493150684931506	0.9	73
0.8064516129032258	1.0	31
0.5	0.0	2
0.0	0.1	3
0.375	0.2	16
0.5263157894736842	0.3	38
0.5737704918032787	0.4	61
0.696078431372549	0.5	102
0.6074766355140186	0.6	107
0.616	0.7	125
0.7982456140350878	0.8	114
0.8255813953488372	0.9	86
0.7692307692307693	1.0	26
0.0	0.1	2
0.3333333333333333	0.2	12
0.36666666666666664	0.3	30
0.7377049180327869	0.4	61
0.6276595744680851	0.5	94
0.5462184873949579	0.6	119
0.6890756302521008	0.7	119
0.75	0.8	128
0.8387096774193549	0.9	93
0.7727272727272727	1.0	22
0.0	0.1	1
0.3333333333333333	0.2	6
0.5	0.3	40
0.55	0.4	60
0.6831683168316832	0.5	101
0.6115702479338843	0.6	121
0.6410256410256411	0.7	117
0.7578125	0.8	128
0.8205128205128205	0.9	78
0.8214285714285714	1.0	28
0.0	0.0	1
0.0	0.1	2
0.2	0.2	10
0.4864864864864865	0.3	37
0.6764705882352942	0.4	68
0.6413043478260869	0.5	92
0.6638655462184874	0.6	119
0.6239316239316239	0.7	117
0.7368421052631579	0.8	114
0.782608695652174	0.9	92
0.8571428571428571	1.0	28
0.0	0.1	2
0.4166666666666667	0.2	12
0.4166666666666667	0.3	36
0.6101694915254238	0.4	59
0.6666666666666666	0.5	93
0.6637168141592921	0.6	113
0.5846153846153846	0.7	130
0.7777777777777778	0.8	108
0.8163265306122449	0.9	98
0.8275862068965517	1.0	29
0.0	0.1	3
0.36363636363636365	0.2	11
0.5434782608695652	0.3	46
0.532258064516129	0.4	62
0.6764705882352942	0.5	102
0.6355140186915887	0.6	107
0.6554621848739496	0.7	119
0.7666666666666667	0.8	120
0.8072289156626506	0.9	83
0.7777777777777778	1.0	27
0.4	0.1	5
0.25	0.2	12
0.48484848484848486	0.3	33
0.578125	0.4	64
0.6633663366336634	0.5	101
0.6638655462184874	0.6	119
0.6379310344827587	0.7	116
0.71875	0.8	128
0.88	0.9	75
0.7777777777777778	1.0	27
0.0	0.1	3
0.46153846153846156	0.2	13
0.5	0.3	32
0.5625	0.4	64
0.6631578947368421	0.5	95
0.6578947368421053	0.6	114
0.6240601503759399	0.7	133
0.7706422018348624	0.8	109
0.7954545454545454	0.9	88
0.8275862068965517	1.0	29
0.0	0.0	1
0.0	0.1	2
0.3333333333333333	0.2	12
0.5405405405405406	0.3	37
0.6271186440677966	0.4	59
0.6517857142857143	0.5	112
0.6391752577319587	0.6	97
0.6524822695035462	0.7	141
0.7297297297297297	0.8	111
0.8292682926829268	0.9	82
0.7692307692307693	1.0	26
0.0	0.0	1
0.3333333333333333	0.1	3
0.25	0.2	16
0.45714285714285713	0.3	35
0.6938775510204082	0.4	49
0.6067415730337079	0.5	89
0.6363636363636364	0.6	110
0.6535433070866141	0.7	127
0.7345132743362832	0.8	113
0.8415841584158416	0.9	101
0.75	1.0	36
0.0	0.1	3
0.3333333333333333	0.2	12
0.53125	0.3	32
0.5932203389830508	0.4	59
0.6274509803921569	0.5	102
0.6403508771929824	0.6	114
0.6727272727272727	0.7	110
0.7076923076923077	0.8	130
0.8275862068965517	0.9	87
0.8387096774193549	1.0	31
0.0	0.0	1
0.0	0.1	2
0.36363636363636365	0.2	11
0.6153846153846154	0.3	39
0.4745762711864407	0.4	59
0.6846846846846847	0.5	111
0.625	0.6	104
0.626984126984127	0.7	126
0.7661290322580645	0.8	124
0.8461538461538461	0.9	78
0.8	1.0	25
0.3333333333333333	0.1	3
0.3	0.2	10
0.3902439024390244	0.3	41
0.6557377049180327	0.4	61
0.6746987951807228	0.5	83
0.6239316239316239	0.6	117
0.6384615384615384	0.7	130
0.7540983606557377	0.8	122
0.8295454545454546	0.9	88
0.8	1.0	25
0.25	0.1	4
0.25	0.2	8
0.6666666666666666	0.3	30
0.5972222222222222	0.4	72
0.6542056074766355	0.5	107
0.5929203539823009	0.6	113
0.648	0.7	125
0.7222222222222222	0.8	108
0.8395061728395061	0.9	81
0.84375	1.0	32
0.0	0.1	2
0.36363636363636365	0.2	11
0.4117647058823529	0.3	34
0.6290322580645161	0.4	62
0.63	0.5	100
0.6837606837606838	0.6	117
0.6370967741935484	0.7	124
0.7310924369747899	0.8	119
0.8170731707317073	0.9	82
0.8275862068965517	1.0	29
0.0	0.1	2
0.375	0.2	8
0.5384615384615384	0.3	39
0.5806451612903226	0.4	62
0.6470588235294118	0.5	102
0.6229508196721312	0.6	122
0.68	0.7	125
0.7363636363636363	0.8	110
0.8235294117647058	0.9	85
0.76	1.0	25
0.0	0.0	1
0.5	0.1	2
0.36363636363636365	0.2	11
0.45	0.3	40
0.6351351351351351	0.4	74
0.6395348837209303	0.5	86
0.6290322580645161	0.6	124
0.6521739130434783	0.7	115
0.7401574803149606	0.8	127
0.8873239436619719	0.9	71
0.7586206896551724	1.0	29
0.0	0.1	2
0.3333333333333333	0.2	6
0.5405405405405406	0.3	37
0.5789473684210527	0.4	57
0.6288659793814433	0.5	97
0.6386554621848739	0.6	119
0.6165413533834586	0.7	133
0.8018018018018018	0.8	111
0.8021978021978022	0.9	91
0.7777777777777778	1.0	27
0.25	0.1	4
0.125	0.2	8
0.5757575757575758	0.3	33
0.5846153846153846	0.4	65
0.6310679611650486	0.5	103
0.6460176991150443	0.6	113
0.6190476190476191	0.7	126
0.7478991596638656	0.8	119
0.8658536585365854	0.9	82
0.8148148148148148	1.0	27
0.3333333333333333	0.1	6
0.07142857142857142	0.2	14
0.6333333333333333	0.3	30
0.6129032258064516	0.4	62
0.6346153846153846	0.5	104
0.6181818181818182	0.6	110
0.6666666666666666	0.7	120
0.7419354838709677	0.8	124
0.8470588235294118	0.9	85
0.76	1.0	25
0.0	0.1	2
0.3333333333333333	0.2	6
0.46875	0.3	32
0.6296296296296297	0.4	54
0.6354166666666666	0.5	96
0.6134453781512605	0.6	119
0.6528925619834711	0.7	121
0.717741935483871	0.8	124
0.8620689655172413	0.9	87
0.7435897435897436	1.0	39
0.0	0.1	3
0.4444444444444444	0.2	9
0.34615384615384615	0.3	26
0.6376811594202898	0.4	69
0.6375	0.5	80
0.6470588235294118	0.6	119
0.6153846153846154	0.7	130
0.7350427350427351	0.8	117
0.8484848484848485	0.9	99
0.7857142857142857	1.0	28
0.0	0.1	2
0.5	0.2	6
0.4	0.3	25
0.6206896551724138	0.4	58
0.6458333333333334	0.5	96
0.6410256410256411	0.6	117
0.6165413533834586	0.7	133
0.7213114754098361	0.8	122
0.8571428571428571	0.9	91
0.7666666666666667	1.0	30
0.4	0.1	5
0.0	0.2	8
0.4594594594594595	0.3	37
0.65625	0.4	64
0.6702127659574468	0.5	94
0.5739130434782609	0.6	115
0.675	0.7	120
0.7350427350427351	0.8	117
0.8470588235294118	0.9	85
0.8	1.0	35
0.3333333333333333	0.1	3
0.3333333333333333	0.2	6
0.391304347826087	0.3	23
0.5573770491803278	0.4	61
0.62	0.5	100
0.6637931034482759	0.6	116
0.6212121212121212	0.7	132
0.7704918032786885	0.8	122
0.8222222222222222	0.9	90
0.8148148148148148	1.0	27
0.0	0.1	3
0.2857142857142857	0.2	7
0.4358974358974359	0.3	39
0.625	0.4	72
0.6666666666666666	0.5	87
0.603448275862069	0.6	116
0.6484375	0.7	128
0.7757009345794392	0.8	107
0.8202247191011236	0.9	89
0.8125	1.0	32
0.0	0.1	5
0.4	0.2	15
0.5483870967741935	0.3	31
0.6176470588235294	0.4	68
0.6382978723404256	0.5	94
0.6574074074074074	0.6	108
0.6198347107438017	0.7	121
0.7606837606837606	0.8	117
0.8333333333333334	0.9	90
0.7096774193548387	1.0	31
0.2	0.1	5
0.375	0.2	8
0.41935483870967744	0.3	31
0.582089552238806	0.4	67
0.6236559139784946	0.5	93
0.6633663366336634	0.6	101
0.6594202898550725	0.7	138
0.7480916030534351	0.8	131
0.825	0.9	80
0.8076923076923077	1.0	26
0.375	0.1	8
0.16666666666666666	0.2	6
0.5116279069767442	0.3	43
0.6190476190476191	0.4	63
0.625	0.5	88
0.6153846153846154	0.6	117
0.625	0.7	104
0.7902097902097902	0.8	143
0.8148148148148148	0.9	81
0.7777777777777778	1.0	27
0.0	0.1	5
0.5	0.2	14
0.5142857142857142	0.3	35
0.6307692307692307	0.4	65
0.6274509803921569	0.5	102
0.6666666666666666	0.6	120
0.6090909090909091	0.7	110
0.7521367521367521	0.8	117
0.8255813953488372	0.9	86
0.8076923076923077	1.0	26
0.3333333333333333	0.1	3
0.21428571428571427	0.2	14
0.625	0.3	32
0.5925925925925926	0.4	54
0.5714285714285714	0.5	91
0.6605504587155964	0.6	109
0.6335877862595419	0.7	131
0.7596899224806202	0.8	129
0.8390804597701149	0.9	87
0.7666666666666667	1.0	30
0.0	0.1	3
0.4166666666666667	0.2	12
0.5263157894736842	0.3	38
0.6086956521739131	0.4	69
0.6421052631578947	0.5	95
0.6481481481481481	0.6	108
0.6349206349206349	0.7	126
0.7706422018348624	0.8	109
0.7865168539325843	0.9	89
0.8064516129032258	1.0	31
0.0	0.1	3
0.36363636363636365	0.2	11
0.475	0.3	40
0.6349206349206349	0.4	63
0.6451612903225806	0.5	93
0.6532258064516129	0.6	124
0.6460176991150443	0.7	113
0.725	0.8	120
0.8313253012048193	0.9	83
0.8	1.0	30
0.0	0.1	3
0.42857142857142855	0.2	7
0.45652173913043476	0.3	46
0.6071428571428571	0.4	56
0.6555555555555556	0.5	90
0.6637168141592921	0.6	113
0.6268656716417911	0.7	134
0.7407407407407407	0.8	108
0.8539325842696629	0.9	89
0.7352941176470589	1.0	34
0.0	0.1	3
0.2727272727272727	0.2	11
0.5	0.3	32
0.5970149253731343	0.4	67
0.6593406593406593	0.5	91
0.6454545454545455	0.6	110
0.6229508196721312	0.7	122
0.7426470588235294	0.8	136
0.8433734939759037	0.9	83
0.8	1.0	25
0.25	0.1	4
0.3	0.2	10
0.475	0.3	40
0.6333333333333333	0.4	60
0.6285714285714286	0.5	105
0.6363636363636364	0.6	121
0.6460176991150443	0.7	113
0.75	0.8	116
0.8433734939759037	0.9	83
0.8214285714285714	1.0	28
0.2	0.1	5
0.42857142857142855	0.2	7
0.38095238095238093	0.3	42
0.6724137931034483	0.4	58
0.6410256410256411	0.5	78
0.639344262295082	0.6	122
0.656	0.7	125
0.7636363636363637	0.8	110
0.7708333333333334	0.9	96
0.8108108108108109	1.0	37
0.2	0.1	5
0.4	0.2	10
0.4482758620689655	0.3	29
0.6212121212121212	0.4	66
0.632183908045977	0.5	87
0.639344262295082	0.6	122
0.6611570247933884	0.7	121
0.7207207207207207	0.8	111
0.8173076923076923	0.9	104
0.8	1.0	25
0.0	0.1	2
0.25	0.2	8
0.5238095238095238	0.3	42
0.631578947368421	0.4	57
0.5981308411214953	0.5	107
0.6728971962616822	0.6	107
0.6124031007751938	0.7	129
0.7719298245614035	0.8	114
0.8255813953488372	0.9	86
0.8214285714285714	1.0	28
0.25	0.1	4
0.3	0.2	10
0.47619047619047616	0.3	21
0.6031746031746031	0.4	63
0.6162790697674418	0.5	86
0.6440677966101694	0.6	118
0.6299212598425197	0.7	127
0.7153846153846154	0.8	130
0.8777777777777778	0.9	90
0.7741935483870968	1.0	31
0.5	0.1	2
0.2857142857142857	0.2	14
0.5161290322580645	0.3	31
0.5942028985507246	0.4	69
0.6195652173913043	0.5	92
0.6896551724137931	0.6	116
0.628099173553719	0.7	121
0.6964285714285714	0.8	112
0.8541666666666666	0.9	96
0.8148148148148148	1.0	27
0.0	0.0	1
0.0	0.1	1
0.2857142857142857	0.2	14
0.48717948717948717	0.3	39
0.5671641791044776	0.4	67
0.7128712871287128	0.5	101
0.6238532110091743	0.6	109
0.624	0.7	125
0.8016528925619835	0.8	121
0.7974683544303798	0.9	79
0.782608695652174	1.0	23
0.25	0.1	4
0.2	0.2	10
0.5588235294117647	0.3	34
0.6309523809523809	0.4	84
0.6125	0.5	80
0.6260869565217392	0.6	115
0.6218487394957983	0.7	119
0.7890625	0.8	128
0.8214285714285714	0.9	84
0.7727272727272727	1.0	22
0.3333333333333333	0.1	3
0.2222222222222222	0.2	9
0.48484848484848486	0.3	33
0.639344262295082	0.4	61
0.6019417475728155	0.5	103
0.6608695652173913	0.6	115
0.6194690265486725	0.7	113
0.75	0.8	140
0.8513513513513513	0.9	74
0.7931034482758621	1.0	29
0.0	0.0	1
0.0	0.1	3
0.4	0.2	10
0.5588235294117647	0.3	34
0.5972222222222222	0.4	72
0.616822429906542	0.5	107
0.638095238095238	0.6	105
0.6694915254237288	0.7	118
0.7421875	0.8	128
0.8375	0.9	80
0.7727272727272727	1.0	22
0.0	0.0	1
0.0	0.1	1
0.4166666666666667	0.2	12
0.4642857142857143	0.3	28
0.6190476190476191	0.4	63
0.611764705882353	0.5	85
0.6209677419354839	0.6	124
0.664	0.7	125
0.7350427350427351	0.8	117
0.8229166666666666	0.9	96
0.8214285714285714	1.0	28
0.0	0.0	1
0.3333333333333333	0.1	3
0.29411764705882354	0.2	17
0.5526315789473685	0.3	38
0.640625	0.4	64
0.6213592233009708	0.5	103
0.6410256410256411	0.6	117
0.628099173553719	0.7	121
0.7916666666666666	0.8	120
0.828125	0.9	64
0.8125	1.0	32
0.0	0.1	2
0.2222222222222222	0.2	9
0.5384615384615384	0.3	39
0.5555555555555556	0.4	63
0.65625	0.5	96
0.6545454545454545	0.6	110
0.6541353383458647	0.7	133
0.744	0.8	125
0.8227848101265823	0.9	79
0.7916666666666666	1.0	24
0.0	0.0	1
0.0	0.1	2
0.36363636363636365	0.2	11
0.5588235294117647	0.3	34
0.543859649122807	0.4	57
0.696969696969697	0.5	99
0.6018518518518519	0.6	108
0.6444444444444445	0.7	135
0.75	0.8	124
0.8354430379746836	0.9	79
0.7666666666666667	1.0	30
0.2	0.1	5
0.36363636363636365	0.2	11
0.475	0.3	40
0.6363636363636364	0.4	66
0.6333333333333333	0.5	90
0.6513761467889908	0.6	109
0.6183206106870229	0.7	131
0.7767857142857143	0.8	112
0.8588235294117647	0.9	85
0.7096774193548387	1.0	31
0.3333333333333333	0.1	3
0.2222222222222222	0.2	9
0.525	0.3	40
0.6153846153846154	0.4	65
0.6041666666666666	0.5	96
0.6428571428571429	0.6	112
0.6384615384615384	0.7	130
0.7678571428571429	0.8	112
0.8313253012048193	0.9	83
0.8333333333333334	1.0	30
0.0	0.1	2
0.25	0.2	12
0.5217391304347826	0.3	23
0.6515151515151515	0.4	66
0.6063829787234043	0.5	94
0.6545454545454545	0.6	110
0.6194029850746269	0.7	134
0.7786885245901639	0.8	122
0.8	0.9	90
0.7407407407407407	1.0	27
0.0	0.1	3
0.4666666666666667	0.2	15
0.475	0.3	40
0.58	0.4	50
0.65	0.5	100
0.6774193548387096	0.6	93
0.6423357664233577	0.7	137
0.7203389830508474	0.8	118
0.8043478260869565	0.9	92
0.84375	1.0	32
0.0	0.1	5
0.3	0.2	10
0.55	0.3	40
0.5942028985507246	0.4	69
0.6701030927835051	0.5	97
0.6440677966101694	0.6	118
0.6048387096774194	0.7	124
0.7889908256880734	0.8	109
0.8333333333333334	0.9	78
0.8	1.0	30
0.0	0.0	1
0.25	0.1	4
0.46153846153846156	0.2	13
0.45	0.3	40
0.6461538461538462	0.4	65
0.6326530612244898	0.5	98
0.6440677966101694	0.6	118
0.6416666666666667	0.7	120
0.7622950819672131	0.8	122
0.8405797101449275	0.9	69
0.8	1.0	30
0.0	0.1	2
0.2	0.2	10
0.5714285714285714	0.3	35
0.5970149253731343	0.4	67
0.5833333333333334	0.5	96
0.6320754716981132	0.6	106
0.664	0.7	125
0.75	0.8	128
0.8536585365853658	0.9	82
0.7931034482758621	1.0	29
0.25	0.1	4
0.36363636363636365	0.2	11
0.5357142857142857	0.3	28
0.5396825396825397	0.4	63
0.6547619047619048	0.5	84
0.6272727272727273	0.6	110
0.6062992125984252	0.7	127
0.7642276422764228	0.8	123
0.8316831683168316	0.9	101
0.8275862068965517	1.0	29
0.5	0.1	6
0.3	0.2	10
0.5789473684210527	0.3	38
0.5483870967741935	0.4	62
0.6728971962616822	0.5	107
0.5887850467289719	0.6	107
0.6567164179104478	0.7	134
0.75	0.8	108
0.8395061728395061	0.9	81
0.8518518518518519	1.0	27
0.0	0.0	1
0.0	0.1	2
0.3333333333333333	0.2	15
0.5666666666666667	0.3	30
0.6266666666666667	0.4	75
0.6403508771929824	0.5	114
0.6310679611650486	0.6	103
0.652542372881356	0.7	118
0.7603305785123967	0.8	121
0.8026315789473685	0.9	76
0.8	1.0	25
0.0	0.1	6
0.4	0.2	10
0.5405405405405406	0.3	37
0.5921052631578947	0.4	76
0.6804123711340206	0.5	97
0.6181818181818182	0.6	110
0.652542372881356	0.7	118
0.7580645161290323	0.8	124
0.8481012658227848	0.9	79
0.6956521739130435	1.0	23
0.0	0.0	2
0.6666666666666666	0.1	3
0.4	0.2	10
0.47058823529411764	0.3	34
0.5882352941176471	0.4	68
0.6595744680851063	0.5	94
0.6896551724137931	0.6	116
0.5855855855855856	0.7	111
0.7538461538461538	0.8	130
0.8181818181818182	0.9	88
0.75	1.0	24
0.5	0.0	2
0.14285714285714285	0.1	7
0.42857142857142855	0.2	21
0.5	0.3	30
0.6285714285714286	0.4	70
0.625	0.5	88
0.6330275229357798	0.6	109
0.6428571428571429	0.7	126
0.7966101694915254	0.8	118
0.825	0.9	80
0.7586206896551724	1.0	29
0.3333333333333333	0.1	3
0.3333333333333333	0.2	15
0.4838709677419355	0.3	31
0.6491228070175439	0.4	57
0.6385542168674698	0.5	83
0.6585365853658537	0.6	123
0.6183206106870229	0.7	131
0.71900826446281	0.8	121
0.8651685393258427	0.9	89
0.7407407407407407	1.0	27
0.25	0.1	4
0.26666666666666666	0.2	15
0.6190476190476191	0.3	42
0.5774647887323944	0.4	71
0.6736842105263158	0.5	95
0.5842696629213483	0.6	89
0.631578947368421	0.7	133
0.7452830188679245	0.8	106
0.8539325842696629	0.9	89
0.8333333333333334	1.0	36
0.0	0.0	1
0.3333333333333333	0.1	3
0.2727272727272727	0.2	11
0.5142857142857142	0.3	35
0.6212121212121212	0.4	66
0.5851063829787234	0.5	94
0.7192982456140351	0.6	114
0.6015625	0.7	128
0.7570093457943925	0.8	107
0.8222222222222222	0.9	90
0.8064516129032258	1.0	31
0.3333333333333333	0.1	3
0.3333333333333333	0.2	12
0.56	0.3	25
0.5735294117647058	0.4	68
0.5894736842105263	0.5	95
0.7029702970297029	0.6	101
0.5916666666666667	0.7	120
0.7480314960629921	0.8	127
0.8247422680412371	0.9	97
0.8125	1.0	32
0.3333333333333333	0.1	3
0.2857142857142857	0.2	7
0.5	0.3	44
0.6119402985074627	0.4	67
0.6695652173913044	0.5	115
0.6236559139784946	0.6	93
0.6515151515151515	0.7	132
0.7431192660550459	0.8	109
0.8235294117647058	0.9	85
0.76	1.0	25
0.3333333333333333	0.1	3
0.2727272727272727	0.2	11
0.6216216216216216	0.3	37
0.5428571428571428	0.4	70
0.65625	0.5	96
0.6132075471698113	0.6	106
0.6386554621848739	0.7	119
0.7647058823529411	0.8	119
0.8235294117647058	0.9	85
0.7941176470588235	1.0	34
0.2	0.1	5
0.2	0.2	10
0.5294117647058824	0.3	34
0.6470588235294118	0.4	68
0.6435643564356436	0.5	101
0.631578947368421	0.6	114
0.6101694915254238	0.7	118
0.782258064516129	0.8	124
0.8076923076923077	0.9	78
0.8214285714285714	1.0	28
0.0	0.0	3
0.5	0.1	2
0.4444444444444444	0.2	9
0.4090909090909091	0.3	44
0.6666666666666666	0.4	69
0.6744186046511628	0.5	86
0.6229508196721312	0.6	122
0.6238532110091743	0.7	109
0.7589285714285714	0.8	112
0.8351648351648352	0.9	91
0.7575757575757576	1.0	33
0.3333333333333333	0.1	3
0.25	0.2	12
0.5428571428571428	0.3	35
0.5873015873015873	0.4	63
0.6770833333333334	0.5	96
0.6666666666666666	0.6	111
0.5984251968503937	0.7	127
0.725	0.8	120
0.8765432098765432	0.9	81
0.75	1.0	32
0.0	0.0	1
0.0	0.1	3
0.45454545454545453	0.2	11
0.5294117647058824	0.3	34
0.5846153846153846	0.4	65
0.6626506024096386	0.5	83
0.5967741935483871	0.6	124
0.6859504132231405	0.7	121
0.7053571428571429	0.8	112
0.851063829787234	0.9	94
0.78125	1.0	32
0.0	0.1	2
0.3333333333333333	0.2	6
0.5483870967741935	0.3	31
0.5873015873015873	0.4	63
0.6	0.5	85
0.6428571428571429	0.6	126
0.639344262295082	0.7	122
0.7522123893805309	0.8	113
0.8269230769230769	0.9	104
0.7142857142857143	1.0	28
0.0	0.1	3
0.2857142857142857	0.2	7
0.5161290322580645	0.3	31
0.5666666666666667	0.4	60
0.6190476190476191	0.5	84
0.628099173553719	0.6	121
0.6271186440677966	0.7	118
0.7321428571428571	0.8	112
0.8431372549019608	0.9	102
0.8333333333333334	1.0	42
0.0	0.1	3
0.5	0.2	10
0.4666666666666667	0.3	30
0.5217391304347826	0.4	69
0.6875	0.5	96
0.6454545454545455	0.6	110
0.6343283582089553	0.7	134
0.7192982456140351	0.8	114
0.8674698795180723	0.9	83
0.8387096774193549	1.0	31
0.0	0.0	1
0.0	0.1	2
0.4	0.2	10
0.5517241379310345	0.3	29
0.5614035087719298	0.4	57
0.6951219512195121	0.5	82
0.5984251968503937	0.6	127
0.648	0.7	125
0.7543859649122807	0.8	114
0.8173076923076923	0.9	104
0.6896551724137931	1.0	29
0.2	0.1	5
0.3	0.2	10
0.5277777777777778	0.3	36
0.6229508196721312	0.4	61
0.6276595744680851	0.5	94
0.6363636363636364	0.6	110
0.6666666666666666	0.7	132
0.7166666666666667	0.8	120
0.8607594936708861	0.9	79
0.7575757575757576	1.0	33
0.25	0.1	4
0.2	0.2	10
0.42424242424242425	0.3	33
0.6865671641791045	0.4	67
0.6354166666666666	0.5	96
0.6428571428571429	0.6	126
0.6608695652173913	0.7	115
0.7131147540983607	0.8	122
0.8375	0.9	80
0.8148148148148148	1.0	27
0.4	0.1	5
0.0	0.2	8
0.5	0.3	26
0.5806451612903226	0.4	62
0.651685393258427	0.5	89
0.5882352941176471	0.6	119
0.688	0.7	125
0.7372881355932204	0.8	118
0.8349514563106796	0.9	103
0.76	1.0	25
0.3333333333333333	0.1	3
0.2857142857142857	0.2	7
0.5	0.3	28
0.5079365079365079	0.4	63
0.735632183908046	0.5	87
0.625	0.6	112
0.603448275862069	0.7	116
0.7368421052631579	0.8	133
0.8181818181818182	0.9	99
0.78125	1.0	32
0.0	0.0	1
0.5	0.1	2
0.14285714285714285	0.2	7
0.5128205128205128	0.3	39
0.59375	0.4	64
0.611764705882353	0.5	85
0.6434782608695652	0.6	115
0.6693548387096774	0.7	124
0.7053571428571429	0.8	112
0.8279569892473119	0.9	93
0.8421052631578947	1.0	38
0.3333333333333333	0.1	6
0.16666666666666666	0.2	6
0.4878048780487805	0.3	41
0.6268656716417911	0.4	67
0.6559139784946236	0.5	93
0.5980392156862745	0.6	102
0.6422018348623854	0.7	109
0.7456140350877193	0.8	114
0.8055555555555556	0.9	108
0.8235294117647058	1.0	34
0.0	0.1	3
0.45454545454545453	0.2	11
0.48	0.3	25
0.6031746031746031	0.4	63
0.6	0.5	90
0.6869565217391305	0.6	115
0.6015037593984962	0.7	133
0.7777777777777778	0.8	117
0.7938144329896907	0.9	97
0.8076923076923077	1.0	26
0.2	0.1	5
0.46153846153846156	0.2	13
0.38461538461538464	0.3	26
0.6388888888888888	0.4	72
0.6111111111111112	0.5	90
0.6481481481481481	0.6	108
0.6335877862595419	0.7	131
0.746031746031746	0.8	126
0.8552631578947368	0.9	76
0.8181818181818182	1.0	33
0.0	0.1	3
0.5	0.2	6
0.4117647058823529	0.3	34
0.6891891891891891	0.4	74
0.6105263157894737	0.5	95
0.5943396226415094	0.6	106
0.6333333333333333	0.7	120
0.7807017543859649	0.8	114
0.8064516129032258	0.9	93
0.8	1.0	35
0.0	0.1	4
0.5	0.2	14
0.53125	0.3	32
0.5517241379310345	0.4	58
0.6785714285714286	0.5	84
0.6230769230769231	0.6	130
0.6578947368421053	0.7	114
0.7304347826086957	0.8	115
0.7912087912087912	0.9	91
0.8421052631578947	1.0	38
0.25	0.1	4
0.16666666666666666	0.2	6
0.4827586206896552	0.3	29
0.6290322580645161	0.4	62
0.65625	0.5	96
0.5982905982905983	0.6	117
0.6639344262295082	0.7	122
0.7175572519083969	0.8	131
0.8554216867469879	0.9	83
0.7666666666666667	1.0	30
0.0	0.1	2
0.25	0.2	8
0.4782608695652174	0.3	46
0.6666666666666666	0.4	66
0.5697674418604651	0.5	86
0.672566371681416	0.6	113
0.6259541984732825	0.7	131
0.75	0.8	108
0.8586956521739131	0.9	92
0.7857142857142857	1.0	28
0.0	0.1	1
0.3076923076923077	0.2	13
0.6153846153846154	0.3	26
0.5692307692307692	0.4	65
0.6428571428571429	0.5	112
0.6186440677966102	0.6	118
0.6134453781512605	0.7	119
0.776	0.8	125
0.8783783783783784	0.9	74
0.7407407407407407	1.0	27
0.5	0.1	6
0.1	0.2	10
0.6428571428571429	0.3	28
0.5694444444444444	0.4	72
0.6555555555555556	0.5	90
0.5961538461538461	0.6	104
0.656	0.7	125
0.7053571428571429	0.8	112
0.8415841584158416	0.9	101
0.84375	1.0	32
0.0	0.0	1
0.3333333333333333	0.1	3
0.38461538461538464	0.2	13
0.45	0.3	40
0.640625	0.4	64
0.6185567010309279	0.5	97
0.6347826086956522	0.6	115
0.6829268292682927	0.7	123
0.7522935779816514	0.8	109
0.8160919540229885	0.9	87
0.7857142857142857	1.0	28
0.5	0.1	4
0.2857142857142857	0.2	7
0.4722222222222222	0.3	36
0.6507936507936508	0.4	63
0.6304347826086957	0.5	92
0.6115702479338843	0.6	121
0.6495726495726496	0.7	117
0.753968253968254	0.8	126
0.8235294117647058	0.9	85
0.7586206896551724	1.0	29
0.2	0.1	5
0.16666666666666666	0.2	6
0.5806451612903226	0.3	31
0.6031746031746031	0.4	63
0.6176470588235294	0.5	102
0.584	0.6	125
0.7094017094017094	0.7	117
0.7256637168141593	0.8	113
0.8409090909090909	0.9	88
0.8	1.0	30
0.0	0.0	1
0.3333333333333333	0.1	3
0.14285714285714285	0.2	7
0.6578947368421053	0.3	38
0.5428571428571428	0.4	70
0.6435643564356436	0.5	101
0.6428571428571429	0.6	112
0.6416666666666667	0.7	120
0.7622950819672131	0.8	122
0.8148148148148148	0.9	81
0.76	1.0	25
0.0	0.1	2
0.4166666666666667	0.2	12
0.4642857142857143	0.3	28
0.578125	0.4	64
0.693069306930693	0.5	101
0.5798319327731093	0.6	119
0.6461538461538462	0.7	130
0.7766990291262136	0.8	103
0.8404255319148937	0.9	94
0.7407407407407407	1.0	27
0.2	0.1	5
0.4	0.2	15
0.5333333333333333	0.3	30
0.6140350877192983	0.4	57
0.5841584158415841	0.5	101
0.6982758620689655	0.6	116
0.6171875	0.7	128
0.7542372881355932	0.8	118
0.8372093023255814	0.9	86
0.7916666666666666	1.0	24
0.5	0.1	2
0.14285714285714285	0.2	7
0.5	0.3	38
0.6	0.4	70
0.6836734693877551	0.5	98
0.6181818181818182	0.6	110
0.6504065040650406	0.7	123
0.7459016393442623	0.8	122
0.8192771084337349	0.9	83
0.7407407407407407	1.0	27
0.0	0.0	1
0.3333333333333333	0.1	3
0.5454545454545454	0.2	11
0.32	0.3	25
0.6451612903225806	0.4	62
0.5922330097087378	0.5	103
0.6111111111111112	0.6	108
0.7086614173228346	0.7	127
0.7310924369747899	0.8	119
0.8202247191011236	0.9	89
0.78125	1.0	32
0.0	0.1	3
0.2727272727272727	0.2	11
0.5806451612903226	0.3	31
0.6349206349206349	0.4	63
0.5681818181818182	0.5	88
0.6491228070175439	0.6	114
0.6484375	0.7	128
0.7520661157024794	0.8	121
0.813953488372093	0.9	86
0.8	1.0	35
0.0	0.0	1
0.3333333333333333	0.1	3
0.2	0.2	10
0.5428571428571428	0.3	35
0.6307692307692307	0.4	65
0.6022727272727273	0.5	88
0.6470588235294118	0.6	119
0.6466165413533834	0.7	133
0.7563025210084033	0.8	119
0.8395061728395061	0.9	81
0.7692307692307693	1.0	26
0.0	0.1	3
0.4166666666666667	0.2	12
0.4	0.3	30
0.6865671641791045	0.4	67
0.6057692307692307	0.5	104
0.6639344262295082	0.6	122
0.6036036036036037	0.7	111
0.7457627118644068	0.8	118
0.8705882352941177	0.9	85
0.75	1.0	28
0.3333333333333333	0.1	6
0.38461538461538464	0.2	13
0.575	0.3	40
0.5967741935483871	0.4	62
0.6407766990291263	0.5	103
0.6111111111111112	0.6	108
0.6434782608695652	0.7	115
0.7734375	0.8	128
0.8125	0.9	80
0.8	1.0	25
0.0	0.1	2
0.35714285714285715	0.2	14
0.4857142857142857	0.3	35
0.6	0.4	55
0.6455696202531646	0.5	79
0.6509433962264151	0.6	106
0.6541353383458647	0.7	133
0.704	0.8	125
0.8235294117647058	0.9	102
0.7931034482758621	1.0	29
0.4	0.1	5
0.5555555555555556	0.2	9
0.35294117647058826	0.3	34
0.6052631578947368	0.4	76
0.6630434782608695	0.5	92
0.5918367346938775	0.6	98
0.6875	0.7	128
0.7301587301587301	0.8	126
0.8488372093023255	0.9	86
0.7692307692307693	1.0	26
0.0	0.1	3
0.375	0.2	8
0.5428571428571428	0.3	35
0.5846153846153846	0.4	65
0.6363636363636364	0.5	88
0.6181818181818182	0.6	110
0.647887323943662	0.7	142
0.7583333333333333	0.8	120
0.8395061728395061	0.9	81
0.7857142857142857	1.0	28
0.0	0.1	3
0.5	0.2	6
0.34615384615384615	0.3	26
0.6129032258064516	0.4	62
0.6	0.5	95
0.6448598130841121	0.6	107
0.6492537313432836	0.7	134
0.768	0.8	125
0.8095238095238095	0.9	84
0.7894736842105263	1.0	38
0.2	0.1	5
0.3333333333333333	0.2	9
0.5675675675675675	0.3	37
0.5606060606060606	0.4	66
0.6304347826086957	0.5	92
0.672	0.6	125
0.6194690265486725	0.7	113
0.7586206896551724	0.8	116
0.8152173913043478	0.9	92
0.8	1.0	25
0.0	0.0	1
0.3333333333333333	0.1	3
0.4	0.2	5
0.4634146341463415	0.3	41
0.609375	0.4	64
0.6862745098039216	0.5	102
0.6095238095238096	0.6	105
0.640625	0.7	128
0.7416666666666667	0.8	120
0.8271604938271605	0.9	81
0.8	1.0	30
0.0	0.0	1
0.5	0.1	2
0.38461538461538464	0.2	13
0.47368421052631576	0.3	38
0.6818181818181818	0.4	66
0.5542168674698795	0.5	83
0.6666666666666666	0.6	123
0.6434108527131783	0.7	129
0.7363636363636363	0.8	110
0.8539325842696629	0.9	89
0.7692307692307693	1.0	26
0.0	0.1	3
0.3333333333333333	0.2	6
0.5333333333333333	0.3	30
0.559322033898305	0.4	59
0.6145833333333334	0.5	96
0.6090909090909091	0.6	110
0.6290322580645161	0.7	124
0.7461538461538462	0.8	130
0.8735632183908046	0.9	87
0.8285714285714286	1.0	35
0.0	0.1	2
0.45454545454545453	0.2	11
0.5483870967741935	0.3	31
0.5538461538461539	0.4	65
0.6326530612244898	0.5	98
0.6288659793814433	0.6	97
0.6541353383458647	0.7	133
0.7477477477477478	0.8	111
0.8085106382978723	0.9	94
0.7894736842105263	1.0	38
0.0	0.1	2
0.375	0.2	16
0.6486486486486487	0.3	37
0.5178571428571429	0.4	56
0.5961538461538461	0.5	104
0.67	0.6	100
0.6475409836065574	0.7	122
0.7560975609756098	0.8	123
0.8023255813953488	0.9	86
0.8235294117647058	1.0	34
0.25	0.1	4
0.46153846153846156	0.2	13
0.4411764705882353	0.3	34
0.6274509803921569	0.4	51
0.6346153846153846	0.5	104
0.6226415094339622	0.6	106
0.6535433070866141	0.7	127
0.732824427480916	0.8	131
0.8588235294117647	0.9	85
0.76	1.0	25
0.14285714285714285	0.1	7
0.625	0.2	8
0.40625	0.3	32
0.6666666666666666	0.4	66
0.6391752577319587	0.5	97
0.6333333333333333	0.6	120
0.6206896551724138	0.7	116
0.746031746031746	0.8	126
0.8571428571428571	0.9	77
0.7741935483870968	1.0	31
0.2	0.1	5
0.4	0.2	10
0.4666666666666667	0.3	30
0.6533333333333333	0.4	75
0.6020408163265306	0.5	98
0.6923076923076923	0.6	104
0.5737704918032787	0.7	122
0.7522935779816514	0.8	109
0.8556701030927835	0.9	97
0.7666666666666667	1.0	30
0.0	0.1	2
0.35714285714285715	0.2	14
0.46938775510204084	0.3	49
0.6451612903225806	0.4	62
0.6428571428571429	0.5	84
0.6574074074074074	0.6	108
0.640625	0.7	128
0.7522123893805309	0.8	113
0.8191489361702128	0.9	94
0.7692307692307693	1.0	26
0.0	0.0	1
0.0	0.1	2
0.3333333333333333	0.2	12
0.5172413793103449	0.3	29
0.6268656716417911	0.4	67
0.5591397849462365	0.5	93
0.6486486486486487	0.6	111
0.6186440677966102	0.7	118
0.8046875	0.8	128
0.7831325301204819	0.9	83
0.8611111111111112	1.0	36
0.25	0.1	4
0.42857142857142855	0.2	7
0.3448275862068966	0.3	29
0.6349206349206349	0.4	63
0.6213592233009708	0.5	103
0.6206896551724138	0.6	116
0.6752136752136753	0.7	117
0.7478991596638656	0.8	119
0.8045977011494253	0.9	87
0.8285714285714286	1.0	35
0.25	0.1	4
0.2222222222222222	0.2	9
0.6470588235294118	0.3	34
0.5416666666666666	0.4	72
0.6481481481481481	0.5	108
0.6296296296296297	0.6	108
0.6507936507936508	0.7	126
0.7457627118644068	0.8	118
0.8518518518518519	0.9	81
0.8	1.0	20
0.0	0.1	3
0.45454545454545453	0.2	11
0.48484848484848486	0.3	33
0.6231884057971014	0.4	69
0.6521739130434783	0.5	92
0.6173913043478261	0.6	115
0.6554621848739496	0.7	119
0.7264150943396226	0.8	106
0.8316831683168316	0.9	101
0.7419354838709677	1.0	31
0.0	0.1	3
0.4444444444444444	0.2	9
0.3888888888888889	0.3	36
0.6842105263157895	0.4	76
0.625	0.5	88
0.6201550387596899	0.6	129
0.6752136752136753	0.7	117
0.75	0.8	120
0.8354430379746836	0.9	79
0.7391304347826086	1.0	23
0.3333333333333333	0.1	3
0.375	0.2	16
0.40540540540540543	0.3	37
0.6417910447761194	0.4	67
0.6428571428571429	0.5	98
0.6610169491525424	0.6	118
0.5948275862068966	0.7	116
0.7714285714285715	0.8	105
0.8372093023255814	0.9	86
0.8529411764705882	1.0	34
0.25	0.1	4
0.3333333333333333	0.2	3
0.48	0.3	25
0.6206896551724138	0.4	58
0.6288659793814433	0.5	97
0.6410256410256411	0.6	117
0.6148148148148148	0.7	135
0.7416666666666667	0.8	120
0.8160919540229885	0.9	87
0.8235294117647058	1.0	34
0.0	0.1	4
0.5	0.2	16
0.5806451612903226	0.3	31
0.5555555555555556	0.4	63
0.6285714285714286	0.5	105
0.6517857142857143	0.6	112
0.6328125	0.7	128
0.7636363636363637	0.8	110
0.8414634146341463	0.9	82
0.7931034482758621	1.0	29
0.0	0.1	2
0.3333333333333333	0.2	12
0.5675675675675675	0.3	37
0.625	0.4	64
0.638095238095238	0.5	105
0.6065573770491803	0.6	122
0.6363636363636364	0.7	110
0.782608695652174	0.8	115
0.8117647058823529	0.9	85
0.7857142857142857	1.0	28
0.0	0.1	2
0.375	0.2	8
0.4473684210526316	0.3	38
0.6133333333333333	0.4	75
0.6067415730337079	0.5	89
0.6346153846153846	0.6	104
0.6641221374045801	0.7	131
0.7606837606837606	0.8	117
0.813953488372093	0.9	86
0.8333333333333334	1.0	30
0.5	0.1	2
0.2857142857142857	0.2	7
0.5652173913043478	0.3	23
0.52	0.4	50
0.6976744186046512	0.5	86
0.5806451612903226	0.6	124
0.6492537313432836	0.7	134
0.7322834645669292	0.8	127
0.8020833333333334	0.9	96
0.8387096774193549	1.0	31
0.3333333333333333	0.1	3
0.4444444444444444	0.2	9
0.4375	0.3	32
0.6231884057971014	0.4	69
0.6888888888888889	0.5	90
0.6017699115044248	0.6	113
0.6213592233009708	0.7	103
0.7142857142857143	0.8	126
0.8064516129032258	0.9	93
0.8571428571428571	1.0	42
0.0	0.1	3
0.4	0.2	10
0.5531914893617021	0.3	47
0.6	0.4	65
0.6477272727272727	0.5	88
0.6379310344827587	0.6	116
0.6302521008403361	0.7	119
0.7704918032786885	0.8	122
0.8271604938271605	0.9	81
0.7241379310344828	1.0	29
0.0	0.0	1
0.0	0.1	2
0.26666666666666666	0.2	15
0.6785714285714286	0.3	28
0.5652173913043478	0.4	69
0.6020408163265306	0.5	98
0.6761904761904762	0.6	105
0.6417910447761194	0.7	134
0.7622950819672131	0.8	122
0.8148148148148148	0.9	81
0.8	1.0	25
0.2	0.1	5
0.3333333333333333	0.2	6
0.5151515151515151	0.3	33
0.6285714285714286	0.4	70
0.6185567010309279	0.5	97
0.6194690265486725	0.6	113
0.6589147286821705	0.7	129
0.7592592592592593	0.8	108
0.8105263157894737	0.9	95
0.7916666666666666	1.0	24
0.0	0.0	1
0.0	0.1	3
0.36363636363636365	0.2	11
0.4473684210526316	0.3	38
0.6129032258064516	0.4	62
0.6436781609195402	0.5	87
0.6277372262773723	0.6	137
0.6551724137931034	0.7	116
0.7966101694915254	0.8	118
0.8192771084337349	0.9	83
0.75	1.0	24
0.2	0.1	5
0.2222222222222222	0.2	9
0.5588235294117647	0.3	34
0.5614035087719298	0.4	57
0.6494845360824743	0.5	97
0.646551724137931	0.6	116
0.625	0.7	120
0.7518796992481203	0.8	133
0.8518518518518519	0.9	81
0.75	1.0	28
0.25	0.1	4
0.2222222222222222	0.2	9
0.5294117647058824	0.3	34
0.639344262295082	0.4	61
0.594059405940594	0.5	101
0.6415094339622641	0.6	106
0.6470588235294118	0.7	136
0.743801652892562	0.8	121
0.8641975308641975	0.9	81
0.7777777777777778	1.0	27
0.0	0.1	2
0.38461538461538464	0.2	13
0.5	0.3	36
0.5714285714285714	0.4	70
0.6666666666666666	0.5	90
0.6605504587155964	0.6	109
0.625	0.7	120
0.719626168224299	0.8	107
0.8478260869565217	0.9	92
0.7804878048780488	1.0	41
0.2	0.1	5
0.25	0.2	12
0.5625	0.3	32
0.5344827586206896	0.4	58
0.6631578947368421	0.5	95
0.664179104477612	0.6	134
0.6260162601626016	0.7	123
0.7327586206896551	0.8	116
0.8888888888888888	0.9	81
0.75	1.0	24
0.0	0.1	3
0.5333333333333333	0.2	15
0.4523809523809524	0.3	42
0.55	0.4	60
0.7142857142857143	0.5	98
0.6310679611650486	0.6	103
0.6377952755905512	0.7	127
0.7079646017699115	0.8	113
0.8395061728395061	0.9	81
0.868421052631579	1.0	38
0.0	0.1	3
0.375	0.2	8
0.40540540540540543	0.3	37
0.7	0.4	60
0.6224489795918368	0.5	98
0.6146788990825688	0.6	109
0.6384615384615384	0.7	130
0.7563025210084033	0.8	119
0.8390804597701149	0.9	87
0.7931034482758621	1.0	29
0.25	0.1	4
0.3333333333333333	0.2	9
0.4594594594594595	0.3	37
0.6	0.4	50
0.6436781609195402	0.5	87
0.6428571428571429	0.6	126
0.6544117647058824	0.7	136
0.7672413793103449	0.8	116
0.7976190476190477	0.9	84
0.7741935483870968	1.0	31
0.0	0.1	3
0.18181818181818182	0.2	11
0.625	0.3	32
0.5846153846153846	0.4	65
0.6666666666666666	0.5	90
0.6260869565217392	0.6	115
0.6147540983606558	0.7	122
0.7521367521367521	0.8	117
0.8333333333333334	0.9	90
0.7714285714285715	1.0	35
0.2	0.1	5
0.35714285714285715	0.2	14
0.4827586206896552	0.3	29
0.6	0.4	65
0.6236559139784946	0.5	93
0.69	0.6	100
0.6165413533834586	0.7	133
0.7441860465116279	0.8	129
0.8292682926829268	0.9	82
0.8333333333333334	1.0	30
0.0	0.1	3
0.2857142857142857	0.2	14
0.55	0.3	40
0.5689655172413793	0.4	58
0.6914893617021277	0.5	94
0.6201550387596899	0.6	129
0.6470588235294118	0.7	102
0.7419354838709677	0.8	124
0.8148148148148148	0.9	81
0.8285714285714286	1.0	35
0.0	0.0	1
0.25	0.1	4
0.3333333333333333	0.2	12
0.5277777777777778	0.3	36
0.6153846153846154	0.4	65
0.6352941176470588	0.5	85
0.6434782608695652	0.6	115
0.6111111111111112	0.7	126
0.75	0.8	104
0.85	0.9	100
0.78125	1.0	32
0.3333333333333333	0.1	6
0.3	0.2	10
0.4444444444444444	0.3	36
0.6515151515151515	0.4	66
0.6632653061224489	0.5	98
0.6050420168067226	0.6	119
0.6446280991735537	0.7	121
0.7387387387387387	0.8	111
0.8764044943820225	0.9	89
0.75	1.0	24
0.3333333333333333	0.1	3
0.3333333333333333	0.2	3
0.5416666666666666	0.3	24
0.5384615384615384	0.4	65
0.632183908045977	0.5	87
0.6356589147286822	0.6	129
0.6747967479674797	0.7	123
0.7258064516129032	0.8	124
0.776595744680851	0.9	94
0.8571428571428571	1.0	28
0.0	0.0	1
0.25	0.1	4
0.2727272727272727	0.2	11
0.48484848484848486	0.3	33
0.6515151515151515	0.4	66
0.6530612244897959	0.5	98
0.6186440677966102	0.6	118
0.6141732283464567	0.7	127
0.8034188034188035	0.8	117
0.8148148148148148	0.9	81
0.7916666666666666	1.0	24
0.0	0.1	3
0.3157894736842105	0.2	19
0.75	0.3	24
0.5384615384615384	0.4	65
0.6629213483146067	0.5	89
0.6194690265486725	0.6	113
0.626984126984127	0.7	126
0.7387387387387387	0.8	111
0.8556701030927835	0.9	97
0.7575757575757576	1.0	33
0.25	0.1	4
0.18181818181818182	0.2	11
0.5384615384615384	0.3	26
0.5641025641025641	0.4	78
0.6266666666666667	0.5	75
0.64	0.6	125
0.6810344827586207	0.7	116
0.7079646017699115	0.8	113
0.8571428571428571	0.9	98
0.7647058823529411	1.0	34
0.0	0.1	3
0.2857142857142857	0.2	7
0.5	0.3	24
0.6363636363636364	0.4	77
0.6219512195121951	0.5	82
0.6076923076923076	0.6	130
0.6428571428571429	0.7	112
0.762589928057554	0.8	139
0.825	0.9	80
0.7692307692307693	1.0	26
0.4	0.1	5
0.4166666666666667	0.2	12
0.4642857142857143	0.3	28
0.6440677966101694	0.4	59
0.6304347826086957	0.5	92
0.5813953488372093	0.6	129
0.6581196581196581	0.7	117
0.776	0.8	125
0.8222222222222222	0.9	90
0.782608695652174	1.0	23
0.0	0.1	4
0.3333333333333333	0.2	9
0.41935483870967744	0.3	31
0.7307692307692307	0.4	52
0.5612244897959183	0.5	98
0.6610169491525424	0.6	118
0.6302521008403361	0.7	119
0.7709923664122137	0.8	131
0.813953488372093	0.9	86
0.75	1.0	32
0.0	0.1	4
0.4	0.2	10
0.45714285714285713	0.3	35
0.6166666666666667	0.4	60
0.6814159292035398	0.5	113
0.5963302752293578	0.6	109
0.6349206349206349	0.7	126
0.7627118644067796	0.8	118
0.8356164383561644	0.9	73
0.84375	1.0	32
0.0	0.1	3
0.36363636363636365	0.2	11
0.5	0.3	34
0.5866666666666667	0.4	75
0.6593406593406593	0.5	91
0.6190476190476191	0.6	105
0.6666666666666666	0.7	126
0.7333333333333333	0.8	120
0.8295454545454546	0.9	88
0.8148148148148148	1.0	27
